ISO-10303-21;
HEADER;
FILE_DESCRIPTION((''),'2;1');
FILE_NAME('C61036-A0263-C140-01-7606','2018-05-16T',('ec7121'),(''),
'PRO/ENGINEER BY PARAMETRIC TECHNOLOGY CORPORATION, 2014000',
'PRO/ENGINEER BY PARAMETRIC TECHNOLOGY CORPORATION, 2014000','');
FILE_SCHEMA(('CONFIG_CONTROL_DESIGN'));
ENDSEC;
DATA;
#1=DIRECTION('',(0.E0,0.E0,-1.E0));
#2=VECTOR('',#1,3.3E0);
#3=CARTESIAN_POINT('',(-1.576326980708E0,0.E0,1.09E1));
#4=LINE('',#3,#2);
#5=DIRECTION('',(-1.E0,0.E0,0.E0));
#6=VECTOR('',#5,3.152653961417E0);
#7=CARTESIAN_POINT('',(1.576326980708E0,0.E0,7.6E0));
#8=LINE('',#7,#6);
#9=DIRECTION('',(0.E0,0.E0,-1.E0));
#10=VECTOR('',#9,3.3E0);
#11=CARTESIAN_POINT('',(1.576326980708E0,0.E0,1.09E1));
#12=LINE('',#11,#10);
#13=DIRECTION('',(1.E0,0.E0,0.E0));
#14=VECTOR('',#13,5.523673019292E0);
#15=CARTESIAN_POINT('',(1.576326980708E0,0.E0,1.09E1));
#16=LINE('',#15,#14);
#17=DIRECTION('',(0.E0,0.E0,-1.E0));
#18=VECTOR('',#17,2.02E1);
#19=CARTESIAN_POINT('',(7.9E0,0.E0,1.01E1));
#20=LINE('',#19,#18);
#21=DIRECTION('',(-1.E0,0.E0,0.E0));
#22=VECTOR('',#21,5.523673019292E0);
#23=CARTESIAN_POINT('',(7.1E0,0.E0,-1.09E1));
#24=LINE('',#23,#22);
#25=DIRECTION('',(0.E0,0.E0,1.E0));
#26=VECTOR('',#25,3.3E0);
#27=CARTESIAN_POINT('',(1.576326980708E0,0.E0,-1.09E1));
#28=LINE('',#27,#26);
#29=DIRECTION('',(1.E0,0.E0,0.E0));
#30=VECTOR('',#29,3.152653961417E0);
#31=CARTESIAN_POINT('',(-1.576326980708E0,0.E0,-7.6E0));
#32=LINE('',#31,#30);
#33=DIRECTION('',(0.E0,0.E0,1.E0));
#34=VECTOR('',#33,3.3E0);
#35=CARTESIAN_POINT('',(-1.576326980708E0,0.E0,-1.09E1));
#36=LINE('',#35,#34);
#37=DIRECTION('',(-1.E0,0.E0,0.E0));
#38=VECTOR('',#37,5.523673019292E0);
#39=CARTESIAN_POINT('',(-1.576326980708E0,0.E0,-1.09E1));
#40=LINE('',#39,#38);
#41=DIRECTION('',(0.E0,0.E0,1.E0));
#42=VECTOR('',#41,2.02E1);
#43=CARTESIAN_POINT('',(-7.9E0,0.E0,-1.01E1));
#44=LINE('',#43,#42);
#45=DIRECTION('',(1.E0,0.E0,0.E0));
#46=VECTOR('',#45,5.523673019292E0);
#47=CARTESIAN_POINT('',(-7.1E0,0.E0,1.09E1));
#48=LINE('',#47,#46);
#49=CARTESIAN_POINT('',(-1.4E0,1.E0,8.6E0));
#50=CARTESIAN_POINT('',(-1.4E0,1.E0,8.558011945586E0));
#51=CARTESIAN_POINT('',(-1.400915436136E0,9.948083036866E-1,8.479307623355E0));
#52=CARTESIAN_POINT('',(-1.404285209934E0,9.756973668090E-1,8.372749213995E0));
#53=CARTESIAN_POINT('',(-1.409247851852E0,9.475528259221E-1,8.275363766548E0));
#54=CARTESIAN_POINT('',(-1.417658534576E0,8.998534738964E-1,8.155846740308E0));
#55=CARTESIAN_POINT('',(-1.431114809246E0,8.235391480019E-1,8.023398065618E0));
#56=CARTESIAN_POINT('',(-1.451285301982E0,7.091465992556E-1,7.887626977330E0));
#57=CARTESIAN_POINT('',(-1.475292844583E0,5.729930593684E-1,7.773952578549E0));
#58=CARTESIAN_POINT('',(-1.503311284781E0,4.140925888581E-1,7.683376018460E0));
#59=CARTESIAN_POINT('',(-1.530498519448E0,2.599061191661E-1,7.630000790907E0));
#60=CARTESIAN_POINT('',(-1.555328243784E0,1.190897549530E-1,7.605037256861E0));
#61=CARTESIAN_POINT('',(-1.569035831576E0,4.135016152109E-2,7.6E0));
#62=CARTESIAN_POINT('',(-1.576326980708E0,0.E0,7.6E0));
#64=DIRECTION('',(0.E0,0.E0,-1.E0));
#65=VECTOR('',#64,1.E-1);
#66=CARTESIAN_POINT('',(-1.384840702690E0,1.085972647230E0,1.09E1));
#67=LINE('',#66,#65);
#68=DIRECTION('',(-1.126197424618E-1,-6.386982979537E-1,-7.611709911701E-1));
#69=VECTOR('',#68,3.378527559211E-1);
#70=CARTESIAN_POINT('',(-1.384840702690E0,1.085972647230E0,1.08E1));
#71=LINE('',#70,#69);
#72=CARTESIAN_POINT('',(-1.422889593052E0,8.701866670643E-1,1.054283628291E1));
#73=CARTESIAN_POINT('',(-1.425267198607E0,8.567025959090E-1,1.052676659266E1));
#74=CARTESIAN_POINT('',(-1.429043686482E0,8.352850688793E-1,1.049462721218E1));
#75=CARTESIAN_POINT('',(-1.433946766625E0,8.074783196037E-1,1.043034845121E1));
#76=CARTESIAN_POINT('',(-1.436144482486E0,7.950144535975E-1,1.035E1));
#77=CARTESIAN_POINT('',(-1.433946766625E0,8.074783196037E-1,1.026965154879E1));
#78=CARTESIAN_POINT('',(-1.429043686482E0,8.352850688793E-1,1.020537278782E1));
#79=CARTESIAN_POINT('',(-1.425267198607E0,8.567025959090E-1,1.017323340734E1));
#80=CARTESIAN_POINT('',(-1.422889593052E0,8.701866670643E-1,1.015716371709E1));
#82=DIRECTION('',(1.126197424618E-1,6.386982979537E-1,-7.611709911701E-1));
#83=VECTOR('',#82,2.032467181322E-1);
#84=CARTESIAN_POINT('',(-1.422889593052E0,8.701866670643E-1,1.015716371709E1));
#85=LINE('',#84,#83);
#86=DIRECTION('',(0.E0,0.E0,-1.E0));
#87=VECTOR('',#86,1.402458211201E0);
#88=CARTESIAN_POINT('',(-1.4E0,1.E0,1.000245821120E1));
#89=LINE('',#88,#87);
#90=DIRECTION('',(1.E0,0.E0,0.E0));
#91=VECTOR('',#90,2.8E0);
#92=CARTESIAN_POINT('',(-1.4E0,1.E0,8.6E0));
#93=LINE('',#92,#91);
#94=DIRECTION('',(1.E0,0.E0,0.E0));
#95=VECTOR('',#94,2.8E0);
#96=CARTESIAN_POINT('',(-1.4E0,1.E0,1.000245821120E1));
#97=LINE('',#96,#95);
#98=DIRECTION('',(1.E0,0.E0,0.E0));
#99=VECTOR('',#98,2.845779186105E0);
#100=CARTESIAN_POINT('',(-1.422889593052E0,8.701866670643E-1,1.015716371709E1));
#101=LINE('',#100,#99);
#102=DIRECTION('',(1.E0,0.E0,0.E0));
#103=VECTOR('',#102,2.845779186105E0);
#104=CARTESIAN_POINT('',(-1.422889593052E0,8.701866670643E-1,1.054283628291E1));
#105=LINE('',#104,#103);
#106=DIRECTION('',(1.E0,0.E0,0.E0));
#107=VECTOR('',#106,2.769681405381E0);
#108=CARTESIAN_POINT('',(-1.384840702690E0,1.085972647230E0,1.08E1));
#109=LINE('',#108,#107);
#110=DIRECTION('',(1.736481776669E-1,9.848077530122E-1,0.E0));
#111=VECTOR('',#110,1.102725525777E0);
#112=CARTESIAN_POINT('',(-1.576326980708E0,0.E0,1.09E1));
#113=LINE('',#112,#111);
#114=DIRECTION('',(-1.736481776669E-1,9.848077530122E-1,0.E0));
#115=VECTOR('',#114,1.102725525777E0);
#116=CARTESIAN_POINT('',(1.576326980708E0,0.E0,1.09E1));
#117=LINE('',#116,#115);
#118=DIRECTION('',(1.E0,0.E0,0.E0));
#119=VECTOR('',#118,2.769681405381E0);
#120=CARTESIAN_POINT('',(-1.384840702690E0,1.085972647230E0,1.09E1));
#121=LINE('',#120,#119);
#122=DIRECTION('',(0.E0,-1.E0,0.E0));
#123=VECTOR('',#122,5.7E0);
#124=CARTESIAN_POINT('',(-7.9E0,5.7E0,1.01E1));
#125=LINE('',#124,#123);
#126=CARTESIAN_POINT('',(-7.1E0,5.7E0,1.01E1));
#127=DIRECTION('',(0.E0,1.E0,0.E0));
#128=DIRECTION('',(-1.E0,0.E0,0.E0));
#129=AXIS2_PLACEMENT_3D('',#126,#127,#128);
#131=DIRECTION('',(0.E0,-1.E0,0.E0));
#132=VECTOR('',#131,5.7E0);
#133=CARTESIAN_POINT('',(-7.1E0,5.7E0,1.09E1));
#134=LINE('',#133,#132);
#135=CARTESIAN_POINT('',(-7.1E0,0.E0,1.01E1));
#136=DIRECTION('',(0.E0,-1.E0,0.E0));
#137=DIRECTION('',(0.E0,0.E0,1.E0));
#138=AXIS2_PLACEMENT_3D('',#135,#136,#137);
#140=DIRECTION('',(1.576592270820E-10,-1.E0,-1.289392158310E-10));
#141=VECTOR('',#140,4.686902077488E0);
#142=CARTESIAN_POINT('',(-7.9E0,5.7E0,1.7E0));
#143=LINE('',#142,#141);
#144=CARTESIAN_POINT('',(-7.1E0,5.7E0,1.7E0));
#145=DIRECTION('',(0.E0,1.E0,0.E0));
#146=DIRECTION('',(-1.E0,0.E0,0.E0));
#147=AXIS2_PLACEMENT_3D('',#144,#145,#146);
#149=DIRECTION('',(0.E0,-1.E0,-3.891740225511E-11));
#150=VECTOR('',#149,2.901880800815E0);
#151=CARTESIAN_POINT('',(-7.1E0,5.7E0,2.5E0));
#152=LINE('',#151,#150);
#153=CARTESIAN_POINT('',(-7.850193629586E0,1.795871317022E0,1.977866023770E0));
#154=CARTESIAN_POINT('',(-7.851980449969E0,1.767789321694E0,1.973041847073E0));
#155=CARTESIAN_POINT('',(-7.855400722130E0,1.714034480818E0,1.963520798243E0));
#156=CARTESIAN_POINT('',(-7.860052915035E0,1.640919360168E0,1.949773585306E0));
#157=CARTESIAN_POINT('',(-7.864286103570E0,1.574389092279E0,1.936493195122E0));
#158=CARTESIAN_POINT('',(-7.868140353703E0,1.513814440201E0,1.923647283864E0));
#159=CARTESIAN_POINT('',(-7.871648335415E0,1.458681837867E0,1.911216431076E0));
#160=CARTESIAN_POINT('',(-7.874836849271E0,1.408570109436E0,1.899192230547E0));
#161=CARTESIAN_POINT('',(-7.877734336166E0,1.363032258572E0,1.887551659424E0));
#162=CARTESIAN_POINT('',(-7.880370119710E0,1.321607422671E0,1.876255272354E0));
#163=CARTESIAN_POINT('',(-7.882772373663E0,1.283852817320E0,1.865253307341E0));
#164=CARTESIAN_POINT('',(-7.884973482203E0,1.249259461512E0,1.854455335596E0));
#165=CARTESIAN_POINT('',(-7.886994272040E0,1.217500062520E0,1.843800354170E0));
#166=CARTESIAN_POINT('',(-7.888834082991E0,1.188585014947E0,1.833332058397E0));
#167=CARTESIAN_POINT('',(-7.890484056781E0,1.162653543352E0,1.823162226050E0));
#168=CARTESIAN_POINT('',(-7.891940380956E0,1.139765555549E0,1.813407501472E0));
#169=CARTESIAN_POINT('',(-7.893212929990E0,1.119765833744E0,1.804120407176E0));
#170=CARTESIAN_POINT('',(-7.894322142733E0,1.102333161086E0,1.795276140679E0));
#171=CARTESIAN_POINT('',(-7.895288483387E0,1.087145912178E0,1.786829070781E0));
#172=CARTESIAN_POINT('',(-7.896132466989E0,1.073881663218E0,1.778705868740E0));
#173=CARTESIAN_POINT('',(-7.896872030618E0,1.062258513437E0,1.770818611989E0));
#174=CARTESIAN_POINT('',(-7.897513960384E0,1.052169766311E0,1.763169558361E0));
#175=CARTESIAN_POINT('',(-7.898061148946E0,1.043569969729E0,1.755818416513E0));
#176=CARTESIAN_POINT('',(-7.898519586454E0,1.036364992728E0,1.748806576323E0));
#177=CARTESIAN_POINT('',(-7.898896842092E0,1.030435889983E0,1.742163086674E0));
#178=CARTESIAN_POINT('',(-7.899201077774E0,1.025654400634E0,1.735914525971E0));
#179=CARTESIAN_POINT('',(-7.899441962141E0,1.021868575230E0,1.730054939466E0));
#180=CARTESIAN_POINT('',(-7.899629612888E0,1.018919398345E0,1.724537942859E0));
#181=CARTESIAN_POINT('',(-7.899773094129E0,1.016664408976E0,1.719282908751E0));
#182=CARTESIAN_POINT('',(-7.899878548046E0,1.015007085493E0,1.714230732647E0));
#183=CARTESIAN_POINT('',(-7.899950071026E0,1.013882965892E0,1.709355763685E0));
#184=CARTESIAN_POINT('',(-7.899991161931E0,1.013237389540E0,1.704630739141E0));
#185=CARTESIAN_POINT('',(-7.899999999506E0,1.013097913780E0,1.701532275038E0));
#186=CARTESIAN_POINT('',(-7.899999999261E0,1.013097922512E0,1.699999999396E0));
#188=CARTESIAN_POINT('',(-8.131516235256E0,1.795871295792E0,2.082065837142E0));
#189=DIRECTION('',(-8.483866638075E-2,-9.697103940285E-1,-2.290505455131E-1));
#190=DIRECTION('',(9.377419602374E-1,-3.001672333201E-8,-3.473327165847E-1));
#191=AXIS2_PLACEMENT_3D('',#188,#189,#190);
#193=CARTESIAN_POINT('',(-7.832657821653E0,1.769724593995E0,2.082065779986E0));
#194=CARTESIAN_POINT('',(-7.835107117235E0,1.741729113438E0,2.075452943920E0));
#195=CARTESIAN_POINT('',(-7.839795677496E0,1.688138522889E0,2.062402893609E0));
#196=CARTESIAN_POINT('',(-7.846175289327E0,1.615219266793E0,2.043556544580E0));
#197=CARTESIAN_POINT('',(-7.851981920363E0,1.548849159423E0,2.025348710135E0));
#198=CARTESIAN_POINT('',(-7.857270332421E0,1.488402335927E0,2.007734789722E0));
#199=CARTESIAN_POINT('',(-7.862085105229E0,1.433369230123E0,1.990688239794E0));
#200=CARTESIAN_POINT('',(-7.866462789244E0,1.383332073070E0,1.974197596348E0));
#201=CARTESIAN_POINT('',(-7.870442085237E0,1.337848511685E0,1.958231886798E0));
#202=CARTESIAN_POINT('',(-7.874062924385E0,1.296462130864E0,1.942737821917E0));
#203=CARTESIAN_POINT('',(-7.877363676959E0,1.258734356297E0,1.927648189729E0));
#204=CARTESIAN_POINT('',(-7.880388482475E0,1.224160671042E0,1.912840591329E0));
#205=CARTESIAN_POINT('',(-7.883166356216E0,1.192409428896E0,1.898229568515E0));
#206=CARTESIAN_POINT('',(-7.885697264414E0,1.163481015816E0,1.883869703436E0));
#207=CARTESIAN_POINT('',(-7.887969221742E0,1.137512424737E0,1.869911186787E0));
#208=CARTESIAN_POINT('',(-7.889976522024E0,1.114568877522E0,1.856514232568E0));
#209=CARTESIAN_POINT('',(-7.891731795116E0,1.094506014271E0,1.843755081782E0));
#210=CARTESIAN_POINT('',(-7.893262413795E0,1.077010962720E0,1.831604324265E0));
#211=CARTESIAN_POINT('',(-7.894596463525E0,1.061762704529E0,1.819999817820E0));
#212=CARTESIAN_POINT('',(-7.895761875984E0,1.048441979154E0,1.808843906463E0));
#213=CARTESIAN_POINT('',(-7.896783423441E0,1.036765638359E0,1.798016675160E0));
#214=CARTESIAN_POINT('',(-7.897671413127E0,1.026615869541E0,1.787510398809E0));
#215=CARTESIAN_POINT('',(-7.898429633787E0,1.017949368734E0,1.777405923191E0));
#216=CARTESIAN_POINT('',(-7.899065965664E0,1.010676058367E0,1.767761541237E0));
#217=CARTESIAN_POINT('',(-7.899590414111E0,1.004681599115E0,1.758622029040E0));
#218=CARTESIAN_POINT('',(-7.899873544759E0,1.001445366354E0,1.752876244910E0));
#219=CARTESIAN_POINT('',(-7.899999999091E0,9.999999995056E-1,1.750102729013E0));
#221=CARTESIAN_POINT('',(-7.899999999091E0,9.999999995056E-1,1.750102729013E0));
#222=CARTESIAN_POINT('',(-7.899999999091E0,1.000000016963E0,1.747065885033E0));
#223=CARTESIAN_POINT('',(-7.900000000421E0,1.000227098865E0,1.741186028492E0));
#224=CARTESIAN_POINT('',(-7.899999999888E0,1.001183156123E0,1.732940823114E0));
#225=CARTESIAN_POINT('',(-7.900000000026E0,1.002685030093E0,1.725288017743E0));
#226=CARTESIAN_POINT('',(-7.900000000007E0,1.004662177667E0,1.718219243928E0));
#227=CARTESIAN_POINT('',(-7.899999999946E0,1.007074873800E0,1.711655180442E0));
#228=CARTESIAN_POINT('',(-7.900000000209E0,1.009877119193E0,1.705576301864E0));
#229=CARTESIAN_POINT('',(-7.899999999548E0,1.011988651092E0,1.701812437071E0));
#230=CARTESIAN_POINT('',(-7.899999999261E0,1.013097922512E0,1.699999999396E0));
#232=CARTESIAN_POINT('',(-7.1E0,2.798119199185E0,2.499999999887E0));
#233=CARTESIAN_POINT('',(-7.108621088856E0,2.797425071380E0,2.500000000317E0));
#234=CARTESIAN_POINT('',(-7.125917979886E0,2.795647280792E0,2.499721234505E0));
#235=CARTESIAN_POINT('',(-7.151996495084E0,2.791786345892E0,2.498451667344E0));
#236=CARTESIAN_POINT('',(-7.178181690104E0,2.786705696879E0,2.496315783218E0));
#237=CARTESIAN_POINT('',(-7.204440833256E0,2.780383811619E0,2.493301534047E0));
#238=CARTESIAN_POINT('',(-7.230891555258E0,2.772752398764E0,2.489372479928E0));
#239=CARTESIAN_POINT('',(-7.257545142007E0,2.763750187515E0,2.484491826776E0));
#240=CARTESIAN_POINT('',(-7.284385939797E0,2.753320753232E0,2.478625475371E0));
#241=CARTESIAN_POINT('',(-7.311482999693E0,2.741361834741E0,2.471712709548E0));
#242=CARTESIAN_POINT('',(-7.338833465767E0,2.727782189912E0,2.463697987852E0));
#243=CARTESIAN_POINT('',(-7.366430227678E0,2.712482842353E0,2.454521728156E0));
#244=CARTESIAN_POINT('',(-7.394293793504E0,2.695332736780E0,2.444105567637E0));
#245=CARTESIAN_POINT('',(-7.422408772971E0,2.676201562030E0,2.432372473929E0));
#246=CARTESIAN_POINT('',(-7.450737665744E0,2.654958271609E0,2.419247048724E0));
#247=CARTESIAN_POINT('',(-7.479261704367E0,2.631438657381E0,2.404636301010E0));
#248=CARTESIAN_POINT('',(-7.507931599496E0,2.605475164396E0,2.388449140118E0));
#249=CARTESIAN_POINT('',(-7.536634285798E0,2.576944712631E0,2.370628126809E0));
#250=CARTESIAN_POINT('',(-7.565339711291E0,2.545611032281E0,2.351053228855E0));
#251=CARTESIAN_POINT('',(-7.593788771123E0,2.511479136339E0,2.329765699966E0));
#252=CARTESIAN_POINT('',(-7.621965710083E0,2.474250292041E0,2.306632275204E0));
#253=CARTESIAN_POINT('',(-7.649537629187E0,2.434029370200E0,2.281789027179E0));
#254=CARTESIAN_POINT('',(-7.676472546954E0,2.390473106415E0,2.255122973015E0));
#255=CARTESIAN_POINT('',(-7.702285664337E0,2.343996280228E0,2.227015925586E0));
#256=CARTESIAN_POINT('',(-7.726980189180E0,2.294144258790E0,2.197375699123E0));
#257=CARTESIAN_POINT('',(-7.749770352422E0,2.242231182092E0,2.167199539236E0));
#258=CARTESIAN_POINT('',(-7.770853048354E0,2.187460264239E0,2.136335061361E0));
#259=CARTESIAN_POINT('',(-7.788707117201E0,2.134066132131E0,2.107460890573E0));
#260=CARTESIAN_POINT('',(-7.803469500864E0,2.083098920657E0,2.081291880839E0));
#261=CARTESIAN_POINT('',(-7.814965415582E0,2.037177747254E0,2.059154183584E0));
#262=CARTESIAN_POINT('',(-7.823857787527E0,1.996277928008E0,2.040797224171E0));
#263=CARTESIAN_POINT('',(-7.830809891906E0,1.959463509672E0,2.025564752744E0));
#264=CARTESIAN_POINT('',(-7.836268935171E0,1.926155135732E0,2.012985677717E0));
#265=CARTESIAN_POINT('',(-7.840663627308E0,1.895039771668E0,2.002410788574E0));
#266=CARTESIAN_POINT('',(-7.844044443178E0,1.867005358344E0,1.993971385402E0));
#267=CARTESIAN_POINT('',(-7.846645055501E0,1.841630424835E0,1.987288179653E0));
#268=CARTESIAN_POINT('',(-7.848659512673E0,1.818263967633E0,1.981988429709E0));
#269=CARTESIAN_POINT('',(-7.849727221400E0,1.803201577865E0,1.979125260998E0));
#270=CARTESIAN_POINT('',(-7.850193629586E0,1.795871317022E0,1.977866023770E0));
#272=CARTESIAN_POINT('',(-7.099999999635E0,2.798119196628E0,2.799999997446E0));
#273=DIRECTION('',(-9.982901811354E-1,-5.845266673617E-2,1.239758210032E-9));
#274=DIRECTION('',(-1.739088876979E-9,8.491610397689E-9,-1.E0));
#275=AXIS2_PLACEMENT_3D('',#272,#273,#274);
#277=CARTESIAN_POINT('',(-7.082464199645E0,2.498632144239E0,2.8E0));
#278=CARTESIAN_POINT('',(-7.091085326116E0,2.498127345966E0,2.799999977285E0));
#279=CARTESIAN_POINT('',(-7.108382086545E0,2.496834391964E0,2.799616709714E0));
#280=CARTESIAN_POINT('',(-7.134460597747E0,2.494026450827E0,2.797871058102E0));
#281=CARTESIAN_POINT('',(-7.160645737116E0,2.490331443678E0,2.794934224948E0));
#282=CARTESIAN_POINT('',(-7.186904832207E0,2.485733720965E0,2.790789653806E0));
#283=CARTESIAN_POINT('',(-7.213355504183E0,2.480183619162E0,2.785387221327E0));
#284=CARTESIAN_POINT('',(-7.240009041514E0,2.473636575589E0,2.778676348567E0));
#285=CARTESIAN_POINT('',(-7.266849786176E0,2.466051557460E0,2.770610144665E0));
#286=CARTESIAN_POINT('',(-7.293946793155E0,2.457354191984E0,2.761105126847E0));
#287=CARTESIAN_POINT('',(-7.321297205581E0,2.447478122812E0,2.750084925925E0));
#288=CARTESIAN_POINT('',(-7.348893913364E0,2.436351367499E0,2.737467617865E0));
#289=CARTESIAN_POINT('',(-7.376757425601E0,2.423878613664E0,2.723145453819E0));
#290=CARTESIAN_POINT('',(-7.404872352880E0,2.409965089777E0,2.707012515133E0));
#291=CARTESIAN_POINT('',(-7.433201195301E0,2.394515489066E0,2.688965129743E0));
#292=CARTESIAN_POINT('',(-7.461725186124E0,2.377410387298E0,2.668875435200E0));
#293=CARTESIAN_POINT('',(-7.490395036987E0,2.358527926961E0,2.646618182120E0));
#294=CARTESIAN_POINT('',(-7.519097686181E0,2.337778589951E0,2.622114388483E0));
#295=CARTESIAN_POINT('',(-7.547803077466E0,2.314990552389E0,2.595199015168E0));
#296=CARTESIAN_POINT('',(-7.576252123226E0,2.290167436793E0,2.565928765696E0));
#297=CARTESIAN_POINT('',(-7.604429048357E0,2.263092012626E0,2.534120424768E0));
#298=CARTESIAN_POINT('',(-7.632000997419E0,2.233840485753E0,2.499961028535E0));
#299=CARTESIAN_POINT('',(-7.658935928251E0,2.202163305155E0,2.463295315294E0));
#300=CARTESIAN_POINT('',(-7.684749165816E0,2.168361911546E0,2.424648057490E0));
#301=CARTESIAN_POINT('',(-7.709443686833E0,2.132106085987E0,2.383892913423E0));
#302=CARTESIAN_POINT('',(-7.732234140779E0,2.094350707660E0,2.342400246083E0));
#303=CARTESIAN_POINT('',(-7.753316426951E0,2.054518379670E0,2.299962596332E0));
#304=CARTESIAN_POINT('',(-7.771170560977E0,2.015686441740E0,2.260260642103E0));
#305=CARTESIAN_POINT('',(-7.785932619233E0,1.978620672787E0,2.224279252847E0));
#306=CARTESIAN_POINT('',(-7.797428711324E0,1.945223432875E0,2.193839645728E0));
#307=CARTESIAN_POINT('',(-7.806321307724E0,1.915477683711E0,2.168598292001E0));
#308=CARTESIAN_POINT('',(-7.813273529517E0,1.888703446112E0,2.147653366242E0));
#309=CARTESIAN_POINT('',(-7.818732787382E0,1.864478405058E0,2.130356494264E0));
#310=CARTESIAN_POINT('',(-7.823127331376E0,1.841850080045E0,2.115816533946E0));
#311=CARTESIAN_POINT('',(-7.826508298317E0,1.821460943611E0,2.104211886309E0));
#312=CARTESIAN_POINT('',(-7.829109074052E0,1.803005282597E0,2.095021871900E0));
#313=CARTESIAN_POINT('',(-7.831123423992E0,1.786013223865E0,2.087735183309E0));
#314=CARTESIAN_POINT('',(-7.832191648297E0,1.775052943124E0,2.083796340922E0));
#315=CARTESIAN_POINT('',(-7.832657821653E0,1.769724593995E0,2.082065779986E0));
#317=CARTESIAN_POINT('',(-7.035702065497E0,1.7E0,2.5E0));
#318=DIRECTION('',(0.E0,0.E0,1.E0));
#319=DIRECTION('',(0.E0,1.E0,0.E0));
#320=AXIS2_PLACEMENT_3D('',#317,#318,#319);
#322=CARTESIAN_POINT('',(-7.035702065497E0,2.8E0,2.8E0));
#323=DIRECTION('',(-1.E0,0.E0,0.E0));
#324=DIRECTION('',(0.E0,0.E0,-1.E0));
#325=AXIS2_PLACEMENT_3D('',#322,#323,#324);
#327=CARTESIAN_POINT('',(-7.035702065497E0,1.7E0,2.8E0));
#328=DIRECTION('',(0.E0,0.E0,1.E0));
#329=DIRECTION('',(0.E0,1.E0,0.E0));
#330=AXIS2_PLACEMENT_3D('',#327,#328,#329);
#332=DIRECTION('',(-1.E0,0.E0,0.E0));
#333=VECTOR('',#332,1.42E1);
#334=CARTESIAN_POINT('',(7.1E0,5.7E0,8.4E0));
#335=LINE('',#334,#333);
#336=DIRECTION('',(0.E0,0.E0,-1.E0));
#337=VECTOR('',#336,9.E-1);
#338=CARTESIAN_POINT('',(7.9E0,5.7E0,1.01E1));
#339=LINE('',#338,#337);
#340=DIRECTION('',(1.E0,0.E0,0.E0));
#341=VECTOR('',#340,1.42E1);
#342=CARTESIAN_POINT('',(-7.1E0,5.7E0,1.09E1));
#343=LINE('',#342,#341);
#344=DIRECTION('',(0.E0,0.E0,1.E0));
#345=VECTOR('',#344,9.E-1);
#346=CARTESIAN_POINT('',(-7.9E0,5.7E0,9.2E0));
#347=LINE('',#346,#345);
#348=DIRECTION('',(0.E0,0.E0,-1.E0));
#349=VECTOR('',#348,9.E-1);
#350=CARTESIAN_POINT('',(7.9E0,5.7E0,-9.2E0));
#351=LINE('',#350,#349);
#352=DIRECTION('',(1.E0,0.E0,0.E0));
#353=VECTOR('',#352,1.42E1);
#354=CARTESIAN_POINT('',(-7.1E0,5.7E0,-8.4E0));
#355=LINE('',#354,#353);
#356=DIRECTION('',(0.E0,0.E0,1.E0));
#357=VECTOR('',#356,9.E-1);
#358=CARTESIAN_POINT('',(-7.9E0,5.7E0,-1.01E1));
#359=LINE('',#358,#357);
#360=DIRECTION('',(-1.E0,0.E0,0.E0));
#361=VECTOR('',#360,1.42E1);
#362=CARTESIAN_POINT('',(7.1E0,5.7E0,-1.09E1));
#363=LINE('',#362,#361);
#364=DIRECTION('',(0.E0,0.E0,1.E0));
#365=VECTOR('',#364,3.4E0);
#366=CARTESIAN_POINT('',(-7.9E0,5.7E0,-1.7E0));
#367=LINE('',#366,#365);
#368=DIRECTION('',(-1.E0,0.E0,0.E0));
#369=VECTOR('',#368,1.42E1);
#370=CARTESIAN_POINT('',(7.1E0,5.7E0,-2.5E0));
#371=LINE('',#370,#369);
#372=DIRECTION('',(0.E0,0.E0,-1.E0));
#373=VECTOR('',#372,3.4E0);
#374=CARTESIAN_POINT('',(7.9E0,5.7E0,1.7E0));
#375=LINE('',#374,#373);
#376=DIRECTION('',(1.E0,0.E0,0.E0));
#377=VECTOR('',#376,1.42E1);
#378=CARTESIAN_POINT('',(-7.1E0,5.7E0,2.5E0));
#379=LINE('',#378,#377);
#380=DIRECTION('',(0.E0,-1.E0,4.039265926145E-11));
#381=VECTOR('',#380,2.901880800815E0);
#382=CARTESIAN_POINT('',(-7.1E0,5.7E0,8.4E0));
#383=LINE('',#382,#381);
#384=CARTESIAN_POINT('',(-7.1E0,5.7E0,9.2E0));
#385=DIRECTION('',(0.E0,1.E0,0.E0));
#386=DIRECTION('',(0.E0,0.E0,-1.E0));
#387=AXIS2_PLACEMENT_3D('',#384,#385,#386);
#389=DIRECTION('',(1.431444946452E-10,-1.E0,1.151908300888E-10));
#390=VECTOR('',#389,4.686902019742E0);
#391=CARTESIAN_POINT('',(-7.9E0,5.7E0,9.2E0));
#392=LINE('',#391,#390);
#393=CARTESIAN_POINT('',(-7.850193627405E0,1.795871317022E0,8.922133977038E0));
#394=CARTESIAN_POINT('',(-7.849727293423E0,1.803200409903E0,8.920874940042E0));
#395=CARTESIAN_POINT('',(-7.848659698302E0,1.818261718920E0,8.918012058476E0));
#396=CARTESIAN_POINT('',(-7.846644953596E0,1.841631718429E0,8.912711550139E0));
#397=CARTESIAN_POINT('',(-7.844043872494E0,1.867010808246E0,8.906027149048E0));
#398=CARTESIAN_POINT('',(-7.840662273712E0,1.895050051506E0,8.897585893405E0));
#399=CARTESIAN_POINT('',(-7.836268773375E0,1.926155353238E0,8.887014026234E0));
#400=CARTESIAN_POINT('',(-7.830813299813E0,1.959443166806E0,8.874443055282E0));
#401=CARTESIAN_POINT('',(-7.823865730578E0,1.996238061249E0,8.859219825396E0));
#402=CARTESIAN_POINT('',(-7.814977773209E0,2.037124394320E0,8.840870584837E0));
#403=CARTESIAN_POINT('',(-7.803487369980E0,2.083031755090E0,8.818741434315E0));
#404=CARTESIAN_POINT('',(-7.788733891020E0,2.133979747556E0,8.792584643015E0));
#405=CARTESIAN_POINT('',(-7.770883880657E0,2.187374599224E0,8.763712354308E0));
#406=CARTESIAN_POINT('',(-7.749803167956E0,2.242151637527E0,8.732846079100E0));
#407=CARTESIAN_POINT('',(-7.727014195988E0,2.294071539824E0,8.702667112596E0));
#408=CARTESIAN_POINT('',(-7.702319919039E0,2.343931169830E0,8.673023163376E0));
#409=CARTESIAN_POINT('',(-7.676506972254E0,2.390414512344E0,8.644912709937E0));
#410=CARTESIAN_POINT('',(-7.649571158675E0,2.433978013348E0,8.618242576547E0));
#411=CARTESIAN_POINT('',(-7.621998538813E0,2.474204820916E0,8.593395909504E0));
#412=CARTESIAN_POINT('',(-7.593820054089E0,2.511439849547E0,8.570258767606E0));
#413=CARTESIAN_POINT('',(-7.565369733061E0,2.545576750860E0,8.548968176037E0));
#414=CARTESIAN_POINT('',(-7.536662454772E0,2.576915441717E0,8.529390162143E0));
#415=CARTESIAN_POINT('',(-7.507958178891E0,2.605450000079E0,8.511566565774E0));
#416=CARTESIAN_POINT('',(-7.479286325066E0,2.631417436942E0,8.495376906118E0));
#417=CARTESIAN_POINT('',(-7.450760319609E0,2.654940500488E0,8.480763961283E0));
#418=CARTESIAN_POINT('',(-7.422429577071E0,2.676186739551E0,8.467636650001E0));
#419=CARTESIAN_POINT('',(-7.394312578778E0,2.695320616420E0,8.455901828712E0));
#420=CARTESIAN_POINT('',(-7.366447070633E0,2.712473033249E0,8.445484191402E0));
#421=CARTESIAN_POINT('',(-7.338848532085E0,2.727774313156E0,8.436306697743E0));
#422=CARTESIAN_POINT('',(-7.311496122252E0,2.741355721830E0,8.428290859628E0));
#423=CARTESIAN_POINT('',(-7.284397150773E0,2.753316133190E0,8.421377158246E0));
#424=CARTESIAN_POINT('',(-7.257554821978E0,2.763746702724E0,8.415510096718E0));
#425=CARTESIAN_POINT('',(-7.230899303170E0,2.772750007920E0,8.410628780873E0));
#426=CARTESIAN_POINT('',(-7.204446740171E0,2.780382273839E0,8.406699226564E0));
#427=CARTESIAN_POINT('',(-7.178186240084E0,2.786704733610E0,8.403684645754E0));
#428=CARTESIAN_POINT('',(-7.151999129437E0,2.791785926745E0,8.401548482559E0));
#429=CARTESIAN_POINT('',(-7.125918911942E0,2.795647185146E0,8.400278780695E0));
#430=CARTESIAN_POINT('',(-7.108621339515E0,2.797425051141E0,8.399999999948E0));
#431=CARTESIAN_POINT('',(-7.1E0,2.798119199185E0,8.400000000117E0));
#433=CARTESIAN_POINT('',(-8.131516230397E0,1.795871323803E0,8.817934210180E0));
#434=DIRECTION('',(8.483863899628E-2,9.697103822315E-1,-2.290506055998E-1));
#435=DIRECTION('',(9.377420183426E-1,-2.415121145378E-8,3.473325597101E-1));
#436=AXIS2_PLACEMENT_3D('',#433,#434,#435);
#438=CARTESIAN_POINT('',(-7.832657822519E0,1.769724594071E0,8.817934220014E0));
#439=CARTESIAN_POINT('',(-7.832191724455E0,1.775052082610E0,8.816203938860E0));
#440=CARTESIAN_POINT('',(-7.831123606433E0,1.786011605498E0,8.812265481591E0));
#441=CARTESIAN_POINT('',(-7.829108971989E0,1.803006226936E0,8.804977754747E0));
#442=CARTESIAN_POINT('',(-7.826507725741E0,1.821464918932E0,8.795786092308E0));
#443=CARTESIAN_POINT('',(-7.823125977091E0,1.841857559093E0,8.784178901611E0));
#444=CARTESIAN_POINT('',(-7.818732626076E0,1.864478560936E0,8.769643100410E0));
#445=CARTESIAN_POINT('',(-7.813276935077E0,1.888688662081E0,8.752357362517E0));
#446=CARTESIAN_POINT('',(-7.806329246323E0,1.915448707663E0,8.731425137957E0));
#447=CARTESIAN_POINT('',(-7.797441063372E0,1.945184651333E0,8.706194394943E0));
#448=CARTESIAN_POINT('',(-7.785950480385E0,1.978571850681E0,8.675766534390E0));
#449=CARTESIAN_POINT('',(-7.771197328140E0,2.015623638464E0,8.639801948751E0));
#450=CARTESIAN_POINT('',(-7.753347252684E0,2.054456095447E0,8.600102584222E0));
#451=CARTESIAN_POINT('',(-7.732266964136E0,2.094292847273E0,8.557662491268E0));
#452=CARTESIAN_POINT('',(-7.709477695863E0,2.132053199116E0,8.516165953476E0));
#453=CARTESIAN_POINT('',(-7.684783425697E0,2.168314553518E0,8.475405695240E0));
#454=CARTESIAN_POINT('',(-7.658970355436E0,2.202120690714E0,8.436753748746E0));
#455=CARTESIAN_POINT('',(-7.632034529381E0,2.233803133981E0,8.400082427379E0));
#456=CARTESIAN_POINT('',(-7.604461877781E0,2.263058943404E0,8.365918327758E0));
#457=CARTESIAN_POINT('',(-7.576283407087E0,2.290138865144E0,8.334104876185E0));
#458=CARTESIAN_POINT('',(-7.547833099155E0,2.314965622001E0,8.304830414732E0));
#459=CARTESIAN_POINT('',(-7.519125855304E0,2.337757303463E0,8.277910757541E0));
#460=CARTESIAN_POINT('',(-7.490421616096E0,2.358509627470E0,8.253403412158E0));
#461=CARTESIAN_POINT('',(-7.461749806514E0,2.377394956074E0,8.231142723659E0));
#462=CARTESIAN_POINT('',(-7.433223848724E0,2.394502566427E0,8.211050008383E0));
#463=CARTESIAN_POINT('',(-7.404893156375E0,2.409954311517E0,8.193000029951E0));
#464=CARTESIAN_POINT('',(-7.376776210225E0,2.423869800359E0,8.176864716231E0));
#465=CARTESIAN_POINT('',(-7.348910755508E0,2.436344234789E0,8.162540521844E0));
#466=CARTESIAN_POINT('',(-7.321312270967E0,2.447472395118E0,8.149921517296E0));
#467=CARTESIAN_POINT('',(-7.293959914839E0,2.457349746702E0,8.138899781502E0));
#468=CARTESIAN_POINT('',(-7.266860996415E0,2.466048197550E0,8.129393477427E0));
#469=CARTESIAN_POINT('',(-7.240018720748E0,2.473634041056E0,8.121326297107E0));
#470=CARTESIAN_POINT('',(-7.213363251718E0,2.480181879976E0,8.114614513213E0));
#471=CARTESIAN_POINT('',(-7.186910739007E0,2.485732601990E0,8.109211392747E0));
#472=CARTESIAN_POINT('',(-7.160650286974E0,2.490330742614E0,8.105066365689E0));
#473=CARTESIAN_POINT('',(-7.134463232467E0,2.494026145278E0,8.102129147998E0));
#474=CARTESIAN_POINT('',(-7.108383019568E0,2.496834321731E0,8.100383312286E0));
#475=CARTESIAN_POINT('',(-7.091085577637E0,2.498127331631E0,8.100000021719E0));
#476=CARTESIAN_POINT('',(-7.082464199649E0,2.498632144311E0,8.1E0));
#478=CARTESIAN_POINT('',(-7.899999999067E0,9.999999999318E-1,9.149896614452E0));
#479=CARTESIAN_POINT('',(-7.899878013837E0,1.001394296403E0,9.147221183677E0));
#480=CARTESIAN_POINT('',(-7.899603770954E0,1.004528924199E0,9.141642660593E0));
#481=CARTESIAN_POINT('',(-7.899097489954E0,1.010315735554E0,9.132759251616E0));
#482=CARTESIAN_POINT('',(-7.898468620144E0,1.017503752238E0,9.123143644034E0));
#483=CARTESIAN_POINT('',(-7.897697548382E0,1.026317142309E0,9.112804565325E0));
#484=CARTESIAN_POINT('',(-7.896782043946E0,1.036781406037E0,9.101955768267E0));
#485=CARTESIAN_POINT('',(-7.895733365426E0,1.048767856328E0,9.090862549213E0));
#486=CARTESIAN_POINT('',(-7.894547084242E0,1.062327112319E0,9.079547203501E0));
#487=CARTESIAN_POINT('',(-7.893196549311E0,1.077763797215E0,9.067847931760E0));
#488=CARTESIAN_POINT('',(-7.891650902744E0,1.095430618322E0,9.055630770313E0));
#489=CARTESIAN_POINT('',(-7.889879549018E0,1.115677284050E0,9.042810934450E0));
#490=CARTESIAN_POINT('',(-7.887854799952E0,1.138820271770E0,9.029357111428E0));
#491=CARTESIAN_POINT('',(-7.885565985738E0,1.164981537953E0,9.015356794080E0));
#492=CARTESIAN_POINT('',(-7.883021193573E0,1.194068645498E0,9.000979544153E0));
#493=CARTESIAN_POINT('',(-7.880233125640E0,1.225936407794E0,8.986373373226E0));
#494=CARTESIAN_POINT('',(-7.877200095313E0,1.260604103069E0,8.971580171108E0));
#495=CARTESIAN_POINT('',(-7.873892647100E0,1.298408409137E0,8.956511254003E0));
#496=CARTESIAN_POINT('',(-7.870267817193E0,1.339840404545E0,8.941048302446E0));
#497=CARTESIAN_POINT('',(-7.866288621030E0,1.385322824871E0,8.925127654632E0));
#498=CARTESIAN_POINT('',(-7.861916497828E0,1.435296421529E0,8.908698481151E0));
#499=CARTESIAN_POINT('',(-7.857114325793E0,1.490185499836E0,8.891732078703E0));
#500=CARTESIAN_POINT('',(-7.851846878739E0,1.550392692263E0,8.874217610012E0));
#501=CARTESIAN_POINT('',(-7.846071405961E0,1.616406659036E0,8.856130180983E0));
#502=CARTESIAN_POINT('',(-7.839734748473E0,1.688834945038E0,8.837425618866E0));
#503=CARTESIAN_POINT('',(-7.835085202168E0,1.741979603290E0,8.824487873537E0));
#504=CARTESIAN_POINT('',(-7.832657822519E0,1.769724594071E0,8.817934220014E0));
#506=CARTESIAN_POINT('',(-7.899999999329E0,1.013097980258E0,9.200000000540E0));
#507=CARTESIAN_POINT('',(-7.899999999880E0,1.013097960571E0,9.198479795256E0));
#508=CARTESIAN_POINT('',(-7.899991306086E0,1.013235100301E0,9.195407772889E0));
#509=CARTESIAN_POINT('',(-7.899950914973E0,1.013869713686E0,9.190724725828E0));
#510=CARTESIAN_POINT('',(-7.899880853827E0,1.014970851862E0,9.185907798853E0));
#511=CARTESIAN_POINT('',(-7.899778230756E0,1.016583687275E0,9.180939560682E0));
#512=CARTESIAN_POINT('',(-7.899639041377E0,1.018771221916E0,9.175777964156E0));
#513=CARTESIAN_POINT('',(-7.899457143076E0,1.021629987401E0,9.170358936632E0));
#514=CARTESIAN_POINT('',(-7.899225732143E0,1.025266920708E0,9.164648853232E0));
#515=CARTESIAN_POINT('',(-7.898936905422E0,1.029806232541E0,9.158614716484E0));
#516=CARTESIAN_POINT('',(-7.898578487075E0,1.035439280183E0,9.152174069735E0));
#517=CARTESIAN_POINT('',(-7.898133311028E0,1.042435848062E0,9.145221118070E0));
#518=CARTESIAN_POINT('',(-7.897584824452E0,1.051056064499E0,9.137722233148E0));
#519=CARTESIAN_POINT('',(-7.896928756747E0,1.061367006703E0,9.129812724321E0));
#520=CARTESIAN_POINT('',(-7.896173110423E0,1.073242907435E0,9.121700019062E0));
#521=CARTESIAN_POINT('',(-7.895317950360E0,1.086682799556E0,9.113437873791E0));
#522=CARTESIAN_POINT('',(-7.894344452271E0,1.101982529303E0,9.104907971237E0));
#523=CARTESIAN_POINT('',(-7.893229461353E0,1.119506007437E0,9.096003985270E0));
#524=CARTESIAN_POINT('',(-7.891950627680E0,1.139604494646E0,9.086662497926E0));
#525=CARTESIAN_POINT('',(-7.890486387636E0,1.162616884327E0,9.076851146223E0));
#526=CARTESIAN_POINT('',(-7.888827178431E0,1.188693503592E0,9.066625699408E0));
#527=CARTESIAN_POINT('',(-7.886978152001E0,1.217753390397E0,9.056110402793E0));
#528=CARTESIAN_POINT('',(-7.884949036629E0,1.249643646514E0,9.045419714327E0));
#529=CARTESIAN_POINT('',(-7.882740147543E0,1.284359291199E0,9.034593533101E0));
#530=CARTESIAN_POINT('',(-7.880330689997E0,1.322227120705E0,9.023569821632E0));
#531=CARTESIAN_POINT('',(-7.877688642044E0,1.363750421593E0,9.012258714488E0));
#532=CARTESIAN_POINT('',(-7.874786533527E0,1.409360920503E0,9.000612101074E0));
#533=CARTESIAN_POINT('',(-7.871595667660E0,1.459509629085E0,8.988591410914E0));
#534=CARTESIAN_POINT('',(-7.868088383107E0,1.514631287295E0,8.976174671565E0));
#535=CARTESIAN_POINT('',(-7.864238564029E0,1.575136322348E0,8.963353832887E0));
#536=CARTESIAN_POINT('',(-7.860014603681E0,1.641521532857E0,8.950110704732E0));
#537=CARTESIAN_POINT('',(-7.855377203907E0,1.714404303561E0,8.936412913493E0));
#538=CARTESIAN_POINT('',(-7.851971825846E0,1.767924727452E0,8.926934871404E0));
#539=CARTESIAN_POINT('',(-7.850193627405E0,1.795871317022E0,8.922133977038E0));
#541=CARTESIAN_POINT('',(-7.899999999329E0,1.013097980258E0,9.200000000540E0));
#542=CARTESIAN_POINT('',(-7.899999999995E0,1.011971313823E0,9.198159290547E0));
#543=CARTESIAN_POINT('',(-7.900000000002E0,1.009831757138E0,9.194339859453E0));
#544=CARTESIAN_POINT('',(-7.900000000002E0,1.007003367428E0,9.188176221596E0));
#545=CARTESIAN_POINT('',(-7.899999999992E0,1.004584850247E0,9.181545095672E0));
#546=CARTESIAN_POINT('',(-7.900000000031E0,1.002617915836E0,9.174425311500E0));
#547=CARTESIAN_POINT('',(-7.899999999884E0,1.001151203514E0,9.166833084189E0));
#548=CARTESIAN_POINT('',(-7.900000000433E0,1.000221078208E0,9.158695926168E0));
#549=CARTESIAN_POINT('',(-7.899999999067E0,9.999999993652E-1,9.152891244549E0));
#550=CARTESIAN_POINT('',(-7.899999999067E0,9.999999999318E-1,9.149896614452E0));
#552=DIRECTION('',(-3.348045800012E-12,-5.804209599455E-11,-1.E0));
#553=VECTOR('',#552,7.399793885445E0);
#554=CARTESIAN_POINT('',(-7.899999999067E0,9.999999999318E-1,
-1.750103385548E0));
#555=LINE('',#554,#553);
#556=DIRECTION('',(-3.309757042210E-12,-5.760497101081E-11,-1.E0));
#557=VECTOR('',#556,7.399793885438E0);
#558=CARTESIAN_POINT('',(-7.899999999067E0,9.999999999318E-1,9.149896614452E0));
#559=LINE('',#558,#557);
#560=CARTESIAN_POINT('',(-7.850193629586E0,1.795871317022E0,-8.922133976230E0));
#561=CARTESIAN_POINT('',(-7.851980449969E0,1.767789321694E0,-8.926958152927E0));
#562=CARTESIAN_POINT('',(-7.855400722130E0,1.714034480818E0,-8.936479201757E0));
#563=CARTESIAN_POINT('',(-7.860052915035E0,1.640919360168E0,-8.950226414694E0));
#564=CARTESIAN_POINT('',(-7.864286103570E0,1.574389092279E0,-8.963506804878E0));
#565=CARTESIAN_POINT('',(-7.868140353703E0,1.513814440201E0,-8.976352716136E0));
#566=CARTESIAN_POINT('',(-7.871648335415E0,1.458681837866E0,-8.988783568924E0));
#567=CARTESIAN_POINT('',(-7.874836849271E0,1.408570109436E0,-9.000807769453E0));
#568=CARTESIAN_POINT('',(-7.877734336166E0,1.363032258572E0,-9.012448340576E0));
#569=CARTESIAN_POINT('',(-7.880370119710E0,1.321607422671E0,-9.023744727646E0));
#570=CARTESIAN_POINT('',(-7.882772373663E0,1.283852817319E0,-9.034746692659E0));
#571=CARTESIAN_POINT('',(-7.884973482203E0,1.249259461512E0,-9.045544664404E0));
#572=CARTESIAN_POINT('',(-7.886994272040E0,1.217500062520E0,-9.056199645830E0));
#573=CARTESIAN_POINT('',(-7.888834082991E0,1.188585014947E0,-9.066667941603E0));
#574=CARTESIAN_POINT('',(-7.890484056781E0,1.162653543352E0,-9.076837773950E0));
#575=CARTESIAN_POINT('',(-7.891940380956E0,1.139765555549E0,-9.086592498528E0));
#576=CARTESIAN_POINT('',(-7.893212929990E0,1.119765833744E0,-9.095879592824E0));
#577=CARTESIAN_POINT('',(-7.894322142733E0,1.102333161086E0,-9.104723859321E0));
#578=CARTESIAN_POINT('',(-7.895288483387E0,1.087145912178E0,-9.113170929219E0));
#579=CARTESIAN_POINT('',(-7.896132466989E0,1.073881663219E0,-9.121294131260E0));
#580=CARTESIAN_POINT('',(-7.896872030618E0,1.062258513437E0,-9.129181388011E0));
#581=CARTESIAN_POINT('',(-7.897513960384E0,1.052169766311E0,-9.136830441639E0));
#582=CARTESIAN_POINT('',(-7.898061148946E0,1.043569969729E0,-9.144181583486E0));
#583=CARTESIAN_POINT('',(-7.898519586454E0,1.036364992729E0,-9.151193423677E0));
#584=CARTESIAN_POINT('',(-7.898896842092E0,1.030435889983E0,-9.157836913326E0));
#585=CARTESIAN_POINT('',(-7.899201077774E0,1.025654400635E0,-9.164085474029E0));
#586=CARTESIAN_POINT('',(-7.899441962141E0,1.021868575230E0,-9.169945060534E0));
#587=CARTESIAN_POINT('',(-7.899629612888E0,1.018919398345E0,-9.175462057141E0));
#588=CARTESIAN_POINT('',(-7.899773094129E0,1.016664408976E0,-9.180717091249E0));
#589=CARTESIAN_POINT('',(-7.899878548046E0,1.015007085493E0,-9.185769267353E0));
#590=CARTESIAN_POINT('',(-7.899950071026E0,1.013882965892E0,-9.190644236315E0));
#591=CARTESIAN_POINT('',(-7.899991161931E0,1.013237389540E0,-9.195369260859E0));
#592=CARTESIAN_POINT('',(-7.899999999506E0,1.013097913780E0,-9.198467724962E0));
#593=CARTESIAN_POINT('',(-7.899999999261E0,1.013097922512E0,-9.200000000605E0));
#595=CARTESIAN_POINT('',(-8.131516235256E0,1.795871295792E0,-8.817934162858E0));
#596=DIRECTION('',(-8.483866638075E-2,-9.697103940285E-1,-2.290505455131E-1));
#597=DIRECTION('',(9.377419602374E-1,-3.001672333201E-8,-3.473327165847E-1));
#598=AXIS2_PLACEMENT_3D('',#595,#596,#597);
#600=CARTESIAN_POINT('',(-7.832657821653E0,1.769724593995E0,-8.817934220014E0));
#601=CARTESIAN_POINT('',(-7.835107117235E0,1.741729113438E0,-8.824547056080E0));
#602=CARTESIAN_POINT('',(-7.839795677496E0,1.688138522889E0,-8.837597106391E0));
#603=CARTESIAN_POINT('',(-7.846175289327E0,1.615219266793E0,-8.856443455420E0));
#604=CARTESIAN_POINT('',(-7.851981920363E0,1.548849159423E0,-8.874651289865E0));
#605=CARTESIAN_POINT('',(-7.857270332421E0,1.488402335927E0,-8.892265210278E0));
#606=CARTESIAN_POINT('',(-7.862085105229E0,1.433369230123E0,-8.909311760206E0));
#607=CARTESIAN_POINT('',(-7.866462789244E0,1.383332073070E0,-8.925802403652E0));
#608=CARTESIAN_POINT('',(-7.870442085237E0,1.337848511685E0,-8.941768113202E0));
#609=CARTESIAN_POINT('',(-7.874062924385E0,1.296462130864E0,-8.957262178083E0));
#610=CARTESIAN_POINT('',(-7.877363676959E0,1.258734356297E0,-8.972351810271E0));
#611=CARTESIAN_POINT('',(-7.880388482475E0,1.224160671042E0,-8.987159408671E0));
#612=CARTESIAN_POINT('',(-7.883166356216E0,1.192409428896E0,-9.001770431485E0));
#613=CARTESIAN_POINT('',(-7.885697264414E0,1.163481015816E0,-9.016130296564E0));
#614=CARTESIAN_POINT('',(-7.887969221742E0,1.137512424737E0,-9.030088813214E0));
#615=CARTESIAN_POINT('',(-7.889976522024E0,1.114568877522E0,-9.043485767432E0));
#616=CARTESIAN_POINT('',(-7.891731795116E0,1.094506014271E0,-9.056244918218E0));
#617=CARTESIAN_POINT('',(-7.893262413795E0,1.077010962720E0,-9.068395675735E0));
#618=CARTESIAN_POINT('',(-7.894596463525E0,1.061762704529E0,-9.080000182180E0));
#619=CARTESIAN_POINT('',(-7.895761875984E0,1.048441979154E0,-9.091156093537E0));
#620=CARTESIAN_POINT('',(-7.896783423441E0,1.036765638359E0,-9.101983324840E0));
#621=CARTESIAN_POINT('',(-7.897671413127E0,1.026615869541E0,-9.112489601191E0));
#622=CARTESIAN_POINT('',(-7.898429633787E0,1.017949368734E0,-9.122594076809E0));
#623=CARTESIAN_POINT('',(-7.899065965664E0,1.010676058367E0,-9.132238458763E0));
#624=CARTESIAN_POINT('',(-7.899590414111E0,1.004681599117E0,-9.141377970957E0));
#625=CARTESIAN_POINT('',(-7.899873544759E0,1.001445366350E0,-9.147123755096E0));
#626=CARTESIAN_POINT('',(-7.899999999092E0,9.999999995023E-1,
-9.149897270993E0));
#628=CARTESIAN_POINT('',(-7.899999999092E0,9.999999995023E-1,
-9.149897270993E0));
#629=CARTESIAN_POINT('',(-7.899999999092E0,1.000000017060E0,-9.152951408918E0));
#630=CARTESIAN_POINT('',(-7.900000000421E0,1.000229548349E0,-9.158860371927E0));
#631=CARTESIAN_POINT('',(-7.899999999888E0,1.001194938772E0,-9.167138051511E0));
#632=CARTESIAN_POINT('',(-7.900000000026E0,1.002704619131E0,-9.174796398054E0));
#633=CARTESIAN_POINT('',(-7.900000000007E0,1.004695313104E0,-9.181884672967E0));
#634=CARTESIAN_POINT('',(-7.899999999946E0,1.007114420986E0,-9.188438937454E0));
#635=CARTESIAN_POINT('',(-7.900000000211E0,1.009908826275E0,-9.194483103391E0));
#636=CARTESIAN_POINT('',(-7.899999999545E0,1.012002012461E0,-9.198209394059E0));
#637=CARTESIAN_POINT('',(-7.899999999261E0,1.013097922512E0,-9.200000000605E0));
#639=DIRECTION('',(1.576592270820E-10,-1.E0,-1.289926554614E-10));
#640=VECTOR('',#639,4.686902077488E0);
#641=CARTESIAN_POINT('',(-7.9E0,5.7E0,-9.2E0));
#642=LINE('',#641,#640);
#643=CARTESIAN_POINT('',(-7.1E0,5.7E0,-9.2E0));
#644=DIRECTION('',(0.E0,1.E0,0.E0));
#645=DIRECTION('',(-1.E0,0.E0,0.E0));
#646=AXIS2_PLACEMENT_3D('',#643,#644,#645);
#648=DIRECTION('',(0.E0,-1.E0,-3.891740225511E-11));
#649=VECTOR('',#648,2.901880800815E0);
#650=CARTESIAN_POINT('',(-7.1E0,5.7E0,-8.4E0));
#651=LINE('',#650,#649);
#652=CARTESIAN_POINT('',(-7.035702065497E0,1.7E0,-8.4E0));
#653=DIRECTION('',(0.E0,0.E0,1.E0));
#654=DIRECTION('',(0.E0,1.E0,0.E0));
#655=AXIS2_PLACEMENT_3D('',#652,#653,#654);
#657=CARTESIAN_POINT('',(-7.035702065497E0,2.8E0,-8.1E0));
#658=DIRECTION('',(-1.E0,0.E0,0.E0));
#659=DIRECTION('',(0.E0,0.E0,-1.E0));
#660=AXIS2_PLACEMENT_3D('',#657,#658,#659);
#662=CARTESIAN_POINT('',(-7.035702065497E0,1.7E0,-8.1E0));
#663=DIRECTION('',(0.E0,0.E0,1.E0));
#664=DIRECTION('',(0.E0,1.E0,0.E0));
#665=AXIS2_PLACEMENT_3D('',#662,#663,#664);
#667=DIRECTION('',(-1.E0,0.E0,0.E0));
#668=VECTOR('',#667,1.407140413099E1);
#669=CARTESIAN_POINT('',(7.035702065497E0,2.8E0,-8.4E0));
#670=LINE('',#669,#668);
#671=CARTESIAN_POINT('',(7.035702065497E0,2.8E0,-8.1E0));
#672=DIRECTION('',(-1.E0,0.E0,0.E0));
#673=DIRECTION('',(0.E0,0.E0,-1.E0));
#674=AXIS2_PLACEMENT_3D('',#671,#672,#673);
#676=DIRECTION('',(-1.E0,0.E0,0.E0));
#677=VECTOR('',#676,1.407140413099E1);
#678=CARTESIAN_POINT('',(7.035702065497E0,2.5E0,-8.1E0));
#679=LINE('',#678,#677);
#680=CARTESIAN_POINT('',(7.035702065497E0,1.7E0,-8.4E0));
#681=DIRECTION('',(0.E0,0.E0,1.E0));
#682=DIRECTION('',(5.845266772984E-2,9.982901810773E-1,0.E0));
#683=AXIS2_PLACEMENT_3D('',#680,#681,#682);
#685=CARTESIAN_POINT('',(7.1E0,2.798119199185E0,-8.1E0));
#686=DIRECTION('',(-9.982901810773E-1,5.845266772984E-2,0.E0));
#687=DIRECTION('',(0.E0,0.E0,-1.E0));
#688=AXIS2_PLACEMENT_3D('',#685,#686,#687);
#690=CARTESIAN_POINT('',(7.035702065497E0,1.7E0,-8.1E0));
#691=DIRECTION('',(0.E0,0.E0,1.E0));
#692=DIRECTION('',(5.845266772984E-2,9.982901810773E-1,0.E0));
#693=AXIS2_PLACEMENT_3D('',#690,#691,#692);
#695=CARTESIAN_POINT('',(7.850193627405E0,1.795871317022E0,-8.922133977038E0));
#696=CARTESIAN_POINT('',(7.849727293423E0,1.803200409902E0,-8.920874940042E0));
#697=CARTESIAN_POINT('',(7.848659698302E0,1.818261718919E0,-8.918012058476E0));
#698=CARTESIAN_POINT('',(7.846644953596E0,1.841631718428E0,-8.912711550139E0));
#699=CARTESIAN_POINT('',(7.844043872494E0,1.867010808245E0,-8.906027149049E0));
#700=CARTESIAN_POINT('',(7.840662273712E0,1.895050051505E0,-8.897585893405E0));
#701=CARTESIAN_POINT('',(7.836268773375E0,1.926155353239E0,-8.887014026234E0));
#702=CARTESIAN_POINT('',(7.830813299812E0,1.959443166809E0,-8.874443055282E0));
#703=CARTESIAN_POINT('',(7.823865730577E0,1.996238061253E0,-8.859219825394E0));
#704=CARTESIAN_POINT('',(7.814977773207E0,2.037124394326E0,-8.840870584834E0));
#705=CARTESIAN_POINT('',(7.803487369978E0,2.083031755099E0,-8.818741434311E0));
#706=CARTESIAN_POINT('',(7.788733891016E0,2.133979747567E0,-8.792584643009E0));
#707=CARTESIAN_POINT('',(7.770883880653E0,2.187374599236E0,-8.763712354302E0));
#708=CARTESIAN_POINT('',(7.749803167952E0,2.242151637537E0,-8.732846079094E0));
#709=CARTESIAN_POINT('',(7.727014195984E0,2.294071539834E0,-8.702667112590E0));
#710=CARTESIAN_POINT('',(7.702319919034E0,2.343931169839E0,-8.673023163371E0));
#711=CARTESIAN_POINT('',(7.676506972250E0,2.390414512352E0,-8.644912709932E0));
#712=CARTESIAN_POINT('',(7.649571158670E0,2.433978013355E0,-8.618242576542E0));
#713=CARTESIAN_POINT('',(7.621998538808E0,2.474204820922E0,-8.593395909500E0));
#714=CARTESIAN_POINT('',(7.593820054085E0,2.511439849552E0,-8.570258767602E0));
#715=CARTESIAN_POINT('',(7.565369733057E0,2.545576750865E0,-8.548968176034E0));
#716=CARTESIAN_POINT('',(7.536662454768E0,2.576915441721E0,-8.529390162141E0));
#717=CARTESIAN_POINT('',(7.507958178888E0,2.605450000083E0,-8.511566565772E0));
#718=CARTESIAN_POINT('',(7.479286325063E0,2.631417436944E0,-8.495376906116E0));
#719=CARTESIAN_POINT('',(7.450760319606E0,2.654940500491E0,-8.480763961281E0));
#720=CARTESIAN_POINT('',(7.422429577068E0,2.676186739553E0,-8.46763665E0));
#721=CARTESIAN_POINT('',(7.394312578775E0,2.695320616421E0,-8.455901828711E0));
#722=CARTESIAN_POINT('',(7.366447070631E0,2.712473033250E0,-8.445484191401E0));
#723=CARTESIAN_POINT('',(7.338848532083E0,2.727774313157E0,-8.436306697742E0));
#724=CARTESIAN_POINT('',(7.311496122250E0,2.741355721830E0,-8.428290859627E0));
#725=CARTESIAN_POINT('',(7.284397150771E0,2.753316133191E0,-8.421377158246E0));
#726=CARTESIAN_POINT('',(7.257554821977E0,2.763746702724E0,-8.415510096718E0));
#727=CARTESIAN_POINT('',(7.230899303169E0,2.772750007920E0,-8.410628780873E0));
#728=CARTESIAN_POINT('',(7.204446740170E0,2.780382273839E0,-8.406699226564E0));
#729=CARTESIAN_POINT('',(7.178186240083E0,2.786704733610E0,-8.403684645754E0));
#730=CARTESIAN_POINT('',(7.151999129437E0,2.791785926745E0,-8.401548482559E0));
#731=CARTESIAN_POINT('',(7.125918911942E0,2.795647185146E0,-8.400278780695E0));
#732=CARTESIAN_POINT('',(7.108621339515E0,2.797425051141E0,-8.399999999948E0));
#733=CARTESIAN_POINT('',(7.1E0,2.798119199185E0,-8.400000000117E0));
#735=CARTESIAN_POINT('',(8.131516230397E0,1.795871323803E0,-8.817934210180E0));
#736=DIRECTION('',(-8.483863899628E-2,9.697103822315E-1,2.290506055998E-1));
#737=DIRECTION('',(-9.377420183426E-1,-2.415121367423E-8,-3.473325597101E-1));
#738=AXIS2_PLACEMENT_3D('',#735,#736,#737);
#740=CARTESIAN_POINT('',(7.832657822519E0,1.769724594071E0,-8.817934220014E0));
#741=CARTESIAN_POINT('',(7.832191724455E0,1.775052082610E0,-8.816203938860E0));
#742=CARTESIAN_POINT('',(7.831123606433E0,1.786011605498E0,-8.812265481591E0));
#743=CARTESIAN_POINT('',(7.829108971989E0,1.803006226935E0,-8.804977754748E0));
#744=CARTESIAN_POINT('',(7.826507725741E0,1.821464918931E0,-8.795786092309E0));
#745=CARTESIAN_POINT('',(7.823125977091E0,1.841857559093E0,-8.784178901611E0));
#746=CARTESIAN_POINT('',(7.818732626076E0,1.864478560936E0,-8.769643100410E0));
#747=CARTESIAN_POINT('',(7.813276935076E0,1.888688662083E0,-8.752357362516E0));
#748=CARTESIAN_POINT('',(7.806329246322E0,1.915448707666E0,-8.731425137954E0));
#749=CARTESIAN_POINT('',(7.797441063371E0,1.945184651337E0,-8.706194394939E0));
#750=CARTESIAN_POINT('',(7.785950480383E0,1.978571850687E0,-8.675766534384E0));
#751=CARTESIAN_POINT('',(7.771197328137E0,2.015623638472E0,-8.639801948744E0));
#752=CARTESIAN_POINT('',(7.753347252680E0,2.054456095456E0,-8.600102584213E0));
#753=CARTESIAN_POINT('',(7.732266964132E0,2.094292847281E0,-8.557662491260E0));
#754=CARTESIAN_POINT('',(7.709477695858E0,2.132053199123E0,-8.516165953468E0));
#755=CARTESIAN_POINT('',(7.684783425692E0,2.168314553525E0,-8.475405695233E0));
#756=CARTESIAN_POINT('',(7.658970355431E0,2.202120690719E0,-8.436753748740E0));
#757=CARTESIAN_POINT('',(7.632034529376E0,2.233803133986E0,-8.400082427373E0));
#758=CARTESIAN_POINT('',(7.604461877777E0,2.263058943408E0,-8.365918327753E0));
#759=CARTESIAN_POINT('',(7.576283407082E0,2.290138865148E0,-8.334104876180E0));
#760=CARTESIAN_POINT('',(7.547833099151E0,2.314965622004E0,-8.304830414728E0));
#761=CARTESIAN_POINT('',(7.519125855300E0,2.337757303466E0,-8.277910757537E0));
#762=CARTESIAN_POINT('',(7.490421616092E0,2.358509627473E0,-8.253403412154E0));
#763=CARTESIAN_POINT('',(7.461749806510E0,2.377394956077E0,-8.231142723657E0));
#764=CARTESIAN_POINT('',(7.433223848721E0,2.394502566429E0,-8.211050008381E0));
#765=CARTESIAN_POINT('',(7.404893156372E0,2.409954311518E0,-8.193000029949E0));
#766=CARTESIAN_POINT('',(7.376776210223E0,2.423869800360E0,-8.176864716230E0));
#767=CARTESIAN_POINT('',(7.348910755506E0,2.436344234790E0,-8.162540521843E0));
#768=CARTESIAN_POINT('',(7.321312270965E0,2.447472395119E0,-8.149921517295E0));
#769=CARTESIAN_POINT('',(7.293959914837E0,2.457349746702E0,-8.138899781501E0));
#770=CARTESIAN_POINT('',(7.266860996413E0,2.466048197550E0,-8.129393477426E0));
#771=CARTESIAN_POINT('',(7.240018720747E0,2.473634041056E0,-8.121326297107E0));
#772=CARTESIAN_POINT('',(7.213363251717E0,2.480181879976E0,-8.114614513213E0));
#773=CARTESIAN_POINT('',(7.186910739006E0,2.485732601990E0,-8.109211392747E0));
#774=CARTESIAN_POINT('',(7.160650286973E0,2.490330742614E0,-8.105066365689E0));
#775=CARTESIAN_POINT('',(7.134463232467E0,2.494026145278E0,-8.102129147998E0));
#776=CARTESIAN_POINT('',(7.108383019568E0,2.496834321731E0,-8.100383312286E0));
#777=CARTESIAN_POINT('',(7.091085577637E0,2.498127331631E0,-8.100000021719E0));
#778=CARTESIAN_POINT('',(7.082464199649E0,2.498632144311E0,-8.1E0));
#780=DIRECTION('',(0.E0,-1.E0,-4.039265926145E-11));
#781=VECTOR('',#780,2.901880800815E0);
#782=CARTESIAN_POINT('',(7.1E0,5.7E0,-8.4E0));
#783=LINE('',#782,#781);
#784=CARTESIAN_POINT('',(7.1E0,5.7E0,-9.2E0));
#785=DIRECTION('',(0.E0,1.E0,0.E0));
#786=DIRECTION('',(0.E0,0.E0,1.E0));
#787=AXIS2_PLACEMENT_3D('',#784,#785,#786);
#789=DIRECTION('',(-1.431441156407E-10,-1.E0,-1.151912090933E-10));
#790=VECTOR('',#789,4.686902019742E0);
#791=CARTESIAN_POINT('',(7.9E0,5.7E0,-9.2E0));
#792=LINE('',#791,#790);
#793=DIRECTION('',(3.310237152026E-12,-5.760917197169E-11,1.E0));
#794=VECTOR('',#793,7.399793885438E0);
#795=CARTESIAN_POINT('',(7.899999999067E0,9.999999999318E-1,-9.149896614452E0));
#796=LINE('',#795,#794);
#797=DIRECTION('',(1.285542063248E-10,1.124709535818E-11,-1.E0));
#798=VECTOR('',#797,6.735868440028E0);
#799=CARTESIAN_POINT('',(7.832657821653E0,1.769724593995E0,-2.082065779986E0));
#800=LINE('',#799,#798);
#801=DIRECTION('',(3.347445662742E-12,-5.803429421004E-11,1.E0));
#802=VECTOR('',#801,7.399793885445E0);
#803=CARTESIAN_POINT('',(7.899999999067E0,9.999999999318E-1,1.750103385548E0));
#804=LINE('',#803,#802);
#805=DIRECTION('',(1.285542063248E-10,1.124702942916E-11,-1.E0));
#806=VECTOR('',#805,6.735868440028E0);
#807=CARTESIAN_POINT('',(7.832657821653E0,1.769724593995E0,8.817934220014E0));
#808=LINE('',#807,#806);
#809=CARTESIAN_POINT('',(7.899999999067E0,9.999999999318E-1,-9.149896614452E0));
#810=CARTESIAN_POINT('',(7.899878013837E0,1.001394296403E0,-9.147221183677E0));
#811=CARTESIAN_POINT('',(7.899603770954E0,1.004528924199E0,-9.141642660593E0));
#812=CARTESIAN_POINT('',(7.899097489954E0,1.010315735555E0,-9.132759251616E0));
#813=CARTESIAN_POINT('',(7.898468620144E0,1.017503752238E0,-9.123143644034E0));
#814=CARTESIAN_POINT('',(7.897697548382E0,1.026317142310E0,-9.112804565325E0));
#815=CARTESIAN_POINT('',(7.896782043946E0,1.036781406037E0,-9.101955768266E0));
#816=CARTESIAN_POINT('',(7.895733365426E0,1.048767856328E0,-9.090862549213E0));
#817=CARTESIAN_POINT('',(7.894547084242E0,1.062327112319E0,-9.079547203501E0));
#818=CARTESIAN_POINT('',(7.893196549311E0,1.077763797215E0,-9.067847931760E0));
#819=CARTESIAN_POINT('',(7.891650902744E0,1.095430618322E0,-9.055630770313E0));
#820=CARTESIAN_POINT('',(7.889879549018E0,1.115677284050E0,-9.042810934450E0));
#821=CARTESIAN_POINT('',(7.887854799952E0,1.138820271771E0,-9.029357111428E0));
#822=CARTESIAN_POINT('',(7.885565985738E0,1.164981537953E0,-9.015356794080E0));
#823=CARTESIAN_POINT('',(7.883021193573E0,1.194068645498E0,-9.000979544152E0));
#824=CARTESIAN_POINT('',(7.880233125640E0,1.225936407794E0,-8.986373373226E0));
#825=CARTESIAN_POINT('',(7.877200095313E0,1.260604103070E0,-8.971580171108E0));
#826=CARTESIAN_POINT('',(7.873892647100E0,1.298408409137E0,-8.956511254003E0));
#827=CARTESIAN_POINT('',(7.870267817193E0,1.339840404546E0,-8.941048302446E0));
#828=CARTESIAN_POINT('',(7.866288621030E0,1.385322824871E0,-8.925127654632E0));
#829=CARTESIAN_POINT('',(7.861916497828E0,1.435296421530E0,-8.908698481150E0));
#830=CARTESIAN_POINT('',(7.857114325793E0,1.490185499837E0,-8.891732078703E0));
#831=CARTESIAN_POINT('',(7.851846878739E0,1.550392692264E0,-8.874217610012E0));
#832=CARTESIAN_POINT('',(7.846071405961E0,1.616406659037E0,-8.856130180983E0));
#833=CARTESIAN_POINT('',(7.839734748473E0,1.688834945038E0,-8.837425618866E0));
#834=CARTESIAN_POINT('',(7.835085202168E0,1.741979603290E0,-8.824487873537E0));
#835=CARTESIAN_POINT('',(7.832657822519E0,1.769724594071E0,-8.817934220014E0));
#837=CARTESIAN_POINT('',(7.899999999329E0,1.013097980258E0,-9.200000000540E0));
#838=CARTESIAN_POINT('',(7.899999999880E0,1.013097960571E0,-9.198479795256E0));
#839=CARTESIAN_POINT('',(7.899991306086E0,1.013235100301E0,-9.195407772888E0));
#840=CARTESIAN_POINT('',(7.899950914973E0,1.013869713686E0,-9.190724725828E0));
#841=CARTESIAN_POINT('',(7.899880853827E0,1.014970851862E0,-9.185907798853E0));
#842=CARTESIAN_POINT('',(7.899778230756E0,1.016583687275E0,-9.180939560682E0));
#843=CARTESIAN_POINT('',(7.899639041377E0,1.018771221916E0,-9.175777964156E0));
#844=CARTESIAN_POINT('',(7.899457143076E0,1.021629987401E0,-9.170358936633E0));
#845=CARTESIAN_POINT('',(7.899225732143E0,1.025266920708E0,-9.164648853232E0));
#846=CARTESIAN_POINT('',(7.898936905422E0,1.029806232540E0,-9.158614716484E0));
#847=CARTESIAN_POINT('',(7.898578487075E0,1.035439280183E0,-9.152174069735E0));
#848=CARTESIAN_POINT('',(7.898133311028E0,1.042435848062E0,-9.145221118070E0));
#849=CARTESIAN_POINT('',(7.897584824452E0,1.051056064499E0,-9.137722233149E0));
#850=CARTESIAN_POINT('',(7.896928756747E0,1.061367006703E0,-9.129812724321E0));
#851=CARTESIAN_POINT('',(7.896173110423E0,1.073242907435E0,-9.121700019062E0));
#852=CARTESIAN_POINT('',(7.895317950360E0,1.086682799556E0,-9.113437873791E0));
#853=CARTESIAN_POINT('',(7.894344452271E0,1.101982529303E0,-9.104907971237E0));
#854=CARTESIAN_POINT('',(7.893229461353E0,1.119506007437E0,-9.096003985270E0));
#855=CARTESIAN_POINT('',(7.891950627680E0,1.139604494646E0,-9.086662497926E0));
#856=CARTESIAN_POINT('',(7.890486387636E0,1.162616884327E0,-9.076851146223E0));
#857=CARTESIAN_POINT('',(7.888827178431E0,1.188693503592E0,-9.066625699408E0));
#858=CARTESIAN_POINT('',(7.886978152001E0,1.217753390397E0,-9.056110402793E0));
#859=CARTESIAN_POINT('',(7.884949036629E0,1.249643646514E0,-9.045419714327E0));
#860=CARTESIAN_POINT('',(7.882740147543E0,1.284359291199E0,-9.034593533101E0));
#861=CARTESIAN_POINT('',(7.880330689997E0,1.322227120705E0,-9.023569821632E0));
#862=CARTESIAN_POINT('',(7.877688642044E0,1.363750421594E0,-9.012258714488E0));
#863=CARTESIAN_POINT('',(7.874786533527E0,1.409360920503E0,-9.000612101074E0));
#864=CARTESIAN_POINT('',(7.871595667660E0,1.459509629085E0,-8.988591410914E0));
#865=CARTESIAN_POINT('',(7.868088383107E0,1.514631287295E0,-8.976174671565E0));
#866=CARTESIAN_POINT('',(7.864238564029E0,1.575136322348E0,-8.963353832887E0));
#867=CARTESIAN_POINT('',(7.860014603681E0,1.641521532858E0,-8.950110704732E0));
#868=CARTESIAN_POINT('',(7.855377203907E0,1.714404303561E0,-8.936412913493E0));
#869=CARTESIAN_POINT('',(7.851971825846E0,1.767924727452E0,-8.926934871404E0));
#870=CARTESIAN_POINT('',(7.850193627405E0,1.795871317022E0,-8.922133977038E0));
#872=CARTESIAN_POINT('',(7.899999999329E0,1.013097980258E0,-9.200000000540E0));
#873=CARTESIAN_POINT('',(7.899999999995E0,1.011971419447E0,-9.198159463111E0));
#874=CARTESIAN_POINT('',(7.900000000002E0,1.009832052771E0,-9.194340407100E0));
#875=CARTESIAN_POINT('',(7.900000000002E0,1.007003877941E0,-9.188177402506E0));
#876=CARTESIAN_POINT('',(7.899999999992E0,1.004585481653E0,-9.181547064663E0));
#877=CARTESIAN_POINT('',(7.900000000031E0,1.002618221535E0,-9.174426732017E0));
#878=CARTESIAN_POINT('',(7.899999999884E0,1.001151254272E0,-9.166833596974E0));
#879=CARTESIAN_POINT('',(7.900000000433E0,1.000221037620E0,-9.158695526072E0));
#880=CARTESIAN_POINT('',(7.899999999067E0,9.999999993652E-1,-9.152891023758E0));
#881=CARTESIAN_POINT('',(7.899999999067E0,9.999999999318E-1,-9.149896614452E0));
#883=CARTESIAN_POINT('',(7.850193629586E0,1.795871317022E0,-1.977866023770E0));
#884=CARTESIAN_POINT('',(7.851980449969E0,1.767789321694E0,-1.973041847073E0));
#885=CARTESIAN_POINT('',(7.855400722130E0,1.714034480818E0,-1.963520798243E0));
#886=CARTESIAN_POINT('',(7.860052915035E0,1.640919360168E0,-1.949773585306E0));
#887=CARTESIAN_POINT('',(7.864286103570E0,1.574389092279E0,-1.936493195122E0));
#888=CARTESIAN_POINT('',(7.868140353703E0,1.513814440201E0,-1.923647283864E0));
#889=CARTESIAN_POINT('',(7.871648335415E0,1.458681837867E0,-1.911216431076E0));
#890=CARTESIAN_POINT('',(7.874836849271E0,1.408570109436E0,-1.899192230547E0));
#891=CARTESIAN_POINT('',(7.877734336166E0,1.363032258572E0,-1.887551659424E0));
#892=CARTESIAN_POINT('',(7.880370119710E0,1.321607422671E0,-1.876255272354E0));
#893=CARTESIAN_POINT('',(7.882772373663E0,1.283852817320E0,-1.865253307341E0));
#894=CARTESIAN_POINT('',(7.884973482203E0,1.249259461512E0,-1.854455335596E0));
#895=CARTESIAN_POINT('',(7.886994272040E0,1.217500062520E0,-1.843800354170E0));
#896=CARTESIAN_POINT('',(7.888834082991E0,1.188585014947E0,-1.833332058397E0));
#897=CARTESIAN_POINT('',(7.890484056781E0,1.162653543352E0,-1.823162226050E0));
#898=CARTESIAN_POINT('',(7.891940380956E0,1.139765555549E0,-1.813407501472E0));
#899=CARTESIAN_POINT('',(7.893212929990E0,1.119765833744E0,-1.804120407176E0));
#900=CARTESIAN_POINT('',(7.894322142733E0,1.102333161086E0,-1.795276140679E0));
#901=CARTESIAN_POINT('',(7.895288483387E0,1.087145912178E0,-1.786829070781E0));
#902=CARTESIAN_POINT('',(7.896132466989E0,1.073881663218E0,-1.778705868740E0));
#903=CARTESIAN_POINT('',(7.896872030618E0,1.062258513437E0,-1.770818611989E0));
#904=CARTESIAN_POINT('',(7.897513960384E0,1.052169766311E0,-1.763169558361E0));
#905=CARTESIAN_POINT('',(7.898061148946E0,1.043569969729E0,-1.755818416513E0));
#906=CARTESIAN_POINT('',(7.898519586454E0,1.036364992729E0,-1.748806576323E0));
#907=CARTESIAN_POINT('',(7.898896842092E0,1.030435889983E0,-1.742163086674E0));
#908=CARTESIAN_POINT('',(7.899201077774E0,1.025654400634E0,-1.735914525971E0));
#909=CARTESIAN_POINT('',(7.899441962141E0,1.021868575230E0,-1.730054939466E0));
#910=CARTESIAN_POINT('',(7.899629612888E0,1.018919398345E0,-1.724537942859E0));
#911=CARTESIAN_POINT('',(7.899773094129E0,1.016664408976E0,-1.719282908751E0));
#912=CARTESIAN_POINT('',(7.899878548046E0,1.015007085493E0,-1.714230732647E0));
#913=CARTESIAN_POINT('',(7.899950071026E0,1.013882965892E0,-1.709355763685E0));
#914=CARTESIAN_POINT('',(7.899991161931E0,1.013237389540E0,-1.704630739141E0));
#915=CARTESIAN_POINT('',(7.899999999506E0,1.013097913780E0,-1.701532275038E0));
#916=CARTESIAN_POINT('',(7.899999999261E0,1.013097922512E0,-1.699999999396E0));
#918=CARTESIAN_POINT('',(8.131516235255E0,1.795871295795E0,-2.082065837142E0));
#919=DIRECTION('',(8.483866638076E-2,-9.697103940286E-1,2.290505455128E-1));
#920=DIRECTION('',(-9.377419602374E-1,-3.001685507847E-8,3.473327165847E-1));
#921=AXIS2_PLACEMENT_3D('',#918,#919,#920);
#923=CARTESIAN_POINT('',(7.832657821653E0,1.769724593995E0,-2.082065779986E0));
#924=CARTESIAN_POINT('',(7.835107117235E0,1.741729113438E0,-2.075452943920E0));
#925=CARTESIAN_POINT('',(7.839795677496E0,1.688138522889E0,-2.062402893609E0));
#926=CARTESIAN_POINT('',(7.846175289327E0,1.615219266793E0,-2.043556544580E0));
#927=CARTESIAN_POINT('',(7.851981920363E0,1.548849159423E0,-2.025348710135E0));
#928=CARTESIAN_POINT('',(7.857270332421E0,1.488402335927E0,-2.007734789722E0));
#929=CARTESIAN_POINT('',(7.862085105229E0,1.433369230123E0,-1.990688239794E0));
#930=CARTESIAN_POINT('',(7.866462789244E0,1.383332073070E0,-1.974197596348E0));
#931=CARTESIAN_POINT('',(7.870442085237E0,1.337848511685E0,-1.958231886798E0));
#932=CARTESIAN_POINT('',(7.874062924385E0,1.296462130864E0,-1.942737821917E0));
#933=CARTESIAN_POINT('',(7.877363676959E0,1.258734356297E0,-1.927648189729E0));
#934=CARTESIAN_POINT('',(7.880388482475E0,1.224160671042E0,-1.912840591329E0));
#935=CARTESIAN_POINT('',(7.883166356216E0,1.192409428896E0,-1.898229568515E0));
#936=CARTESIAN_POINT('',(7.885697264414E0,1.163481015816E0,-1.883869703436E0));
#937=CARTESIAN_POINT('',(7.887969221742E0,1.137512424737E0,-1.869911186786E0));
#938=CARTESIAN_POINT('',(7.889976522024E0,1.114568877522E0,-1.856514232568E0));
#939=CARTESIAN_POINT('',(7.891731795116E0,1.094506014271E0,-1.843755081782E0));
#940=CARTESIAN_POINT('',(7.893262413795E0,1.077010962720E0,-1.831604324265E0));
#941=CARTESIAN_POINT('',(7.894596463525E0,1.061762704529E0,-1.819999817819E0));
#942=CARTESIAN_POINT('',(7.895761875984E0,1.048441979154E0,-1.808843906463E0));
#943=CARTESIAN_POINT('',(7.896783423441E0,1.036765638358E0,-1.798016675160E0));
#944=CARTESIAN_POINT('',(7.897671413127E0,1.026615869540E0,-1.787510398809E0));
#945=CARTESIAN_POINT('',(7.898429633787E0,1.017949368734E0,-1.777405923191E0));
#946=CARTESIAN_POINT('',(7.899065965664E0,1.010676058367E0,-1.767761541237E0));
#947=CARTESIAN_POINT('',(7.899590414111E0,1.004681599115E0,-1.758622029040E0));
#948=CARTESIAN_POINT('',(7.899873544759E0,1.001445366354E0,-1.752876244910E0));
#949=CARTESIAN_POINT('',(7.899999999091E0,9.999999995055E-1,-1.750102729013E0));
#951=CARTESIAN_POINT('',(7.899999999091E0,9.999999995055E-1,-1.750102729013E0));
#952=CARTESIAN_POINT('',(7.899999999091E0,1.000000016965E0,-1.747065640308E0));
#953=CARTESIAN_POINT('',(7.900000000421E0,1.000227138729E0,-1.741185478393E0));
#954=CARTESIAN_POINT('',(7.899999999888E0,1.001183213220E0,-1.732940527634E0));
#955=CARTESIAN_POINT('',(7.900000000026E0,1.002685000376E0,-1.725288206869E0));
#956=CARTESIAN_POINT('',(7.900000000007E0,1.004661974204E0,-1.718219905023E0));
#957=CARTESIAN_POINT('',(7.899999999946E0,1.007074557381E0,-1.711655950068E0));
#958=CARTESIAN_POINT('',(7.900000000209E0,1.009876775738E0,-1.705576956349E0));
#959=CARTESIAN_POINT('',(7.899999999548E0,1.011988495938E0,-1.701812690577E0));
#960=CARTESIAN_POINT('',(7.899999999261E0,1.013097922512E0,-1.699999999396E0));
#962=DIRECTION('',(-1.576592270820E-10,-1.E0,1.289385999488E-10));
#963=VECTOR('',#962,4.686902077488E0);
#964=CARTESIAN_POINT('',(7.9E0,5.7E0,-1.7E0));
#965=LINE('',#964,#963);
#966=CARTESIAN_POINT('',(7.1E0,5.7E0,-1.7E0));
#967=DIRECTION('',(0.E0,1.E0,0.E0));
#968=DIRECTION('',(1.E0,0.E0,0.E0));
#969=AXIS2_PLACEMENT_3D('',#966,#967,#968);
#971=DIRECTION('',(0.E0,-1.E0,3.891724922015E-11));
#972=VECTOR('',#971,2.901880800815E0);
#973=CARTESIAN_POINT('',(7.1E0,5.7E0,-2.5E0));
#974=LINE('',#973,#972);
#975=CARTESIAN_POINT('',(7.035702065497E0,1.7E0,-2.5E0));
#976=DIRECTION('',(0.E0,0.E0,-1.E0));
#977=DIRECTION('',(0.E0,1.E0,0.E0));
#978=AXIS2_PLACEMENT_3D('',#975,#976,#977);
#980=CARTESIAN_POINT('',(7.035702065497E0,2.8E0,-2.8E0));
#981=DIRECTION('',(1.E0,0.E0,0.E0));
#982=DIRECTION('',(0.E0,0.E0,1.E0));
#983=AXIS2_PLACEMENT_3D('',#980,#981,#982);
#985=CARTESIAN_POINT('',(7.035702065497E0,1.7E0,-2.8E0));
#986=DIRECTION('',(0.E0,0.E0,-1.E0));
#987=DIRECTION('',(0.E0,1.E0,0.E0));
#988=AXIS2_PLACEMENT_3D('',#985,#986,#987);
#990=DIRECTION('',(1.E0,0.E0,0.E0));
#991=VECTOR('',#990,1.407140413099E1);
#992=CARTESIAN_POINT('',(-7.035702065497E0,2.8E0,-2.5E0));
#993=LINE('',#992,#991);
#994=CARTESIAN_POINT('',(-7.035702065497E0,2.8E0,-2.8E0));
#995=DIRECTION('',(1.E0,0.E0,0.E0));
#996=DIRECTION('',(0.E0,0.E0,1.E0));
#997=AXIS2_PLACEMENT_3D('',#994,#995,#996);
#999=DIRECTION('',(1.E0,0.E0,0.E0));
#1000=VECTOR('',#999,1.407140413099E1);
#1001=CARTESIAN_POINT('',(-7.035702065497E0,2.5E0,-2.8E0));
#1002=LINE('',#1001,#1000);
#1003=CARTESIAN_POINT('',(-7.035702065497E0,1.7E0,-2.5E0));
#1004=DIRECTION('',(0.E0,0.E0,-1.E0));
#1005=DIRECTION('',(-5.845266772984E-2,9.982901810773E-1,0.E0));
#1006=AXIS2_PLACEMENT_3D('',#1003,#1004,#1005);
#1008=CARTESIAN_POINT('',(-7.1E0,2.798119199185E0,-2.8E0));
#1009=DIRECTION('',(9.982901810773E-1,5.845266772984E-2,0.E0));
#1010=DIRECTION('',(0.E0,0.E0,1.E0));
#1011=AXIS2_PLACEMENT_3D('',#1008,#1009,#1010);
#1013=CARTESIAN_POINT('',(-7.035702065497E0,1.7E0,-2.8E0));
#1014=DIRECTION('',(0.E0,0.E0,-1.E0));
#1015=DIRECTION('',(-5.845266772984E-2,9.982901810773E-1,0.E0));
#1016=AXIS2_PLACEMENT_3D('',#1013,#1014,#1015);
#1018=CARTESIAN_POINT('',(-7.850193627405E0,1.795871317022E0,
-1.977866022962E0));
#1019=CARTESIAN_POINT('',(-7.849727293423E0,1.803200409902E0,
-1.979125059958E0));
#1020=CARTESIAN_POINT('',(-7.848659698302E0,1.818261718918E0,
-1.981987941524E0));
#1021=CARTESIAN_POINT('',(-7.846644953596E0,1.841631718429E0,
-1.987288449861E0));
#1022=CARTESIAN_POINT('',(-7.844043872494E0,1.867010808247E0,
-1.993972850952E0));
#1023=CARTESIAN_POINT('',(-7.840662273712E0,1.895050051505E0,
-2.002414106595E0));
#1024=CARTESIAN_POINT('',(-7.836268773376E0,1.926155353231E0,
-2.012985973764E0));
#1025=CARTESIAN_POINT('',(-7.830813299815E0,1.959443166794E0,
-2.025556944713E0));
#1026=CARTESIAN_POINT('',(-7.823865730581E0,1.996238061230E0,
-2.040780174596E0));
#1027=CARTESIAN_POINT('',(-7.814977773215E0,2.037124394295E0,
-2.059129415152E0));
#1028=CARTESIAN_POINT('',(-7.803487369989E0,2.083031755056E0,
-2.081258565668E0));
#1029=CARTESIAN_POINT('',(-7.788733891033E0,2.133979747514E0,
-2.107415356963E0));
#1030=CARTESIAN_POINT('',(-7.770883880674E0,2.187374599178E0,
-2.136287645667E0));
#1031=CARTESIAN_POINT('',(-7.749803167974E0,2.242151637485E0,
-2.167153920876E0));
#1032=CARTESIAN_POINT('',(-7.727014196006E0,2.294071539786E0,
-2.197332887381E0));
#1033=CARTESIAN_POINT('',(-7.702319919057E0,2.343931169796E0,
-2.226976836603E0));
#1034=CARTESIAN_POINT('',(-7.676506972273E0,2.390414512313E0,
-2.255087290045E0));
#1035=CARTESIAN_POINT('',(-7.649571158693E0,2.433978013321E0,
-2.281757423437E0));
#1036=CARTESIAN_POINT('',(-7.621998538830E0,2.474204820892E0,
-2.306604090482E0));
#1037=CARTESIAN_POINT('',(-7.593820054106E0,2.511439849526E0,
-2.329741232381E0));
#1038=CARTESIAN_POINT('',(-7.565369733077E0,2.545576750842E0,
-2.351031823952E0));
#1039=CARTESIAN_POINT('',(-7.536662454787E0,2.576915441702E0,
-2.370609837847E0));
#1040=CARTESIAN_POINT('',(-7.507958178905E0,2.605450000066E0,
-2.388433434218E0));
#1041=CARTESIAN_POINT('',(-7.479286325079E0,2.631417436930E0,
-2.404623093875E0));
#1042=CARTESIAN_POINT('',(-7.450760319621E0,2.654940500479E0,
-2.419236038711E0));
#1043=CARTESIAN_POINT('',(-7.422429577082E0,2.676186739543E0,
-2.432363349994E0));
#1044=CARTESIAN_POINT('',(-7.394312578788E0,2.695320616413E0,
-2.444098171284E0));
#1045=CARTESIAN_POINT('',(-7.366447070642E0,2.712473033244E0,
-2.454515808595E0));
#1046=CARTESIAN_POINT('',(-7.338848532093E0,2.727774313151E0,
-2.463693302255E0));
#1047=CARTESIAN_POINT('',(-7.311496122259E0,2.741355721826E0,
-2.471709140370E0));
#1048=CARTESIAN_POINT('',(-7.284397150779E0,2.753316133188E0,
-2.478622841752E0));
#1049=CARTESIAN_POINT('',(-7.257554821984E0,2.763746702722E0,
-2.484489903281E0));
#1050=CARTESIAN_POINT('',(-7.230899303175E0,2.772750007918E0,
-2.489371219126E0));
#1051=CARTESIAN_POINT('',(-7.204446740175E0,2.780382273838E0,
-2.493300773436E0));
#1052=CARTESIAN_POINT('',(-7.178186240087E0,2.786704733609E0,
-2.496315354246E0));
#1053=CARTESIAN_POINT('',(-7.151999129439E0,2.791785926745E0,
-2.498451517441E0));
#1054=CARTESIAN_POINT('',(-7.125918911943E0,2.795647185146E0,
-2.499721219305E0));
#1055=CARTESIAN_POINT('',(-7.108621339515E0,2.797425051141E0,
-2.500000000052E0));
#1056=CARTESIAN_POINT('',(-7.1E0,2.798119199185E0,-2.499999999883E0));
#1058=CARTESIAN_POINT('',(-8.131516230397E0,1.795871323803E0,
-2.082065789820E0));
#1059=DIRECTION('',(8.483863899628E-2,9.697103822315E-1,-2.290506055998E-1));
#1060=DIRECTION('',(9.377420183426E-1,-2.415121071364E-8,3.473325597101E-1));
#1061=AXIS2_PLACEMENT_3D('',#1058,#1059,#1060);
#1063=CARTESIAN_POINT('',(-7.832657822519E0,1.769724594071E0,
-2.082065779986E0));
#1064=CARTESIAN_POINT('',(-7.832191724455E0,1.775052082609E0,
-2.083796061139E0));
#1065=CARTESIAN_POINT('',(-7.831123606433E0,1.786011605497E0,
-2.087734518408E0));
#1066=CARTESIAN_POINT('',(-7.829108971989E0,1.803006226936E0,
-2.095022245253E0));
#1067=CARTESIAN_POINT('',(-7.826507725741E0,1.821464918933E0,
-2.104213907692E0));
#1068=CARTESIAN_POINT('',(-7.823125977091E0,1.841857559093E0,
-2.115821098389E0));
#1069=CARTESIAN_POINT('',(-7.818732626077E0,1.864478560931E0,
-2.130356899587E0));
#1070=CARTESIAN_POINT('',(-7.813276935079E0,1.888688662072E0,
-2.147642637476E0));
#1071=CARTESIAN_POINT('',(-7.806329246327E0,1.915448707650E0,
-2.168574862033E0));
#1072=CARTESIAN_POINT('',(-7.797441063378E0,1.945184651314E0,
-2.193805605041E0));
#1073=CARTESIAN_POINT('',(-7.785950480395E0,1.978571850656E0,
-2.224233465587E0));
#1074=CARTESIAN_POINT('',(-7.771197328153E0,2.015623638434E0,
-2.260198051218E0));
#1075=CARTESIAN_POINT('',(-7.753347252700E0,2.054456095414E0,
-2.299897415743E0));
#1076=CARTESIAN_POINT('',(-7.732266964153E0,2.094292847243E0,
-2.342337508699E0));
#1077=CARTESIAN_POINT('',(-7.709477695880E0,2.132053199088E0,
-2.383834046493E0));
#1078=CARTESIAN_POINT('',(-7.684783425715E0,2.168314553493E0,
-2.424594304732E0));
#1079=CARTESIAN_POINT('',(-7.658970355454E0,2.202120690691E0,
-2.463246251228E0));
#1080=CARTESIAN_POINT('',(-7.632034529399E0,2.233803133962E0,
-2.499917572598E0));
#1081=CARTESIAN_POINT('',(-7.604461877798E0,2.263058943386E0,
-2.534081672221E0));
#1082=CARTESIAN_POINT('',(-7.576283407104E0,2.290138865129E0,
-2.565895123797E0));
#1083=CARTESIAN_POINT('',(-7.547833099171E0,2.314965621988E0,
-2.595169585252E0));
#1084=CARTESIAN_POINT('',(-7.519125855319E0,2.337757303451E0,
-2.622089242446E0));
#1085=CARTESIAN_POINT('',(-7.490421616110E0,2.358509627460E0,
-2.646596587831E0));
#1086=CARTESIAN_POINT('',(-7.461749806527E0,2.377394956066E0,
-2.668857276331E0));
#1087=CARTESIAN_POINT('',(-7.433223848736E0,2.394502566420E0,
-2.688949991609E0));
#1088=CARTESIAN_POINT('',(-7.404893156386E0,2.409954311511E0,
-2.706999970043E0));
#1089=CARTESIAN_POINT('',(-7.376776210235E0,2.423869800354E0,
-2.723135283763E0));
#1090=CARTESIAN_POINT('',(-7.348910755517E0,2.436344234785E0,
-2.737459478152E0));
#1091=CARTESIAN_POINT('',(-7.321312270975E0,2.447472395115E0,
-2.750078482701E0));
#1092=CARTESIAN_POINT('',(-7.293959914846E0,2.457349746699E0,
-2.761100218495E0));
#1093=CARTESIAN_POINT('',(-7.266860996421E0,2.466048197548E0,
-2.770606522571E0));
#1094=CARTESIAN_POINT('',(-7.240018720754E0,2.473634041054E0,
-2.778673702891E0));
#1095=CARTESIAN_POINT('',(-7.213363251723E0,2.480181879975E0,
-2.785385486786E0));
#1096=CARTESIAN_POINT('',(-7.186910739011E0,2.485732601989E0,
-2.790788607253E0));
#1097=CARTESIAN_POINT('',(-7.160650286976E0,2.490330742613E0,
-2.794933634310E0));
#1098=CARTESIAN_POINT('',(-7.134463232469E0,2.494026145278E0,
-2.797870852002E0));
#1099=CARTESIAN_POINT('',(-7.108383019569E0,2.496834321731E0,
-2.799616687714E0));
#1100=CARTESIAN_POINT('',(-7.091085577637E0,2.498127331631E0,
-2.799999978281E0));
#1101=CARTESIAN_POINT('',(-7.082464199649E0,2.498632144311E0,-2.8E0));
#1103=DIRECTION('',(0.E0,-1.E0,4.039235319153E-11));
#1104=VECTOR('',#1103,2.901880800815E0);
#1105=CARTESIAN_POINT('',(-7.1E0,5.7E0,-2.5E0));
#1106=LINE('',#1105,#1104);
#1107=CARTESIAN_POINT('',(-7.1E0,5.7E0,-1.7E0));
#1108=DIRECTION('',(0.E0,1.E0,0.E0));
#1109=DIRECTION('',(0.E0,0.E0,-1.E0));
#1110=AXIS2_PLACEMENT_3D('',#1107,#1108,#1109);
#1112=DIRECTION('',(1.431444946452E-10,-1.E0,1.151920618533E-10));
#1113=VECTOR('',#1112,4.686902019742E0);
#1114=CARTESIAN_POINT('',(-7.9E0,5.7E0,-1.7E0));
#1115=LINE('',#1114,#1113);
#1116=CARTESIAN_POINT('',(-7.899999999067E0,9.999999999318E-1,
-1.750103385548E0));
#1117=CARTESIAN_POINT('',(-7.899878013837E0,1.001394296403E0,
-1.752778816323E0));
#1118=CARTESIAN_POINT('',(-7.899603770954E0,1.004528924199E0,
-1.758357339407E0));
#1119=CARTESIAN_POINT('',(-7.899097489954E0,1.010315735555E0,
-1.767240748384E0));
#1120=CARTESIAN_POINT('',(-7.898468620144E0,1.017503752238E0,
-1.776856355966E0));
#1121=CARTESIAN_POINT('',(-7.897697548382E0,1.026317142310E0,
-1.787195434675E0));
#1122=CARTESIAN_POINT('',(-7.896782043946E0,1.036781406037E0,
-1.798044231734E0));
#1123=CARTESIAN_POINT('',(-7.895733365426E0,1.048767856328E0,
-1.809137450787E0));
#1124=CARTESIAN_POINT('',(-7.894547084242E0,1.062327112319E0,
-1.820452796499E0));
#1125=CARTESIAN_POINT('',(-7.893196549311E0,1.077763797215E0,
-1.832152068240E0));
#1126=CARTESIAN_POINT('',(-7.891650902744E0,1.095430618322E0,
-1.844369229687E0));
#1127=CARTESIAN_POINT('',(-7.889879549018E0,1.115677284050E0,
-1.857189065550E0));
#1128=CARTESIAN_POINT('',(-7.887854799952E0,1.138820271771E0,
-1.870642888572E0));
#1129=CARTESIAN_POINT('',(-7.885565985738E0,1.164981537953E0,
-1.884643205920E0));
#1130=CARTESIAN_POINT('',(-7.883021193573E0,1.194068645498E0,
-1.899020455848E0));
#1131=CARTESIAN_POINT('',(-7.880233125640E0,1.225936407794E0,
-1.913626626774E0));
#1132=CARTESIAN_POINT('',(-7.877200095313E0,1.260604103070E0,
-1.928419828892E0));
#1133=CARTESIAN_POINT('',(-7.873892647100E0,1.298408409137E0,
-1.943488745997E0));
#1134=CARTESIAN_POINT('',(-7.870267817193E0,1.339840404546E0,
-1.958951697554E0));
#1135=CARTESIAN_POINT('',(-7.866288621030E0,1.385322824871E0,
-1.974872345368E0));
#1136=CARTESIAN_POINT('',(-7.861916497828E0,1.435296421530E0,
-1.991301518850E0));
#1137=CARTESIAN_POINT('',(-7.857114325793E0,1.490185499837E0,
-2.008267921297E0));
#1138=CARTESIAN_POINT('',(-7.851846878739E0,1.550392692264E0,
-2.025782389988E0));
#1139=CARTESIAN_POINT('',(-7.846071405961E0,1.616406659037E0,
-2.043869819017E0));
#1140=CARTESIAN_POINT('',(-7.839734748473E0,1.688834945038E0,
-2.062574381134E0));
#1141=CARTESIAN_POINT('',(-7.835085202168E0,1.741979603290E0,
-2.075512126463E0));
#1142=CARTESIAN_POINT('',(-7.832657822519E0,1.769724594071E0,
-2.082065779986E0));
#1144=CARTESIAN_POINT('',(-7.899999999329E0,1.013097980258E0,
-1.699999999460E0));
#1145=CARTESIAN_POINT('',(-7.899999999880E0,1.013097960571E0,
-1.701520204744E0));
#1146=CARTESIAN_POINT('',(-7.899991306086E0,1.013235100301E0,
-1.704592227112E0));
#1147=CARTESIAN_POINT('',(-7.899950914973E0,1.013869713686E0,
-1.709275274172E0));
#1148=CARTESIAN_POINT('',(-7.899880853827E0,1.014970851862E0,
-1.714092201147E0));
#1149=CARTESIAN_POINT('',(-7.899778230756E0,1.016583687275E0,
-1.719060439318E0));
#1150=CARTESIAN_POINT('',(-7.899639041377E0,1.018771221916E0,
-1.724222035844E0));
#1151=CARTESIAN_POINT('',(-7.899457143076E0,1.021629987401E0,
-1.729641063367E0));
#1152=CARTESIAN_POINT('',(-7.899225732143E0,1.025266920708E0,
-1.735351146768E0));
#1153=CARTESIAN_POINT('',(-7.898936905422E0,1.029806232540E0,
-1.741385283516E0));
#1154=CARTESIAN_POINT('',(-7.898578487075E0,1.035439280183E0,
-1.747825930265E0));
#1155=CARTESIAN_POINT('',(-7.898133311028E0,1.042435848062E0,
-1.754778881930E0));
#1156=CARTESIAN_POINT('',(-7.897584824452E0,1.051056064499E0,
-1.762277766851E0));
#1157=CARTESIAN_POINT('',(-7.896928756747E0,1.061367006703E0,
-1.770187275679E0));
#1158=CARTESIAN_POINT('',(-7.896173110423E0,1.073242907435E0,
-1.778299980938E0));
#1159=CARTESIAN_POINT('',(-7.895317950360E0,1.086682799556E0,
-1.786562126209E0));
#1160=CARTESIAN_POINT('',(-7.894344452271E0,1.101982529303E0,
-1.795092028763E0));
#1161=CARTESIAN_POINT('',(-7.893229461353E0,1.119506007437E0,
-1.803996014730E0));
#1162=CARTESIAN_POINT('',(-7.891950627680E0,1.139604494646E0,
-1.813337502074E0));
#1163=CARTESIAN_POINT('',(-7.890486387636E0,1.162616884327E0,
-1.823148853777E0));
#1164=CARTESIAN_POINT('',(-7.888827178431E0,1.188693503592E0,
-1.833374300592E0));
#1165=CARTESIAN_POINT('',(-7.886978152001E0,1.217753390397E0,
-1.843889597207E0));
#1166=CARTESIAN_POINT('',(-7.884949036629E0,1.249643646514E0,
-1.854580285673E0));
#1167=CARTESIAN_POINT('',(-7.882740147543E0,1.284359291199E0,
-1.865406466899E0));
#1168=CARTESIAN_POINT('',(-7.880330689997E0,1.322227120705E0,
-1.876430178368E0));
#1169=CARTESIAN_POINT('',(-7.877688642044E0,1.363750421594E0,
-1.887741285512E0));
#1170=CARTESIAN_POINT('',(-7.874786533527E0,1.409360920503E0,
-1.899387898926E0));
#1171=CARTESIAN_POINT('',(-7.871595667660E0,1.459509629085E0,
-1.911408589086E0));
#1172=CARTESIAN_POINT('',(-7.868088383107E0,1.514631287295E0,
-1.923825328435E0));
#1173=CARTESIAN_POINT('',(-7.864238564029E0,1.575136322348E0,
-1.936646167113E0));
#1174=CARTESIAN_POINT('',(-7.860014603681E0,1.641521532858E0,
-1.949889295268E0));
#1175=CARTESIAN_POINT('',(-7.855377203907E0,1.714404303561E0,
-1.963587086507E0));
#1176=CARTESIAN_POINT('',(-7.851971825846E0,1.767924727452E0,
-1.973065128596E0));
#1177=CARTESIAN_POINT('',(-7.850193627405E0,1.795871317022E0,
-1.977866022962E0));
#1179=CARTESIAN_POINT('',(-7.899999999329E0,1.013097980258E0,
-1.699999999460E0));
#1180=CARTESIAN_POINT('',(-7.899999999995E0,1.011971640664E0,
-1.701840175472E0));
#1181=CARTESIAN_POINT('',(-7.900000000002E0,1.009832613340E0,
-1.705658544015E0));
#1182=CARTESIAN_POINT('',(-7.900000000002E0,1.007004673503E0,
-1.711820724253E0));
#1183=CARTESIAN_POINT('',(-7.899999999992E0,1.004586335940E0,
-1.718450267547E0));
#1184=CARTESIAN_POINT('',(-7.900000000031E0,1.002618621932E0,
-1.725571350491E0));
#1185=CARTESIAN_POINT('',(-7.899999999884E0,1.001151187465E0,
-1.733166502998E0));
#1186=CARTESIAN_POINT('',(-7.900000000433E0,1.000220936254E0,
-1.741305782846E0));
#1187=CARTESIAN_POINT('',(-7.899999999067E0,9.999999993654E-1,
-1.747109607489E0));
#1188=CARTESIAN_POINT('',(-7.899999999067E0,9.999999999318E-1,
-1.750103385548E0));
#1190=DIRECTION('',(0.E0,0.E0,1.E0));
#1191=VECTOR('',#1190,5.3E0);
#1192=CARTESIAN_POINT('',(-7.035702065497E0,2.5E0,-8.1E0));
#1193=LINE('',#1192,#1191);
#1194=DIRECTION('',(1.285540744668E-10,-1.124702942916E-11,-1.E0));
#1195=VECTOR('',#1194,6.735868440028E0);
#1196=CARTESIAN_POINT('',(-7.832657822519E0,1.769724594071E0,
-2.082065779986E0));
#1197=LINE('',#1196,#1195);
#1198=DIRECTION('',(0.E0,0.E0,1.E0));
#1199=VECTOR('',#1198,5.3E0);
#1200=CARTESIAN_POINT('',(-7.035702065497E0,2.5E0,2.8E0));
#1201=LINE('',#1200,#1199);
#1202=DIRECTION('',(1.285540744668E-10,-1.124706239367E-11,-1.E0));
#1203=VECTOR('',#1202,6.735868440028E0);
#1204=CARTESIAN_POINT('',(-7.832657822519E0,1.769724594071E0,8.817934220014E0));
#1205=LINE('',#1204,#1203);
#1206=CARTESIAN_POINT('',(-7.1E0,2.798119199185E0,-8.400000000113E0));
#1207=CARTESIAN_POINT('',(-7.108621088856E0,2.797425071380E0,
-8.399999999683E0));
#1208=CARTESIAN_POINT('',(-7.125917979886E0,2.795647280792E0,
-8.400278765495E0));
#1209=CARTESIAN_POINT('',(-7.151996495084E0,2.791786345892E0,
-8.401548332656E0));
#1210=CARTESIAN_POINT('',(-7.178181690105E0,2.786705696879E0,
-8.403684216782E0));
#1211=CARTESIAN_POINT('',(-7.204440833257E0,2.780383811619E0,
-8.406698465953E0));
#1212=CARTESIAN_POINT('',(-7.230891555258E0,2.772752398764E0,
-8.410627520072E0));
#1213=CARTESIAN_POINT('',(-7.257545142007E0,2.763750187515E0,
-8.415508173224E0));
#1214=CARTESIAN_POINT('',(-7.284385939797E0,2.753320753231E0,
-8.421374524629E0));
#1215=CARTESIAN_POINT('',(-7.311482999693E0,2.741361834741E0,
-8.428287290452E0));
#1216=CARTESIAN_POINT('',(-7.338833465767E0,2.727782189912E0,
-8.436302012148E0));
#1217=CARTESIAN_POINT('',(-7.366430227678E0,2.712482842353E0,
-8.445478271845E0));
#1218=CARTESIAN_POINT('',(-7.394293793505E0,2.695332736779E0,
-8.455894432363E0));
#1219=CARTESIAN_POINT('',(-7.422408772972E0,2.676201562029E0,
-8.467627526071E0));
#1220=CARTESIAN_POINT('',(-7.450737665745E0,2.654958271608E0,
-8.480752951277E0));
#1221=CARTESIAN_POINT('',(-7.479261704368E0,2.631438657380E0,
-8.495363698991E0));
#1222=CARTESIAN_POINT('',(-7.507931599498E0,2.605475164395E0,
-8.511550859883E0));
#1223=CARTESIAN_POINT('',(-7.536634285799E0,2.576944712630E0,
-8.529371873191E0));
#1224=CARTESIAN_POINT('',(-7.565339711292E0,2.545611032280E0,
-8.548946771146E0));
#1225=CARTESIAN_POINT('',(-7.593788771124E0,2.511479136337E0,
-8.570234300035E0));
#1226=CARTESIAN_POINT('',(-7.621965710085E0,2.474250292039E0,
-8.593367724797E0));
#1227=CARTESIAN_POINT('',(-7.649537629188E0,2.434029370198E0,
-8.618210972822E0));
#1228=CARTESIAN_POINT('',(-7.676472546955E0,2.390473106413E0,
-8.644877026987E0));
#1229=CARTESIAN_POINT('',(-7.702285664338E0,2.343996280226E0,
-8.672984074415E0));
#1230=CARTESIAN_POINT('',(-7.726980189181E0,2.294144258787E0,
-8.702624300878E0));
#1231=CARTESIAN_POINT('',(-7.749770352423E0,2.242231182090E0,
-8.732800460765E0));
#1232=CARTESIAN_POINT('',(-7.770853048355E0,2.187460264238E0,
-8.763664938640E0));
#1233=CARTESIAN_POINT('',(-7.788707117201E0,2.134066132129E0,
-8.792539109427E0));
#1234=CARTESIAN_POINT('',(-7.803469500865E0,2.083098920656E0,
-8.818708119162E0));
#1235=CARTESIAN_POINT('',(-7.814965415582E0,2.037177747253E0,
-8.840845816417E0));
#1236=CARTESIAN_POINT('',(-7.823857787528E0,1.996277928008E0,
-8.859202775829E0));
#1237=CARTESIAN_POINT('',(-7.830809891906E0,1.959463509671E0,
-8.874435247256E0));
#1238=CARTESIAN_POINT('',(-7.836268935171E0,1.926155135732E0,
-8.887014322283E0));
#1239=CARTESIAN_POINT('',(-7.840663627308E0,1.895039771669E0,
-8.897589211426E0));
#1240=CARTESIAN_POINT('',(-7.844044443178E0,1.867005358344E0,
-8.906028614598E0));
#1241=CARTESIAN_POINT('',(-7.846645055501E0,1.841630424835E0,
-8.912711820347E0));
#1242=CARTESIAN_POINT('',(-7.848659512673E0,1.818263967634E0,
-8.918011570291E0));
#1243=CARTESIAN_POINT('',(-7.849727221399E0,1.803201577865E0,
-8.920874739002E0));
#1244=CARTESIAN_POINT('',(-7.850193629586E0,1.795871317022E0,
-8.922133976230E0));
#1246=CARTESIAN_POINT('',(-7.099999999635E0,2.798119196628E0,
-8.100000002554E0));
#1247=DIRECTION('',(-9.982901811354E-1,-5.845266673617E-2,1.239760719635E-9));
#1248=DIRECTION('',(-1.739091837573E-9,8.491611877987E-9,-1.E0));
#1249=AXIS2_PLACEMENT_3D('',#1246,#1247,#1248);
#1251=CARTESIAN_POINT('',(-7.082464199645E0,2.498632144239E0,-8.1E0));
#1252=CARTESIAN_POINT('',(-7.091085326116E0,2.498127345966E0,
-8.100000022715E0));
#1253=CARTESIAN_POINT('',(-7.108382086545E0,2.496834391964E0,
-8.100383290286E0));
#1254=CARTESIAN_POINT('',(-7.134460597747E0,2.494026450827E0,
-8.102128941898E0));
#1255=CARTESIAN_POINT('',(-7.160645737116E0,2.490331443678E0,
-8.105065775052E0));
#1256=CARTESIAN_POINT('',(-7.186904832207E0,2.485733720965E0,
-8.109210346194E0));
#1257=CARTESIAN_POINT('',(-7.213355504183E0,2.480183619162E0,
-8.114612778673E0));
#1258=CARTESIAN_POINT('',(-7.240009041514E0,2.473636575589E0,
-8.121323651433E0));
#1259=CARTESIAN_POINT('',(-7.266849786176E0,2.466051557460E0,
-8.129389855335E0));
#1260=CARTESIAN_POINT('',(-7.293946793155E0,2.457354191984E0,
-8.138894873153E0));
#1261=CARTESIAN_POINT('',(-7.321297205581E0,2.447478122812E0,
-8.149915074075E0));
#1262=CARTESIAN_POINT('',(-7.348893913364E0,2.436351367499E0,
-8.162532382135E0));
#1263=CARTESIAN_POINT('',(-7.376757425602E0,2.423878613664E0,
-8.176854546181E0));
#1264=CARTESIAN_POINT('',(-7.404872352881E0,2.409965089776E0,
-8.192987484868E0));
#1265=CARTESIAN_POINT('',(-7.433201195301E0,2.394515489066E0,
-8.211034870258E0));
#1266=CARTESIAN_POINT('',(-7.461725186125E0,2.377410387297E0,
-8.231124564800E0));
#1267=CARTESIAN_POINT('',(-7.490395036988E0,2.358527926960E0,
-8.253381817881E0));
#1268=CARTESIAN_POINT('',(-7.519097686182E0,2.337778589950E0,
-8.277885611518E0));
#1269=CARTESIAN_POINT('',(-7.547803077467E0,2.314990552388E0,
-8.304800984833E0));
#1270=CARTESIAN_POINT('',(-7.576252123228E0,2.290167436792E0,
-8.334071234306E0));
#1271=CARTESIAN_POINT('',(-7.604429048358E0,2.263092012625E0,
-8.365879575234E0));
#1272=CARTESIAN_POINT('',(-7.632000997420E0,2.233840485752E0,
-8.400038971466E0));
#1273=CARTESIAN_POINT('',(-7.658935928252E0,2.202163305153E0,
-8.436704684708E0));
#1274=CARTESIAN_POINT('',(-7.684749165817E0,2.168361911544E0,
-8.475351942512E0));
#1275=CARTESIAN_POINT('',(-7.709443686834E0,2.132106085985E0,
-8.516107086579E0));
#1276=CARTESIAN_POINT('',(-7.732234140780E0,2.094350707658E0,
-8.557599753919E0));
#1277=CARTESIAN_POINT('',(-7.753316426951E0,2.054518379669E0,
-8.600037403669E0));
#1278=CARTESIAN_POINT('',(-7.771170560977E0,2.015686441739E0,
-8.639739357898E0));
#1279=CARTESIAN_POINT('',(-7.785932619233E0,1.978620672786E0,
-8.675720747154E0));
#1280=CARTESIAN_POINT('',(-7.797428711324E0,1.945223432874E0,
-8.706160354273E0));
#1281=CARTESIAN_POINT('',(-7.806321307724E0,1.915477683711E0,
-8.731401707999E0));
#1282=CARTESIAN_POINT('',(-7.813273529517E0,1.888703446112E0,
-8.752346633758E0));
#1283=CARTESIAN_POINT('',(-7.818732787382E0,1.864478405058E0,
-8.769643505736E0));
#1284=CARTESIAN_POINT('',(-7.823127331376E0,1.841850080045E0,
-8.784183466054E0));
#1285=CARTESIAN_POINT('',(-7.826508298317E0,1.821460943611E0,
-8.795788113691E0));
#1286=CARTESIAN_POINT('',(-7.829109074052E0,1.803005282597E0,
-8.804978128100E0));
#1287=CARTESIAN_POINT('',(-7.831123423992E0,1.786013223865E0,
-8.812264816691E0));
#1288=CARTESIAN_POINT('',(-7.832191648297E0,1.775052943124E0,
-8.816203659078E0));
#1289=CARTESIAN_POINT('',(-7.832657821653E0,1.769724593995E0,
-8.817934220014E0));
#1291=DIRECTION('',(0.E0,0.E0,-1.E0));
#1292=VECTOR('',#1291,5.3E0);
#1293=CARTESIAN_POINT('',(7.035702065497E0,2.5E0,-2.8E0));
#1294=LINE('',#1293,#1292);
#1295=DIRECTION('',(0.E0,0.E0,-1.E0));
#1296=VECTOR('',#1295,5.3E0);
#1297=CARTESIAN_POINT('',(7.035702065497E0,2.5E0,8.1E0));
#1298=LINE('',#1297,#1296);
#1299=CARTESIAN_POINT('',(7.1E0,2.798119199185E0,-2.499999999887E0));
#1300=CARTESIAN_POINT('',(7.108621088856E0,2.797425071380E0,-2.500000000317E0));
#1301=CARTESIAN_POINT('',(7.125917979886E0,2.795647280792E0,-2.499721234505E0));
#1302=CARTESIAN_POINT('',(7.151996495084E0,2.791786345892E0,-2.498451667344E0));
#1303=CARTESIAN_POINT('',(7.178181690104E0,2.786705696879E0,-2.496315783218E0));
#1304=CARTESIAN_POINT('',(7.204440833256E0,2.780383811619E0,-2.493301534047E0));
#1305=CARTESIAN_POINT('',(7.230891555257E0,2.772752398764E0,-2.489372479928E0));
#1306=CARTESIAN_POINT('',(7.257545142007E0,2.763750187515E0,-2.484491826776E0));
#1307=CARTESIAN_POINT('',(7.284385939796E0,2.753320753232E0,-2.478625475371E0));
#1308=CARTESIAN_POINT('',(7.311482999693E0,2.741361834741E0,-2.471712709548E0));
#1309=CARTESIAN_POINT('',(7.338833465767E0,2.727782189912E0,-2.463697987852E0));
#1310=CARTESIAN_POINT('',(7.366430227678E0,2.712482842353E0,-2.454521728156E0));
#1311=CARTESIAN_POINT('',(7.394293793504E0,2.695332736780E0,-2.444105567637E0));
#1312=CARTESIAN_POINT('',(7.422408772972E0,2.676201562029E0,-2.432372473929E0));
#1313=CARTESIAN_POINT('',(7.450737665745E0,2.654958271609E0,-2.419247048724E0));
#1314=CARTESIAN_POINT('',(7.479261704367E0,2.631438657381E0,-2.404636301010E0));
#1315=CARTESIAN_POINT('',(7.507931599497E0,2.605475164396E0,-2.388449140118E0));
#1316=CARTESIAN_POINT('',(7.536634285798E0,2.576944712631E0,-2.370628126809E0));
#1317=CARTESIAN_POINT('',(7.565339711291E0,2.545611032281E0,-2.351053228855E0));
#1318=CARTESIAN_POINT('',(7.593788771123E0,2.511479136339E0,-2.329765699966E0));
#1319=CARTESIAN_POINT('',(7.621965710084E0,2.474250292041E0,-2.306632275204E0));
#1320=CARTESIAN_POINT('',(7.649537629187E0,2.434029370200E0,-2.281789027179E0));
#1321=CARTESIAN_POINT('',(7.676472546954E0,2.390473106415E0,-2.255122973015E0));
#1322=CARTESIAN_POINT('',(7.702285664337E0,2.343996280228E0,-2.227015925586E0));
#1323=CARTESIAN_POINT('',(7.726980189180E0,2.294144258789E0,-2.197375699123E0));
#1324=CARTESIAN_POINT('',(7.749770352422E0,2.242231182091E0,-2.167199539235E0));
#1325=CARTESIAN_POINT('',(7.770853048355E0,2.187460264238E0,-2.136335061360E0));
#1326=CARTESIAN_POINT('',(7.788707117201E0,2.134066132130E0,-2.107460890573E0));
#1327=CARTESIAN_POINT('',(7.803469500865E0,2.083098920656E0,-2.081291880838E0));
#1328=CARTESIAN_POINT('',(7.814965415582E0,2.037177747253E0,-2.059154183583E0));
#1329=CARTESIAN_POINT('',(7.823857787528E0,1.996277928008E0,-2.040797224171E0));
#1330=CARTESIAN_POINT('',(7.830809891906E0,1.959463509671E0,-2.025564752744E0));
#1331=CARTESIAN_POINT('',(7.836268935171E0,1.926155135732E0,-2.012985677717E0));
#1332=CARTESIAN_POINT('',(7.840663627308E0,1.895039771668E0,-2.002410788574E0));
#1333=CARTESIAN_POINT('',(7.844044443178E0,1.867005358344E0,-1.993971385402E0));
#1334=CARTESIAN_POINT('',(7.846645055501E0,1.841630424835E0,-1.987288179653E0));
#1335=CARTESIAN_POINT('',(7.848659512673E0,1.818263967634E0,-1.981988429709E0));
#1336=CARTESIAN_POINT('',(7.849727221400E0,1.803201577865E0,-1.979125260998E0));
#1337=CARTESIAN_POINT('',(7.850193629586E0,1.795871317022E0,-1.977866023770E0));
#1339=CARTESIAN_POINT('',(7.099999999635E0,2.798119196628E0,-2.799999997446E0));
#1340=DIRECTION('',(9.982901811354E-1,-5.845266673617E-2,-1.239758648172E-9));
#1341=DIRECTION('',(1.739088876979E-9,8.491610397689E-9,1.E0));
#1342=AXIS2_PLACEMENT_3D('',#1339,#1340,#1341);
#1344=CARTESIAN_POINT('',(7.082464199645E0,2.498632144239E0,-2.8E0));
#1345=CARTESIAN_POINT('',(7.091085326116E0,2.498127345966E0,-2.799999977285E0));
#1346=CARTESIAN_POINT('',(7.108382086545E0,2.496834391964E0,-2.799616709714E0));
#1347=CARTESIAN_POINT('',(7.134460597747E0,2.494026450827E0,-2.797871058102E0));
#1348=CARTESIAN_POINT('',(7.160645737116E0,2.490331443678E0,-2.794934224948E0));
#1349=CARTESIAN_POINT('',(7.186904832207E0,2.485733720965E0,-2.790789653806E0));
#1350=CARTESIAN_POINT('',(7.213355504183E0,2.480183619162E0,-2.785387221327E0));
#1351=CARTESIAN_POINT('',(7.240009041513E0,2.473636575589E0,-2.778676348567E0));
#1352=CARTESIAN_POINT('',(7.266849786176E0,2.466051557460E0,-2.770610144665E0));
#1353=CARTESIAN_POINT('',(7.293946793155E0,2.457354191984E0,-2.761105126847E0));
#1354=CARTESIAN_POINT('',(7.321297205581E0,2.447478122812E0,-2.750084925925E0));
#1355=CARTESIAN_POINT('',(7.348893913364E0,2.436351367499E0,-2.737467617865E0));
#1356=CARTESIAN_POINT('',(7.376757425601E0,2.423878613664E0,-2.723145453819E0));
#1357=CARTESIAN_POINT('',(7.404872352880E0,2.409965089777E0,-2.707012515133E0));
#1358=CARTESIAN_POINT('',(7.433201195301E0,2.394515489066E0,-2.688965129743E0));
#1359=CARTESIAN_POINT('',(7.461725186124E0,2.377410387298E0,-2.668875435200E0));
#1360=CARTESIAN_POINT('',(7.490395036987E0,2.358527926961E0,-2.646618182120E0));
#1361=CARTESIAN_POINT('',(7.519097686181E0,2.337778589951E0,-2.622114388483E0));
#1362=CARTESIAN_POINT('',(7.547803077466E0,2.314990552389E0,-2.595199015168E0));
#1363=CARTESIAN_POINT('',(7.576252123226E0,2.290167436793E0,-2.565928765695E0));
#1364=CARTESIAN_POINT('',(7.604429048357E0,2.263092012626E0,-2.534120424768E0));
#1365=CARTESIAN_POINT('',(7.632000997419E0,2.233840485753E0,-2.499961028535E0));
#1366=CARTESIAN_POINT('',(7.658935928251E0,2.202163305155E0,-2.463295315294E0));
#1367=CARTESIAN_POINT('',(7.684749165816E0,2.168361911546E0,-2.424648057490E0));
#1368=CARTESIAN_POINT('',(7.709443686834E0,2.132106085987E0,-2.383892913422E0));
#1369=CARTESIAN_POINT('',(7.732234140779E0,2.094350707659E0,-2.342400246082E0));
#1370=CARTESIAN_POINT('',(7.753316426951E0,2.054518379669E0,-2.299962596331E0));
#1371=CARTESIAN_POINT('',(7.771170560977E0,2.015686441739E0,-2.260260642103E0));
#1372=CARTESIAN_POINT('',(7.785932619233E0,1.978620672786E0,-2.224279252846E0));
#1373=CARTESIAN_POINT('',(7.797428711324E0,1.945223432874E0,-2.193839645728E0));
#1374=CARTESIAN_POINT('',(7.806321307724E0,1.915477683711E0,-2.168598292001E0));
#1375=CARTESIAN_POINT('',(7.813273529517E0,1.888703446112E0,-2.147653366242E0));
#1376=CARTESIAN_POINT('',(7.818732787382E0,1.864478405058E0,-2.130356494264E0));
#1377=CARTESIAN_POINT('',(7.823127331376E0,1.841850080045E0,-2.115816533946E0));
#1378=CARTESIAN_POINT('',(7.826508298317E0,1.821460943611E0,-2.104211886309E0));
#1379=CARTESIAN_POINT('',(7.829109074052E0,1.803005282597E0,-2.095021871900E0));
#1380=CARTESIAN_POINT('',(7.831123423992E0,1.786013223865E0,-2.087735183309E0));
#1381=CARTESIAN_POINT('',(7.832191648297E0,1.775052943124E0,-2.083796340922E0));
#1382=CARTESIAN_POINT('',(7.832657821653E0,1.769724593995E0,-2.082065779986E0));
#1384=CARTESIAN_POINT('',(7.035702065497E0,1.7E0,2.5E0));
#1385=DIRECTION('',(0.E0,0.E0,1.E0));
#1386=DIRECTION('',(5.845266772984E-2,9.982901810773E-1,0.E0));
#1387=AXIS2_PLACEMENT_3D('',#1384,#1385,#1386);
#1389=CARTESIAN_POINT('',(7.1E0,2.798119199185E0,2.8E0));
#1390=DIRECTION('',(-9.982901810773E-1,5.845266772984E-2,0.E0));
#1391=DIRECTION('',(0.E0,0.E0,-1.E0));
#1392=AXIS2_PLACEMENT_3D('',#1389,#1390,#1391);
#1394=CARTESIAN_POINT('',(7.035702065497E0,1.7E0,2.8E0));
#1395=DIRECTION('',(0.E0,0.E0,1.E0));
#1396=DIRECTION('',(5.845266772984E-2,9.982901810773E-1,0.E0));
#1397=AXIS2_PLACEMENT_3D('',#1394,#1395,#1396);
#1399=CARTESIAN_POINT('',(7.850193627405E0,1.795871317022E0,1.977866022962E0));
#1400=CARTESIAN_POINT('',(7.849727293423E0,1.803200409902E0,1.979125059958E0));
#1401=CARTESIAN_POINT('',(7.848659698302E0,1.818261718919E0,1.981987941524E0));
#1402=CARTESIAN_POINT('',(7.846644953596E0,1.841631718430E0,1.987288449861E0));
#1403=CARTESIAN_POINT('',(7.844043872494E0,1.867010808247E0,1.993972850952E0));
#1404=CARTESIAN_POINT('',(7.840662273712E0,1.895050051505E0,2.002414106595E0));
#1405=CARTESIAN_POINT('',(7.836268773376E0,1.926155353231E0,2.012985973764E0));
#1406=CARTESIAN_POINT('',(7.830813299815E0,1.959443166794E0,2.025556944713E0));
#1407=CARTESIAN_POINT('',(7.823865730582E0,1.996238061230E0,2.040780174596E0));
#1408=CARTESIAN_POINT('',(7.814977773215E0,2.037124394293E0,2.059129415151E0));
#1409=CARTESIAN_POINT('',(7.803487369990E0,2.083031755054E0,2.081258565667E0));
#1410=CARTESIAN_POINT('',(7.788733891033E0,2.133979747512E0,2.107415356962E0));
#1411=CARTESIAN_POINT('',(7.770883880675E0,2.187374599175E0,2.136287645665E0));
#1412=CARTESIAN_POINT('',(7.749803167975E0,2.242151637482E0,2.167153920874E0));
#1413=CARTESIAN_POINT('',(7.727014196007E0,2.294071539783E0,2.197332887380E0));
#1414=CARTESIAN_POINT('',(7.702319919058E0,2.343931169793E0,2.226976836602E0));
#1415=CARTESIAN_POINT('',(7.676506972274E0,2.390414512311E0,2.255087290043E0));
#1416=CARTESIAN_POINT('',(7.649571158694E0,2.433978013319E0,2.281757423435E0));
#1417=CARTESIAN_POINT('',(7.621998538831E0,2.474204820890E0,2.306604090481E0));
#1418=CARTESIAN_POINT('',(7.593820054107E0,2.511439849524E0,2.329741232380E0));
#1419=CARTESIAN_POINT('',(7.565369733078E0,2.545576750840E0,2.351031823951E0));
#1420=CARTESIAN_POINT('',(7.536662454788E0,2.576915441701E0,2.370609837846E0));
#1421=CARTESIAN_POINT('',(7.507958178906E0,2.605450000065E0,2.388433434217E0));
#1422=CARTESIAN_POINT('',(7.479286325080E0,2.631417436930E0,2.404623093875E0));
#1423=CARTESIAN_POINT('',(7.450760319622E0,2.654940500478E0,2.419236038711E0));
#1424=CARTESIAN_POINT('',(7.422429577083E0,2.676186739543E0,2.432363349994E0));
#1425=CARTESIAN_POINT('',(7.394312578789E0,2.695320616413E0,2.444098171284E0));
#1426=CARTESIAN_POINT('',(7.366447070643E0,2.712473033243E0,2.454515808595E0));
#1427=CARTESIAN_POINT('',(7.338848532093E0,2.727774313151E0,2.463693302254E0));
#1428=CARTESIAN_POINT('',(7.311496122259E0,2.741355721826E0,2.471709140370E0));
#1429=CARTESIAN_POINT('',(7.284397150779E0,2.753316133188E0,2.478622841752E0));
#1430=CARTESIAN_POINT('',(7.257554821984E0,2.763746702722E0,2.484489903281E0));
#1431=CARTESIAN_POINT('',(7.230899303175E0,2.772750007918E0,2.489371219126E0));
#1432=CARTESIAN_POINT('',(7.204446740175E0,2.780382273838E0,2.493300773436E0));
#1433=CARTESIAN_POINT('',(7.178186240087E0,2.786704733609E0,2.496315354246E0));
#1434=CARTESIAN_POINT('',(7.151999129439E0,2.791785926745E0,2.498451517441E0));
#1435=CARTESIAN_POINT('',(7.125918911943E0,2.795647185146E0,2.499721219305E0));
#1436=CARTESIAN_POINT('',(7.108621339515E0,2.797425051141E0,2.500000000052E0));
#1437=CARTESIAN_POINT('',(7.1E0,2.798119199185E0,2.499999999883E0));
#1439=CARTESIAN_POINT('',(8.131516230397E0,1.795871323803E0,2.082065789820E0));
#1440=DIRECTION('',(-8.483863899628E-2,9.697103822315E-1,2.290506055998E-1));
#1441=DIRECTION('',(-9.377420183426E-1,-2.415121145378E-8,-3.473325597101E-1));
#1442=AXIS2_PLACEMENT_3D('',#1439,#1440,#1441);
#1444=CARTESIAN_POINT('',(7.832657822519E0,1.769724594071E0,2.082065779986E0));
#1445=CARTESIAN_POINT('',(7.832191724455E0,1.775052082609E0,2.083796061139E0));
#1446=CARTESIAN_POINT('',(7.831123606433E0,1.786011605497E0,2.087734518409E0));
#1447=CARTESIAN_POINT('',(7.829108971989E0,1.803006226936E0,2.095022245253E0));
#1448=CARTESIAN_POINT('',(7.826507725741E0,1.821464918933E0,2.104213907692E0));
#1449=CARTESIAN_POINT('',(7.823125977091E0,1.841857559093E0,2.115821098389E0));
#1450=CARTESIAN_POINT('',(7.818732626077E0,1.864478560931E0,2.130356899587E0));
#1451=CARTESIAN_POINT('',(7.813276935079E0,1.888688662072E0,2.147642637476E0));
#1452=CARTESIAN_POINT('',(7.806329246327E0,1.915448707649E0,2.168574862032E0));
#1453=CARTESIAN_POINT('',(7.797441063379E0,1.945184651313E0,2.193805605040E0));
#1454=CARTESIAN_POINT('',(7.785950480395E0,1.978571850654E0,2.224233465586E0));
#1455=CARTESIAN_POINT('',(7.771197328154E0,2.015623638432E0,2.260198051217E0));
#1456=CARTESIAN_POINT('',(7.753347252702E0,2.054456095412E0,2.299897415741E0));
#1457=CARTESIAN_POINT('',(7.732266964155E0,2.094292847240E0,2.342337508696E0));
#1458=CARTESIAN_POINT('',(7.709477695882E0,2.132053199086E0,2.383834046491E0));
#1459=CARTESIAN_POINT('',(7.684783425716E0,2.168314553491E0,2.424594304730E0));
#1460=CARTESIAN_POINT('',(7.658970355455E0,2.202120690690E0,2.463246251226E0));
#1461=CARTESIAN_POINT('',(7.632034529400E0,2.233803133960E0,2.499917572596E0));
#1462=CARTESIAN_POINT('',(7.604461877800E0,2.263058943385E0,2.534081672220E0));
#1463=CARTESIAN_POINT('',(7.576283407105E0,2.290138865128E0,2.565895123796E0));
#1464=CARTESIAN_POINT('',(7.547833099172E0,2.314965621987E0,2.595169585251E0));
#1465=CARTESIAN_POINT('',(7.519125855320E0,2.337757303450E0,2.622089242445E0));
#1466=CARTESIAN_POINT('',(7.490421616111E0,2.358509627460E0,2.646596587830E0));
#1467=CARTESIAN_POINT('',(7.461749806527E0,2.377394956066E0,2.668857276331E0));
#1468=CARTESIAN_POINT('',(7.433223848737E0,2.394502566420E0,2.688949991609E0));
#1469=CARTESIAN_POINT('',(7.404893156386E0,2.409954311510E0,2.706999970042E0));
#1470=CARTESIAN_POINT('',(7.376776210236E0,2.423869800354E0,2.723135283763E0));
#1471=CARTESIAN_POINT('',(7.348910755518E0,2.436344234785E0,2.737459478151E0));
#1472=CARTESIAN_POINT('',(7.321312270976E0,2.447472395115E0,2.750078482700E0));
#1473=CARTESIAN_POINT('',(7.293959914846E0,2.457349746699E0,2.761100218495E0));
#1474=CARTESIAN_POINT('',(7.266860996421E0,2.466048197548E0,2.770606522571E0));
#1475=CARTESIAN_POINT('',(7.240018720754E0,2.473634041054E0,2.778673702891E0));
#1476=CARTESIAN_POINT('',(7.213363251723E0,2.480181879975E0,2.785385486786E0));
#1477=CARTESIAN_POINT('',(7.186910739011E0,2.485732601989E0,2.790788607253E0));
#1478=CARTESIAN_POINT('',(7.160650286977E0,2.490330742613E0,2.794933634310E0));
#1479=CARTESIAN_POINT('',(7.134463232469E0,2.494026145278E0,2.797870852002E0));
#1480=CARTESIAN_POINT('',(7.108383019569E0,2.496834321731E0,2.799616687714E0));
#1481=CARTESIAN_POINT('',(7.091085577637E0,2.498127331631E0,2.799999978281E0));
#1482=CARTESIAN_POINT('',(7.082464199649E0,2.498632144311E0,2.8E0));
#1484=DIRECTION('',(0.E0,-1.E0,-4.039250622649E-11));
#1485=VECTOR('',#1484,2.901880800815E0);
#1486=CARTESIAN_POINT('',(7.1E0,5.7E0,2.5E0));
#1487=LINE('',#1486,#1485);
#1488=CARTESIAN_POINT('',(7.1E0,5.7E0,1.7E0));
#1489=DIRECTION('',(0.E0,1.E0,0.E0));
#1490=DIRECTION('',(0.E0,0.E0,1.E0));
#1491=AXIS2_PLACEMENT_3D('',#1488,#1489,#1490);
#1493=DIRECTION('',(-1.431441156407E-10,-1.E0,-1.151916354733E-10));
#1494=VECTOR('',#1493,4.686902019742E0);
#1495=CARTESIAN_POINT('',(7.9E0,5.7E0,1.7E0));
#1496=LINE('',#1495,#1494);
#1497=CARTESIAN_POINT('',(7.899999999067E0,9.999999999318E-1,1.750103385548E0));
#1498=CARTESIAN_POINT('',(7.899878013837E0,1.001394296403E0,1.752778816323E0));
#1499=CARTESIAN_POINT('',(7.899603770954E0,1.004528924199E0,1.758357339407E0));
#1500=CARTESIAN_POINT('',(7.899097489954E0,1.010315735554E0,1.767240748384E0));
#1501=CARTESIAN_POINT('',(7.898468620144E0,1.017503752238E0,1.776856355966E0));
#1502=CARTESIAN_POINT('',(7.897697548382E0,1.026317142309E0,1.787195434675E0));
#1503=CARTESIAN_POINT('',(7.896782043946E0,1.036781406037E0,1.798044231733E0));
#1504=CARTESIAN_POINT('',(7.895733365426E0,1.048767856328E0,1.809137450787E0));
#1505=CARTESIAN_POINT('',(7.894547084242E0,1.062327112319E0,1.820452796499E0));
#1506=CARTESIAN_POINT('',(7.893196549311E0,1.077763797215E0,1.832152068240E0));
#1507=CARTESIAN_POINT('',(7.891650902744E0,1.095430618322E0,1.844369229687E0));
#1508=CARTESIAN_POINT('',(7.889879549018E0,1.115677284050E0,1.857189065550E0));
#1509=CARTESIAN_POINT('',(7.887854799952E0,1.138820271771E0,1.870642888572E0));
#1510=CARTESIAN_POINT('',(7.885565985738E0,1.164981537953E0,1.884643205920E0));
#1511=CARTESIAN_POINT('',(7.883021193573E0,1.194068645498E0,1.899020455848E0));
#1512=CARTESIAN_POINT('',(7.880233125640E0,1.225936407794E0,1.913626626774E0));
#1513=CARTESIAN_POINT('',(7.877200095313E0,1.260604103070E0,1.928419828892E0));
#1514=CARTESIAN_POINT('',(7.873892647100E0,1.298408409137E0,1.943488745997E0));
#1515=CARTESIAN_POINT('',(7.870267817193E0,1.339840404546E0,1.958951697554E0));
#1516=CARTESIAN_POINT('',(7.866288621030E0,1.385322824871E0,1.974872345368E0));
#1517=CARTESIAN_POINT('',(7.861916497828E0,1.435296421530E0,1.991301518850E0));
#1518=CARTESIAN_POINT('',(7.857114325793E0,1.490185499837E0,2.008267921297E0));
#1519=CARTESIAN_POINT('',(7.851846878739E0,1.550392692264E0,2.025782389988E0));
#1520=CARTESIAN_POINT('',(7.846071405961E0,1.616406659037E0,2.043869819017E0));
#1521=CARTESIAN_POINT('',(7.839734748473E0,1.688834945038E0,2.062574381134E0));
#1522=CARTESIAN_POINT('',(7.835085202168E0,1.741979603290E0,2.075512126463E0));
#1523=CARTESIAN_POINT('',(7.832657822519E0,1.769724594071E0,2.082065779986E0));
#1525=CARTESIAN_POINT('',(7.899999999329E0,1.013097980258E0,1.699999999460E0));
#1526=CARTESIAN_POINT('',(7.899999999880E0,1.013097960571E0,1.701520204744E0));
#1527=CARTESIAN_POINT('',(7.899991306086E0,1.013235100301E0,1.704592227111E0));
#1528=CARTESIAN_POINT('',(7.899950914973E0,1.013869713686E0,1.709275274172E0));
#1529=CARTESIAN_POINT('',(7.899880853827E0,1.014970851862E0,1.714092201147E0));
#1530=CARTESIAN_POINT('',(7.899778230756E0,1.016583687275E0,1.719060439318E0));
#1531=CARTESIAN_POINT('',(7.899639041377E0,1.018771221916E0,1.724222035844E0));
#1532=CARTESIAN_POINT('',(7.899457143076E0,1.021629987401E0,1.729641063367E0));
#1533=CARTESIAN_POINT('',(7.899225732143E0,1.025266920708E0,1.735351146768E0));
#1534=CARTESIAN_POINT('',(7.898936905422E0,1.029806232540E0,1.741385283516E0));
#1535=CARTESIAN_POINT('',(7.898578487075E0,1.035439280183E0,1.747825930265E0));
#1536=CARTESIAN_POINT('',(7.898133311028E0,1.042435848062E0,1.754778881930E0));
#1537=CARTESIAN_POINT('',(7.897584824452E0,1.051056064499E0,1.762277766851E0));
#1538=CARTESIAN_POINT('',(7.896928756747E0,1.061367006703E0,1.770187275679E0));
#1539=CARTESIAN_POINT('',(7.896173110423E0,1.073242907435E0,1.778299980938E0));
#1540=CARTESIAN_POINT('',(7.895317950360E0,1.086682799556E0,1.786562126209E0));
#1541=CARTESIAN_POINT('',(7.894344452271E0,1.101982529303E0,1.795092028763E0));
#1542=CARTESIAN_POINT('',(7.893229461353E0,1.119506007437E0,1.803996014730E0));
#1543=CARTESIAN_POINT('',(7.891950627680E0,1.139604494646E0,1.813337502074E0));
#1544=CARTESIAN_POINT('',(7.890486387636E0,1.162616884327E0,1.823148853777E0));
#1545=CARTESIAN_POINT('',(7.888827178431E0,1.188693503592E0,1.833374300592E0));
#1546=CARTESIAN_POINT('',(7.886978152001E0,1.217753390397E0,1.843889597207E0));
#1547=CARTESIAN_POINT('',(7.884949036629E0,1.249643646514E0,1.854580285673E0));
#1548=CARTESIAN_POINT('',(7.882740147543E0,1.284359291199E0,1.865406466899E0));
#1549=CARTESIAN_POINT('',(7.880330689997E0,1.322227120705E0,1.876430178368E0));
#1550=CARTESIAN_POINT('',(7.877688642044E0,1.363750421593E0,1.887741285512E0));
#1551=CARTESIAN_POINT('',(7.874786533527E0,1.409360920503E0,1.899387898926E0));
#1552=CARTESIAN_POINT('',(7.871595667660E0,1.459509629085E0,1.911408589086E0));
#1553=CARTESIAN_POINT('',(7.868088383107E0,1.514631287295E0,1.923825328435E0));
#1554=CARTESIAN_POINT('',(7.864238564029E0,1.575136322348E0,1.936646167113E0));
#1555=CARTESIAN_POINT('',(7.860014603681E0,1.641521532858E0,1.949889295268E0));
#1556=CARTESIAN_POINT('',(7.855377203907E0,1.714404303561E0,1.963587086507E0));
#1557=CARTESIAN_POINT('',(7.851971825846E0,1.767924727452E0,1.973065128596E0));
#1558=CARTESIAN_POINT('',(7.850193627405E0,1.795871317022E0,1.977866022962E0));
#1560=CARTESIAN_POINT('',(7.899999999329E0,1.013097980258E0,1.699999999460E0));
#1561=CARTESIAN_POINT('',(7.899999999995E0,1.011971587224E0,1.701840262780E0));
#1562=CARTESIAN_POINT('',(7.900000000002E0,1.009832448311E0,1.705658847297E0));
#1563=CARTESIAN_POINT('',(7.900000000002E0,1.007004343805E0,1.711821477197E0));
#1564=CARTESIAN_POINT('',(7.899999999992E0,1.004585892551E0,1.718451651728E0));
#1565=CARTESIAN_POINT('',(7.900000000031E0,1.002618412644E0,1.725572310358E0));
#1566=CARTESIAN_POINT('',(7.899999999884E0,1.001151118905E0,1.733167060496E0));
#1567=CARTESIAN_POINT('',(7.900000000433E0,1.000220960759E0,1.741305604734E0));
#1568=CARTESIAN_POINT('',(7.899999999067E0,9.999999993653E-1,1.747109498271E0));
#1569=CARTESIAN_POINT('',(7.899999999067E0,9.999999999318E-1,1.750103385548E0));
#1571=DIRECTION('',(-1.E0,0.E0,0.E0));
#1572=VECTOR('',#1571,1.407140413099E1);
#1573=CARTESIAN_POINT('',(7.035702065497E0,2.8E0,2.5E0));
#1574=LINE('',#1573,#1572);
#1575=CARTESIAN_POINT('',(7.035702065497E0,2.8E0,2.8E0));
#1576=DIRECTION('',(-1.E0,0.E0,0.E0));
#1577=DIRECTION('',(0.E0,0.E0,-1.E0));
#1578=AXIS2_PLACEMENT_3D('',#1575,#1576,#1577);
#1580=DIRECTION('',(-1.E0,0.E0,0.E0));
#1581=VECTOR('',#1580,1.407140413099E1);
#1582=CARTESIAN_POINT('',(7.035702065497E0,2.5E0,2.8E0));
#1583=LINE('',#1582,#1581);
#1584=CARTESIAN_POINT('',(7.1E0,2.798119199185E0,8.400000000113E0));
#1585=CARTESIAN_POINT('',(7.108621088856E0,2.797425071380E0,8.399999999683E0));
#1586=CARTESIAN_POINT('',(7.125917979886E0,2.795647280792E0,8.400278765495E0));
#1587=CARTESIAN_POINT('',(7.151996495084E0,2.791786345892E0,8.401548332656E0));
#1588=CARTESIAN_POINT('',(7.178181690105E0,2.786705696879E0,8.403684216782E0));
#1589=CARTESIAN_POINT('',(7.204440833257E0,2.780383811619E0,8.406698465953E0));
#1590=CARTESIAN_POINT('',(7.230891555258E0,2.772752398764E0,8.410627520072E0));
#1591=CARTESIAN_POINT('',(7.257545142007E0,2.763750187515E0,8.415508173224E0));
#1592=CARTESIAN_POINT('',(7.284385939797E0,2.753320753232E0,8.421374524629E0));
#1593=CARTESIAN_POINT('',(7.311482999693E0,2.741361834741E0,8.428287290452E0));
#1594=CARTESIAN_POINT('',(7.338833465767E0,2.727782189912E0,8.436302012148E0));
#1595=CARTESIAN_POINT('',(7.366430227678E0,2.712482842353E0,8.445478271844E0));
#1596=CARTESIAN_POINT('',(7.394293793505E0,2.695332736780E0,8.455894432363E0));
#1597=CARTESIAN_POINT('',(7.422408772972E0,2.676201562029E0,8.467627526071E0));
#1598=CARTESIAN_POINT('',(7.450737665745E0,2.654958271608E0,8.480752951277E0));
#1599=CARTESIAN_POINT('',(7.479261704368E0,2.631438657380E0,8.495363698991E0));
#1600=CARTESIAN_POINT('',(7.507931599497E0,2.605475164395E0,8.511550859883E0));
#1601=CARTESIAN_POINT('',(7.536634285799E0,2.576944712630E0,8.529371873191E0));
#1602=CARTESIAN_POINT('',(7.565339711291E0,2.545611032280E0,8.548946771146E0));
#1603=CARTESIAN_POINT('',(7.593788771124E0,2.511479136338E0,8.570234300035E0));
#1604=CARTESIAN_POINT('',(7.621965710084E0,2.474250292040E0,8.593367724797E0));
#1605=CARTESIAN_POINT('',(7.649537629188E0,2.434029370199E0,8.618210972822E0));
#1606=CARTESIAN_POINT('',(7.676472546955E0,2.390473106413E0,8.644877026986E0));
#1607=CARTESIAN_POINT('',(7.702285664338E0,2.343996280226E0,8.672984074415E0));
#1608=CARTESIAN_POINT('',(7.726980189181E0,2.294144258788E0,8.702624300878E0));
#1609=CARTESIAN_POINT('',(7.749770352422E0,2.242231182090E0,8.732800460765E0));
#1610=CARTESIAN_POINT('',(7.770853048354E0,2.187460264238E0,8.763664938639E0));
#1611=CARTESIAN_POINT('',(7.788707117201E0,2.134066132130E0,8.792539109427E0));
#1612=CARTESIAN_POINT('',(7.803469500864E0,2.083098920656E0,8.818708119162E0));
#1613=CARTESIAN_POINT('',(7.814965415582E0,2.037177747253E0,8.840845816417E0));
#1614=CARTESIAN_POINT('',(7.823857787527E0,1.996277928008E0,8.859202775829E0));
#1615=CARTESIAN_POINT('',(7.830809891906E0,1.959463509672E0,8.874435247256E0));
#1616=CARTESIAN_POINT('',(7.836268935171E0,1.926155135732E0,8.887014322283E0));
#1617=CARTESIAN_POINT('',(7.840663627308E0,1.895039771669E0,8.897589211426E0));
#1618=CARTESIAN_POINT('',(7.844044443178E0,1.867005358344E0,8.906028614598E0));
#1619=CARTESIAN_POINT('',(7.846645055501E0,1.841630424835E0,8.912711820347E0));
#1620=CARTESIAN_POINT('',(7.848659512673E0,1.818263967634E0,8.918011570291E0));
#1621=CARTESIAN_POINT('',(7.849727221399E0,1.803201577865E0,8.920874739002E0));
#1622=CARTESIAN_POINT('',(7.850193629586E0,1.795871317022E0,8.922133976230E0));
#1624=CARTESIAN_POINT('',(7.099999999635E0,2.798119196628E0,8.100000002554E0));
#1625=DIRECTION('',(9.982901811354E-1,-5.845266673617E-2,-1.239760860378E-9));
#1626=DIRECTION('',(1.739091837573E-9,8.491607437094E-9,1.E0));
#1627=AXIS2_PLACEMENT_3D('',#1624,#1625,#1626);
#1629=CARTESIAN_POINT('',(7.082464199645E0,2.498632144239E0,8.1E0));
#1630=CARTESIAN_POINT('',(7.091085326116E0,2.498127345966E0,8.100000022715E0));
#1631=CARTESIAN_POINT('',(7.108382086545E0,2.496834391964E0,8.100383290286E0));
#1632=CARTESIAN_POINT('',(7.134460597747E0,2.494026450827E0,8.102128941898E0));
#1633=CARTESIAN_POINT('',(7.160645737116E0,2.490331443678E0,8.105065775052E0));
#1634=CARTESIAN_POINT('',(7.186904832207E0,2.485733720965E0,8.109210346194E0));
#1635=CARTESIAN_POINT('',(7.213355504183E0,2.480183619162E0,8.114612778673E0));
#1636=CARTESIAN_POINT('',(7.240009041514E0,2.473636575589E0,8.121323651433E0));
#1637=CARTESIAN_POINT('',(7.266849786176E0,2.466051557460E0,8.129389855335E0));
#1638=CARTESIAN_POINT('',(7.293946793155E0,2.457354191984E0,8.138894873153E0));
#1639=CARTESIAN_POINT('',(7.321297205581E0,2.447478122812E0,8.149915074075E0));
#1640=CARTESIAN_POINT('',(7.348893913364E0,2.436351367499E0,8.162532382135E0));
#1641=CARTESIAN_POINT('',(7.376757425602E0,2.423878613664E0,8.176854546181E0));
#1642=CARTESIAN_POINT('',(7.404872352881E0,2.409965089776E0,8.192987484868E0));
#1643=CARTESIAN_POINT('',(7.433201195301E0,2.394515489066E0,8.211034870258E0));
#1644=CARTESIAN_POINT('',(7.461725186125E0,2.377410387298E0,8.231124564800E0));
#1645=CARTESIAN_POINT('',(7.490395036988E0,2.358527926960E0,8.253381817880E0));
#1646=CARTESIAN_POINT('',(7.519097686182E0,2.337778589951E0,8.277885611518E0));
#1647=CARTESIAN_POINT('',(7.547803077467E0,2.314990552388E0,8.304800984833E0));
#1648=CARTESIAN_POINT('',(7.576252123227E0,2.290167436793E0,8.334071234305E0));
#1649=CARTESIAN_POINT('',(7.604429048358E0,2.263092012625E0,8.365879575233E0));
#1650=CARTESIAN_POINT('',(7.632000997420E0,2.233840485752E0,8.400038971466E0));
#1651=CARTESIAN_POINT('',(7.658935928252E0,2.202163305154E0,8.436704684708E0));
#1652=CARTESIAN_POINT('',(7.684749165817E0,2.168361911545E0,8.475351942512E0));
#1653=CARTESIAN_POINT('',(7.709443686834E0,2.132106085986E0,8.516107086579E0));
#1654=CARTESIAN_POINT('',(7.732234140779E0,2.094350707659E0,8.557599753918E0));
#1655=CARTESIAN_POINT('',(7.753316426951E0,2.054518379670E0,8.600037403668E0));
#1656=CARTESIAN_POINT('',(7.771170560977E0,2.015686441740E0,8.639739357897E0));
#1657=CARTESIAN_POINT('',(7.785932619233E0,1.978620672786E0,8.675720747153E0));
#1658=CARTESIAN_POINT('',(7.797428711324E0,1.945223432874E0,8.706160354272E0));
#1659=CARTESIAN_POINT('',(7.806321307724E0,1.915477683711E0,8.731401707999E0));
#1660=CARTESIAN_POINT('',(7.813273529517E0,1.888703446112E0,8.752346633758E0));
#1661=CARTESIAN_POINT('',(7.818732787382E0,1.864478405058E0,8.769643505736E0));
#1662=CARTESIAN_POINT('',(7.823127331376E0,1.841850080045E0,8.784183466054E0));
#1663=CARTESIAN_POINT('',(7.826508298317E0,1.821460943611E0,8.795788113691E0));
#1664=CARTESIAN_POINT('',(7.829109074052E0,1.803005282597E0,8.804978128100E0));
#1665=CARTESIAN_POINT('',(7.831123423992E0,1.786013223865E0,8.812264816691E0));
#1666=CARTESIAN_POINT('',(7.832191648297E0,1.775052943124E0,8.816203659078E0));
#1667=CARTESIAN_POINT('',(7.832657821653E0,1.769724593995E0,8.817934220014E0));
#1669=DIRECTION('',(-1.576592270820E-10,-1.E0,1.289915184479E-10));
#1670=VECTOR('',#1669,4.686902077488E0);
#1671=CARTESIAN_POINT('',(7.9E0,5.7E0,9.2E0));
#1672=LINE('',#1671,#1670);
#1673=CARTESIAN_POINT('',(7.1E0,5.7E0,9.2E0));
#1674=DIRECTION('',(0.E0,1.E0,0.E0));
#1675=DIRECTION('',(1.E0,0.E0,0.E0));
#1676=AXIS2_PLACEMENT_3D('',#1673,#1674,#1675);
#1678=DIRECTION('',(0.E0,-1.E0,3.891740225511E-11));
#1679=VECTOR('',#1678,2.901880800815E0);
#1680=CARTESIAN_POINT('',(7.1E0,5.7E0,8.4E0));
#1681=LINE('',#1680,#1679);
#1682=CARTESIAN_POINT('',(7.850193629586E0,1.795871317022E0,8.922133976230E0));
#1683=CARTESIAN_POINT('',(7.851980449969E0,1.767789321694E0,8.926958152927E0));
#1684=CARTESIAN_POINT('',(7.855400722130E0,1.714034480818E0,8.936479201757E0));
#1685=CARTESIAN_POINT('',(7.860052915035E0,1.640919360168E0,8.950226414694E0));
#1686=CARTESIAN_POINT('',(7.864286103570E0,1.574389092279E0,8.963506804878E0));
#1687=CARTESIAN_POINT('',(7.868140353703E0,1.513814440201E0,8.976352716136E0));
#1688=CARTESIAN_POINT('',(7.871648335415E0,1.458681837866E0,8.988783568924E0));
#1689=CARTESIAN_POINT('',(7.874836849271E0,1.408570109436E0,9.000807769453E0));
#1690=CARTESIAN_POINT('',(7.877734336166E0,1.363032258572E0,9.012448340576E0));
#1691=CARTESIAN_POINT('',(7.880370119710E0,1.321607422671E0,9.023744727646E0));
#1692=CARTESIAN_POINT('',(7.882772373663E0,1.283852817320E0,9.034746692659E0));
#1693=CARTESIAN_POINT('',(7.884973482203E0,1.249259461512E0,9.045544664404E0));
#1694=CARTESIAN_POINT('',(7.886994272040E0,1.217500062520E0,9.056199645830E0));
#1695=CARTESIAN_POINT('',(7.888834082991E0,1.188585014947E0,9.066667941603E0));
#1696=CARTESIAN_POINT('',(7.890484056781E0,1.162653543352E0,9.076837773950E0));
#1697=CARTESIAN_POINT('',(7.891940380956E0,1.139765555549E0,9.086592498528E0));
#1698=CARTESIAN_POINT('',(7.893212929990E0,1.119765833744E0,9.095879592824E0));
#1699=CARTESIAN_POINT('',(7.894322142733E0,1.102333161086E0,9.104723859321E0));
#1700=CARTESIAN_POINT('',(7.895288483387E0,1.087145912178E0,9.113170929219E0));
#1701=CARTESIAN_POINT('',(7.896132466989E0,1.073881663219E0,9.121294131260E0));
#1702=CARTESIAN_POINT('',(7.896872030618E0,1.062258513437E0,9.129181388011E0));
#1703=CARTESIAN_POINT('',(7.897513960384E0,1.052169766311E0,9.136830441639E0));
#1704=CARTESIAN_POINT('',(7.898061148946E0,1.043569969729E0,9.144181583486E0));
#1705=CARTESIAN_POINT('',(7.898519586454E0,1.036364992729E0,9.151193423677E0));
#1706=CARTESIAN_POINT('',(7.898896842092E0,1.030435889983E0,9.157836913326E0));
#1707=CARTESIAN_POINT('',(7.899201077774E0,1.025654400635E0,9.164085474029E0));
#1708=CARTESIAN_POINT('',(7.899441962141E0,1.021868575230E0,9.169945060534E0));
#1709=CARTESIAN_POINT('',(7.899629612888E0,1.018919398345E0,9.175462057141E0));
#1710=CARTESIAN_POINT('',(7.899773094129E0,1.016664408976E0,9.180717091249E0));
#1711=CARTESIAN_POINT('',(7.899878548046E0,1.015007085493E0,9.185769267353E0));
#1712=CARTESIAN_POINT('',(7.899950071026E0,1.013882965892E0,9.190644236315E0));
#1713=CARTESIAN_POINT('',(7.899991161931E0,1.013237389540E0,9.195369260859E0));
#1714=CARTESIAN_POINT('',(7.899999999506E0,1.013097913780E0,9.198467724962E0));
#1715=CARTESIAN_POINT('',(7.899999999261E0,1.013097922512E0,9.200000000605E0));
#1717=CARTESIAN_POINT('',(8.131516235255E0,1.795871295795E0,8.817934162858E0));
#1718=DIRECTION('',(8.483866638076E-2,-9.697103940286E-1,2.290505455128E-1));
#1719=DIRECTION('',(-9.377419602374E-1,-3.001685581862E-8,3.473327165847E-1));
#1720=AXIS2_PLACEMENT_3D('',#1717,#1718,#1719);
#1722=CARTESIAN_POINT('',(7.832657821653E0,1.769724593995E0,8.817934220014E0));
#1723=CARTESIAN_POINT('',(7.835107117235E0,1.741729113438E0,8.824547056080E0));
#1724=CARTESIAN_POINT('',(7.839795677496E0,1.688138522889E0,8.837597106391E0));
#1725=CARTESIAN_POINT('',(7.846175289327E0,1.615219266793E0,8.856443455420E0));
#1726=CARTESIAN_POINT('',(7.851981920363E0,1.548849159423E0,8.874651289865E0));
#1727=CARTESIAN_POINT('',(7.857270332421E0,1.488402335927E0,8.892265210278E0));
#1728=CARTESIAN_POINT('',(7.862085105229E0,1.433369230123E0,8.909311760206E0));
#1729=CARTESIAN_POINT('',(7.866462789244E0,1.383332073070E0,8.925802403652E0));
#1730=CARTESIAN_POINT('',(7.870442085237E0,1.337848511684E0,8.941768113202E0));
#1731=CARTESIAN_POINT('',(7.874062924385E0,1.296462130863E0,8.957262178084E0));
#1732=CARTESIAN_POINT('',(7.877363676959E0,1.258734356296E0,8.972351810271E0));
#1733=CARTESIAN_POINT('',(7.880388482476E0,1.224160671042E0,8.987159408672E0));
#1734=CARTESIAN_POINT('',(7.883166356216E0,1.192409428896E0,9.001770431485E0));
#1735=CARTESIAN_POINT('',(7.885697264414E0,1.163481015815E0,9.016130296564E0));
#1736=CARTESIAN_POINT('',(7.887969221742E0,1.137512424737E0,9.030088813214E0));
#1737=CARTESIAN_POINT('',(7.889976522024E0,1.114568877521E0,9.043485767432E0));
#1738=CARTESIAN_POINT('',(7.891731795116E0,1.094506014271E0,9.056244918218E0));
#1739=CARTESIAN_POINT('',(7.893262413795E0,1.077010962720E0,9.068395675735E0));
#1740=CARTESIAN_POINT('',(7.894596463525E0,1.061762704528E0,9.080000182181E0));
#1741=CARTESIAN_POINT('',(7.895761875984E0,1.048441979154E0,9.091156093537E0));
#1742=CARTESIAN_POINT('',(7.896783423441E0,1.036765638358E0,9.101983324840E0));
#1743=CARTESIAN_POINT('',(7.897671413127E0,1.026615869540E0,9.112489601192E0));
#1744=CARTESIAN_POINT('',(7.898429633787E0,1.017949368734E0,9.122594076809E0));
#1745=CARTESIAN_POINT('',(7.899065965664E0,1.010676058367E0,9.132238458764E0));
#1746=CARTESIAN_POINT('',(7.899590414111E0,1.004681599116E0,9.141377970957E0));
#1747=CARTESIAN_POINT('',(7.899873544759E0,1.001445366350E0,9.147123755096E0));
#1748=CARTESIAN_POINT('',(7.899999999092E0,9.999999995024E-1,9.149897270993E0));
#1750=CARTESIAN_POINT('',(7.899999999092E0,9.999999995024E-1,9.149897270993E0));
#1751=CARTESIAN_POINT('',(7.899999999092E0,1.000000017058E0,9.152951114908E0));
#1752=CARTESIAN_POINT('',(7.900000000421E0,1.000229506605E0,9.158859565445E0));
#1753=CARTESIAN_POINT('',(7.899999999888E0,1.001194725790E0,9.167136613641E0));
#1754=CARTESIAN_POINT('',(7.900000000026E0,1.002704235491E0,9.174794733691E0));
#1755=CARTESIAN_POINT('',(7.900000000007E0,1.004694643140E0,9.181882582526E0));
#1756=CARTESIAN_POINT('',(7.899999999946E0,1.007113664103E0,9.188437143378E0));
#1757=CARTESIAN_POINT('',(7.900000000211E0,1.009908212523E0,9.194481952252E0));
#1758=CARTESIAN_POINT('',(7.899999999545E0,1.012001755019E0,9.198208973426E0));
#1759=CARTESIAN_POINT('',(7.899999999261E0,1.013097922512E0,9.200000000605E0));
#1761=CARTESIAN_POINT('',(7.035702065497E0,1.7E0,8.4E0));
#1762=DIRECTION('',(0.E0,0.E0,-1.E0));
#1763=DIRECTION('',(0.E0,1.E0,0.E0));
#1764=AXIS2_PLACEMENT_3D('',#1761,#1762,#1763);
#1766=CARTESIAN_POINT('',(7.035702065497E0,2.8E0,8.1E0));
#1767=DIRECTION('',(1.E0,0.E0,0.E0));
#1768=DIRECTION('',(0.E0,0.E0,1.E0));
#1769=AXIS2_PLACEMENT_3D('',#1766,#1767,#1768);
#1771=CARTESIAN_POINT('',(7.035702065497E0,1.7E0,8.1E0));
#1772=DIRECTION('',(0.E0,0.E0,-1.E0));
#1773=DIRECTION('',(0.E0,1.E0,0.E0));
#1774=AXIS2_PLACEMENT_3D('',#1771,#1772,#1773);
#1776=DIRECTION('',(1.E0,0.E0,0.E0));
#1777=VECTOR('',#1776,1.407140413099E1);
#1778=CARTESIAN_POINT('',(-7.035702065497E0,2.8E0,8.4E0));
#1779=LINE('',#1778,#1777);
#1780=CARTESIAN_POINT('',(-7.035702065497E0,2.8E0,8.1E0));
#1781=DIRECTION('',(1.E0,0.E0,0.E0));
#1782=DIRECTION('',(0.E0,0.E0,1.E0));
#1783=AXIS2_PLACEMENT_3D('',#1780,#1781,#1782);
#1785=DIRECTION('',(1.E0,0.E0,0.E0));
#1786=VECTOR('',#1785,1.407140413099E1);
#1787=CARTESIAN_POINT('',(-7.035702065497E0,2.5E0,8.1E0));
#1788=LINE('',#1787,#1786);
#1789=CARTESIAN_POINT('',(-7.035702065497E0,1.7E0,8.4E0));
#1790=DIRECTION('',(0.E0,0.E0,-1.E0));
#1791=DIRECTION('',(-5.845266772984E-2,9.982901810773E-1,0.E0));
#1792=AXIS2_PLACEMENT_3D('',#1789,#1790,#1791);
#1794=CARTESIAN_POINT('',(-7.1E0,2.798119199185E0,8.1E0));
#1795=DIRECTION('',(9.982901810773E-1,5.845266772984E-2,0.E0));
#1796=DIRECTION('',(0.E0,0.E0,1.E0));
#1797=AXIS2_PLACEMENT_3D('',#1794,#1795,#1796);
#1799=CARTESIAN_POINT('',(-7.035702065497E0,1.7E0,8.1E0));
#1800=DIRECTION('',(0.E0,0.E0,-1.E0));
#1801=DIRECTION('',(-5.845266772984E-2,9.982901810773E-1,0.E0));
#1802=AXIS2_PLACEMENT_3D('',#1799,#1800,#1801);
#1804=DIRECTION('',(0.E0,-1.E0,0.E0));
#1805=VECTOR('',#1804,5.7E0);
#1806=CARTESIAN_POINT('',(7.9E0,5.7E0,-1.01E1));
#1807=LINE('',#1806,#1805);
#1808=CARTESIAN_POINT('',(7.1E0,5.7E0,-1.01E1));
#1809=DIRECTION('',(0.E0,1.E0,0.E0));
#1810=DIRECTION('',(1.E0,0.E0,0.E0));
#1811=AXIS2_PLACEMENT_3D('',#1808,#1809,#1810);
#1813=DIRECTION('',(0.E0,-1.E0,0.E0));
#1814=VECTOR('',#1813,5.7E0);
#1815=CARTESIAN_POINT('',(7.1E0,5.7E0,-1.09E1));
#1816=LINE('',#1815,#1814);
#1817=CARTESIAN_POINT('',(7.1E0,0.E0,-1.01E1));
#1818=DIRECTION('',(0.E0,-1.E0,0.E0));
#1819=DIRECTION('',(0.E0,0.E0,-1.E0));
#1820=AXIS2_PLACEMENT_3D('',#1817,#1818,#1819);
#1822=DIRECTION('',(1.736481776669E-1,9.848077530122E-1,0.E0));
#1823=VECTOR('',#1822,1.102725525777E0);
#1824=CARTESIAN_POINT('',(-1.576326980708E0,0.E0,-1.09E1));
#1825=LINE('',#1824,#1823);
#1826=DIRECTION('',(1.E0,0.E0,0.E0));
#1827=VECTOR('',#1826,2.769681405381E0);
#1828=CARTESIAN_POINT('',(-1.384840702690E0,1.085972647230E0,-1.09E1));
#1829=LINE('',#1828,#1827);
#1830=DIRECTION('',(-1.736481776669E-1,9.848077530122E-1,0.E0));
#1831=VECTOR('',#1830,1.102725525777E0);
#1832=CARTESIAN_POINT('',(1.576326980708E0,0.E0,-1.09E1));
#1833=LINE('',#1832,#1831);
#1834=CARTESIAN_POINT('',(-1.4E0,1.E0,-8.6E0));
#1835=CARTESIAN_POINT('',(-1.4E0,1.E0,-8.558011945586E0));
#1836=CARTESIAN_POINT('',(-1.400915436136E0,9.948083036866E-1,
-8.479307623355E0));
#1837=CARTESIAN_POINT('',(-1.404285209934E0,9.756973668090E-1,
-8.372749213995E0));
#1838=CARTESIAN_POINT('',(-1.409247851852E0,9.475528259221E-1,
-8.275363766548E0));
#1839=CARTESIAN_POINT('',(-1.417658534576E0,8.998534738964E-1,
-8.155846740308E0));
#1840=CARTESIAN_POINT('',(-1.431114809246E0,8.235391480019E-1,
-8.023398065618E0));
#1841=CARTESIAN_POINT('',(-1.451285301982E0,7.091465992556E-1,
-7.887626977330E0));
#1842=CARTESIAN_POINT('',(-1.475292844583E0,5.729930593684E-1,
-7.773952578549E0));
#1843=CARTESIAN_POINT('',(-1.503311284781E0,4.140925888581E-1,
-7.683376018460E0));
#1844=CARTESIAN_POINT('',(-1.530498519448E0,2.599061191661E-1,
-7.630000790907E0));
#1845=CARTESIAN_POINT('',(-1.555328243784E0,1.190897549530E-1,
-7.605037256861E0));
#1846=CARTESIAN_POINT('',(-1.569035831576E0,4.135016152109E-2,-7.6E0));
#1847=CARTESIAN_POINT('',(-1.576326980708E0,0.E0,-7.6E0));
#1849=DIRECTION('',(0.E0,0.E0,1.E0));
#1850=VECTOR('',#1849,1.402458211201E0);
#1851=CARTESIAN_POINT('',(-1.4E0,1.E0,-1.000245821120E1));
#1852=LINE('',#1851,#1850);
#1853=DIRECTION('',(1.126197424618E-1,6.386982979537E-1,7.611709911701E-1));
#1854=VECTOR('',#1853,2.032467181322E-1);
#1855=CARTESIAN_POINT('',(-1.422889593052E0,8.701866670643E-1,
-1.015716371709E1));
#1856=LINE('',#1855,#1854);
#1857=CARTESIAN_POINT('',(-1.422889593052E0,8.701866670643E-1,
-1.054283628291E1));
#1858=CARTESIAN_POINT('',(-1.425267198607E0,8.567025959090E-1,
-1.052676659266E1));
#1859=CARTESIAN_POINT('',(-1.429043686482E0,8.352850688793E-1,
-1.049462721218E1));
#1860=CARTESIAN_POINT('',(-1.433946766625E0,8.074783196037E-1,
-1.043034845121E1));
#1861=CARTESIAN_POINT('',(-1.436144482486E0,7.950144535975E-1,-1.035E1));
#1862=CARTESIAN_POINT('',(-1.433946766625E0,8.074783196037E-1,
-1.026965154879E1));
#1863=CARTESIAN_POINT('',(-1.429043686482E0,8.352850688793E-1,
-1.020537278782E1));
#1864=CARTESIAN_POINT('',(-1.425267198607E0,8.567025959090E-1,
-1.017323340734E1));
#1865=CARTESIAN_POINT('',(-1.422889593052E0,8.701866670643E-1,
-1.015716371709E1));
#1867=DIRECTION('',(-1.126197424618E-1,-6.386982979537E-1,7.611709911701E-1));
#1868=VECTOR('',#1867,3.378527559211E-1);
#1869=CARTESIAN_POINT('',(-1.384840702690E0,1.085972647230E0,-1.08E1));
#1870=LINE('',#1869,#1868);
#1871=DIRECTION('',(0.E0,0.E0,1.E0));
#1872=VECTOR('',#1871,1.E-1);
#1873=CARTESIAN_POINT('',(-1.384840702690E0,1.085972647230E0,-1.09E1));
#1874=LINE('',#1873,#1872);
#1875=DIRECTION('',(1.E0,0.E0,0.E0));
#1876=VECTOR('',#1875,2.8E0);
#1877=CARTESIAN_POINT('',(-1.4E0,1.E0,-8.6E0));
#1878=LINE('',#1877,#1876);
#1879=DIRECTION('',(0.E0,0.E0,1.E0));
#1880=VECTOR('',#1879,1.E-1);
#1881=CARTESIAN_POINT('',(1.384840702690E0,1.085972647230E0,-1.09E1));
#1882=LINE('',#1881,#1880);
#1883=DIRECTION('',(1.126197424618E-1,-6.386982979537E-1,7.611709911701E-1));
#1884=VECTOR('',#1883,3.378527559211E-1);
#1885=CARTESIAN_POINT('',(1.384840702690E0,1.085972647230E0,-1.08E1));
#1886=LINE('',#1885,#1884);
#1887=CARTESIAN_POINT('',(1.422889593052E0,8.701866670643E-1,
-1.054283628291E1));
#1888=CARTESIAN_POINT('',(1.425267198607E0,8.567025959090E-1,
-1.052676659266E1));
#1889=CARTESIAN_POINT('',(1.429043686482E0,8.352850688793E-1,
-1.049462721218E1));
#1890=CARTESIAN_POINT('',(1.433946766625E0,8.074783196037E-1,
-1.043034845121E1));
#1891=CARTESIAN_POINT('',(1.436144482486E0,7.950144535975E-1,-1.035E1));
#1892=CARTESIAN_POINT('',(1.433946766625E0,8.074783196037E-1,
-1.026965154879E1));
#1893=CARTESIAN_POINT('',(1.429043686482E0,8.352850688793E-1,
-1.020537278782E1));
#1894=CARTESIAN_POINT('',(1.425267198607E0,8.567025959090E-1,
-1.017323340734E1));
#1895=CARTESIAN_POINT('',(1.422889593052E0,8.701866670643E-1,
-1.015716371709E1));
#1897=DIRECTION('',(-1.126197424618E-1,6.386982979537E-1,7.611709911701E-1));
#1898=VECTOR('',#1897,2.032467181322E-1);
#1899=CARTESIAN_POINT('',(1.422889593052E0,8.701866670643E-1,
-1.015716371709E1));
#1900=LINE('',#1899,#1898);
#1901=DIRECTION('',(0.E0,0.E0,1.E0));
#1902=VECTOR('',#1901,1.402458211201E0);
#1903=CARTESIAN_POINT('',(1.4E0,1.E0,-1.000245821120E1));
#1904=LINE('',#1903,#1902);
#1905=CARTESIAN_POINT('',(1.4E0,1.E0,-8.6E0));
#1906=CARTESIAN_POINT('',(1.4E0,1.E0,-8.558011945586E0));
#1907=CARTESIAN_POINT('',(1.400915436136E0,9.948083036866E-1,
-8.479307623355E0));
#1908=CARTESIAN_POINT('',(1.404285209934E0,9.756973668090E-1,
-8.372749213995E0));
#1909=CARTESIAN_POINT('',(1.409247851852E0,9.475528259221E-1,
-8.275363766548E0));
#1910=CARTESIAN_POINT('',(1.417658534576E0,8.998534738964E-1,
-8.155846740308E0));
#1911=CARTESIAN_POINT('',(1.431114809246E0,8.235391480019E-1,
-8.023398065618E0));
#1912=CARTESIAN_POINT('',(1.451285301982E0,7.091465992556E-1,
-7.887626977330E0));
#1913=CARTESIAN_POINT('',(1.475292844583E0,5.729930593684E-1,
-7.773952578549E0));
#1914=CARTESIAN_POINT('',(1.503311284781E0,4.140925888581E-1,
-7.683376018460E0));
#1915=CARTESIAN_POINT('',(1.530498519448E0,2.599061191661E-1,
-7.630000790907E0));
#1916=CARTESIAN_POINT('',(1.555328243784E0,1.190897549530E-1,
-7.605037256861E0));
#1917=CARTESIAN_POINT('',(1.569035831576E0,4.135016152109E-2,-7.6E0));
#1918=CARTESIAN_POINT('',(1.576326980708E0,0.E0,-7.6E0));
#1920=DIRECTION('',(1.E0,0.E0,0.E0));
#1921=VECTOR('',#1920,2.769681405381E0);
#1922=CARTESIAN_POINT('',(-1.384840702690E0,1.085972647230E0,-1.08E1));
#1923=LINE('',#1922,#1921);
#1924=DIRECTION('',(1.E0,0.E0,0.E0));
#1925=VECTOR('',#1924,2.845779186105E0);
#1926=CARTESIAN_POINT('',(-1.422889593052E0,8.701866670643E-1,
-1.054283628291E1));
#1927=LINE('',#1926,#1925);
#1928=DIRECTION('',(1.E0,0.E0,0.E0));
#1929=VECTOR('',#1928,2.845779186105E0);
#1930=CARTESIAN_POINT('',(-1.422889593052E0,8.701866670643E-1,
-1.015716371709E1));
#1931=LINE('',#1930,#1929);
#1932=DIRECTION('',(1.E0,0.E0,0.E0));
#1933=VECTOR('',#1932,2.8E0);
#1934=CARTESIAN_POINT('',(-1.4E0,1.E0,-1.000245821120E1));
#1935=LINE('',#1934,#1933);
#1936=DIRECTION('',(0.E0,1.E0,0.E0));
#1937=VECTOR('',#1936,5.7E0);
#1938=CARTESIAN_POINT('',(-7.9E0,0.E0,-1.01E1));
#1939=LINE('',#1938,#1937);
#1940=CARTESIAN_POINT('',(-7.1E0,0.E0,-1.01E1));
#1941=DIRECTION('',(0.E0,-1.E0,0.E0));
#1942=DIRECTION('',(-1.E0,0.E0,0.E0));
#1943=AXIS2_PLACEMENT_3D('',#1940,#1941,#1942);
#1945=DIRECTION('',(0.E0,1.E0,0.E0));
#1946=VECTOR('',#1945,5.7E0);
#1947=CARTESIAN_POINT('',(-7.1E0,0.E0,-1.09E1));
#1948=LINE('',#1947,#1946);
#1949=CARTESIAN_POINT('',(-7.1E0,5.7E0,-1.01E1));
#1950=DIRECTION('',(0.E0,1.E0,0.E0));
#1951=DIRECTION('',(0.E0,0.E0,-1.E0));
#1952=AXIS2_PLACEMENT_3D('',#1949,#1950,#1951);
#1954=DIRECTION('',(0.E0,1.E0,0.E0));
#1955=VECTOR('',#1954,5.7E0);
#1956=CARTESIAN_POINT('',(7.9E0,0.E0,1.01E1));
#1957=LINE('',#1956,#1955);
#1958=CARTESIAN_POINT('',(7.1E0,0.E0,1.01E1));
#1959=DIRECTION('',(0.E0,-1.E0,0.E0));
#1960=DIRECTION('',(1.E0,0.E0,0.E0));
#1961=AXIS2_PLACEMENT_3D('',#1958,#1959,#1960);
#1963=DIRECTION('',(0.E0,1.E0,0.E0));
#1964=VECTOR('',#1963,5.7E0);
#1965=CARTESIAN_POINT('',(7.1E0,0.E0,1.09E1));
#1966=LINE('',#1965,#1964);
#1967=CARTESIAN_POINT('',(7.1E0,5.7E0,1.01E1));
#1968=DIRECTION('',(0.E0,1.E0,0.E0));
#1969=DIRECTION('',(0.E0,0.E0,1.E0));
#1970=AXIS2_PLACEMENT_3D('',#1967,#1968,#1969);
#1972=CARTESIAN_POINT('',(1.4E0,1.E0,8.6E0));
#1973=CARTESIAN_POINT('',(1.4E0,1.E0,8.558011945586E0));
#1974=CARTESIAN_POINT('',(1.400915436136E0,9.948083036866E-1,8.479307623355E0));
#1975=CARTESIAN_POINT('',(1.404285209934E0,9.756973668090E-1,8.372749213995E0));
#1976=CARTESIAN_POINT('',(1.409247851852E0,9.475528259221E-1,8.275363766548E0));
#1977=CARTESIAN_POINT('',(1.417658534576E0,8.998534738964E-1,8.155846740308E0));
#1978=CARTESIAN_POINT('',(1.431114809246E0,8.235391480019E-1,8.023398065618E0));
#1979=CARTESIAN_POINT('',(1.451285301982E0,7.091465992556E-1,7.887626977330E0));
#1980=CARTESIAN_POINT('',(1.475292844583E0,5.729930593684E-1,7.773952578549E0));
#1981=CARTESIAN_POINT('',(1.503311284781E0,4.140925888581E-1,7.683376018460E0));
#1982=CARTESIAN_POINT('',(1.530498519448E0,2.599061191661E-1,7.630000790907E0));
#1983=CARTESIAN_POINT('',(1.555328243784E0,1.190897549530E-1,7.605037256861E0));
#1984=CARTESIAN_POINT('',(1.569035831576E0,4.135016152109E-2,7.6E0));
#1985=CARTESIAN_POINT('',(1.576326980708E0,0.E0,7.6E0));
#1987=DIRECTION('',(0.E0,0.E0,-1.E0));
#1988=VECTOR('',#1987,1.402458211201E0);
#1989=CARTESIAN_POINT('',(1.4E0,1.E0,1.000245821120E1));
#1990=LINE('',#1989,#1988);
#1991=DIRECTION('',(-1.126197424618E-1,6.386982979537E-1,-7.611709911701E-1));
#1992=VECTOR('',#1991,2.032467181322E-1);
#1993=CARTESIAN_POINT('',(1.422889593052E0,8.701866670643E-1,1.015716371709E1));
#1994=LINE('',#1993,#1992);
#1995=CARTESIAN_POINT('',(1.422889593052E0,8.701866670643E-1,1.054283628291E1));
#1996=CARTESIAN_POINT('',(1.425267198607E0,8.567025959090E-1,1.052676659266E1));
#1997=CARTESIAN_POINT('',(1.429043686482E0,8.352850688793E-1,1.049462721218E1));
#1998=CARTESIAN_POINT('',(1.433946766625E0,8.074783196037E-1,1.043034845121E1));
#1999=CARTESIAN_POINT('',(1.436144482486E0,7.950144535975E-1,1.035E1));
#2000=CARTESIAN_POINT('',(1.433946766625E0,8.074783196037E-1,1.026965154879E1));
#2001=CARTESIAN_POINT('',(1.429043686482E0,8.352850688793E-1,1.020537278782E1));
#2002=CARTESIAN_POINT('',(1.425267198607E0,8.567025959090E-1,1.017323340734E1));
#2003=CARTESIAN_POINT('',(1.422889593052E0,8.701866670643E-1,1.015716371709E1));
#2005=DIRECTION('',(1.126197424618E-1,-6.386982979537E-1,-7.611709911701E-1));
#2006=VECTOR('',#2005,3.378527559211E-1);
#2007=CARTESIAN_POINT('',(1.384840702690E0,1.085972647230E0,1.08E1));
#2008=LINE('',#2007,#2006);
#2009=DIRECTION('',(0.E0,0.E0,-1.E0));
#2010=VECTOR('',#2009,1.E-1);
#2011=CARTESIAN_POINT('',(1.384840702690E0,1.085972647230E0,1.09E1));
#2012=LINE('',#2011,#2010);
#2013=CARTESIAN_POINT('',(-7.1E0,5.7E0,8.4E0));
#2014=CARTESIAN_POINT('',(-7.9E0,5.7E0,9.2E0));
#2015=VERTEX_POINT('',#2013);
#2016=VERTEX_POINT('',#2014);
#2017=CARTESIAN_POINT('',(-7.9E0,5.7E0,1.01E1));
#2018=CARTESIAN_POINT('',(-7.9E0,0.E0,1.01E1));
#2019=VERTEX_POINT('',#2017);
#2020=VERTEX_POINT('',#2018);
#2021=CARTESIAN_POINT('',(-7.1E0,5.7E0,1.09E1));
#2022=VERTEX_POINT('',#2021);
#2023=CARTESIAN_POINT('',(-7.1E0,0.E0,1.09E1));
#2024=VERTEX_POINT('',#2023);
#2025=CARTESIAN_POINT('',(7.9E0,5.7E0,9.2E0));
#2026=CARTESIAN_POINT('',(7.1E0,5.7E0,8.4E0));
#2027=VERTEX_POINT('',#2025);
#2028=VERTEX_POINT('',#2026);
#2029=CARTESIAN_POINT('',(7.9E0,0.E0,1.01E1));
#2030=CARTESIAN_POINT('',(7.9E0,5.7E0,1.01E1));
#2031=VERTEX_POINT('',#2029);
#2032=VERTEX_POINT('',#2030);
#2033=CARTESIAN_POINT('',(7.1E0,0.E0,1.09E1));
#2034=VERTEX_POINT('',#2033);
#2035=CARTESIAN_POINT('',(7.1E0,5.7E0,1.09E1));
#2036=VERTEX_POINT('',#2035);
#2037=CARTESIAN_POINT('',(-7.9E0,0.E0,-1.01E1));
#2038=VERTEX_POINT('',#2037);
#2039=CARTESIAN_POINT('',(7.9E0,0.E0,-1.01E1));
#2040=VERTEX_POINT('',#2039);
#2041=CARTESIAN_POINT('',(7.9E0,5.7E0,-1.01E1));
#2042=VERTEX_POINT('',#2041);
#2043=CARTESIAN_POINT('',(7.1E0,5.7E0,-1.09E1));
#2044=VERTEX_POINT('',#2043);
#2045=CARTESIAN_POINT('',(7.1E0,0.E0,-1.09E1));
#2046=VERTEX_POINT('',#2045);
#2047=CARTESIAN_POINT('',(7.1E0,5.7E0,-8.4E0));
#2048=CARTESIAN_POINT('',(7.9E0,5.7E0,-9.2E0));
#2049=VERTEX_POINT('',#2047);
#2050=VERTEX_POINT('',#2048);
#2051=CARTESIAN_POINT('',(-7.9E0,5.7E0,-1.01E1));
#2052=VERTEX_POINT('',#2051);
#2053=CARTESIAN_POINT('',(-7.1E0,0.E0,-1.09E1));
#2054=VERTEX_POINT('',#2053);
#2055=CARTESIAN_POINT('',(-7.1E0,5.7E0,-1.09E1));
#2056=VERTEX_POINT('',#2055);
#2057=CARTESIAN_POINT('',(-7.9E0,5.7E0,-9.2E0));
#2058=CARTESIAN_POINT('',(-7.1E0,5.7E0,-8.4E0));
#2059=VERTEX_POINT('',#2057);
#2060=VERTEX_POINT('',#2058);
#2061=CARTESIAN_POINT('',(-7.9E0,5.7E0,1.7E0));
#2062=CARTESIAN_POINT('',(-7.1E0,5.7E0,2.5E0));
#2063=VERTEX_POINT('',#2061);
#2064=VERTEX_POINT('',#2062);
#2065=CARTESIAN_POINT('',(-7.1E0,5.7E0,-2.5E0));
#2066=CARTESIAN_POINT('',(-7.9E0,5.7E0,-1.7E0));
#2067=VERTEX_POINT('',#2065);
#2068=VERTEX_POINT('',#2066);
#2069=CARTESIAN_POINT('',(7.1E0,5.7E0,2.5E0));
#2070=CARTESIAN_POINT('',(7.9E0,5.7E0,1.7E0));
#2071=VERTEX_POINT('',#2069);
#2072=VERTEX_POINT('',#2070);
#2073=CARTESIAN_POINT('',(7.9E0,5.7E0,-1.7E0));
#2074=CARTESIAN_POINT('',(7.1E0,5.7E0,-2.5E0));
#2075=VERTEX_POINT('',#2073);
#2076=VERTEX_POINT('',#2074);
#2077=VERTEX_POINT('',#560);
#2078=VERTEX_POINT('',#593);
#2079=VERTEX_POINT('',#600);
#2080=VERTEX_POINT('',#626);
#2081=VERTEX_POINT('',#1206);
#2082=VERTEX_POINT('',#1251);
#2083=CARTESIAN_POINT('',(-7.035702065497E0,2.800000000066E0,-8.4E0));
#2084=VERTEX_POINT('',#2083);
#2085=CARTESIAN_POINT('',(-7.035702065497E0,2.5E0,-8.1E0));
#2086=VERTEX_POINT('',#2085);
#2087=CARTESIAN_POINT('',(7.035702065497E0,2.8E0,-8.4E0));
#2088=VERTEX_POINT('',#2087);
#2089=CARTESIAN_POINT('',(7.035702065497E0,2.5E0,-8.1E0));
#2090=VERTEX_POINT('',#2089);
#2091=CARTESIAN_POINT('',(7.100000000004E0,2.798119199248E0,-8.4E0));
#2092=VERTEX_POINT('',#2091);
#2093=CARTESIAN_POINT('',(7.082464199681E0,2.498632144862E0,-8.1E0));
#2094=VERTEX_POINT('',#2093);
#2095=VERTEX_POINT('',#695);
#2096=VERTEX_POINT('',#740);
#2097=VERTEX_POINT('',#809);
#2098=VERTEX_POINT('',#837);
#2099=VERTEX_POINT('',#153);
#2100=VERTEX_POINT('',#186);
#2101=VERTEX_POINT('',#193);
#2102=VERTEX_POINT('',#219);
#2103=VERTEX_POINT('',#232);
#2104=VERTEX_POINT('',#277);
#2105=CARTESIAN_POINT('',(-7.035702065497E0,2.800000000066E0,2.5E0));
#2106=VERTEX_POINT('',#2105);
#2107=CARTESIAN_POINT('',(-7.035702065497E0,2.5E0,2.8E0));
#2108=VERTEX_POINT('',#2107);
#2109=CARTESIAN_POINT('',(7.035702065497E0,2.8E0,2.5E0));
#2110=VERTEX_POINT('',#2109);
#2111=CARTESIAN_POINT('',(7.035702065497E0,2.5E0,2.8E0));
#2112=VERTEX_POINT('',#2111);
#2113=CARTESIAN_POINT('',(7.100000000004E0,2.798119199248E0,2.5E0));
#2114=VERTEX_POINT('',#2113);
#2115=CARTESIAN_POINT('',(7.082464199681E0,2.498632144862E0,2.8E0));
#2116=VERTEX_POINT('',#2115);
#2117=VERTEX_POINT('',#1399);
#2118=VERTEX_POINT('',#1444);
#2119=VERTEX_POINT('',#1497);
#2120=VERTEX_POINT('',#1525);
#2121=VERTEX_POINT('',#883);
#2122=VERTEX_POINT('',#916);
#2123=VERTEX_POINT('',#923);
#2124=VERTEX_POINT('',#949);
#2125=VERTEX_POINT('',#1299);
#2126=VERTEX_POINT('',#1344);
#2127=CARTESIAN_POINT('',(7.035702065497E0,2.800000000066E0,-2.5E0));
#2128=VERTEX_POINT('',#2127);
#2129=CARTESIAN_POINT('',(7.035702065497E0,2.5E0,-2.8E0));
#2130=VERTEX_POINT('',#2129);
#2131=CARTESIAN_POINT('',(-7.035702065497E0,2.8E0,-2.5E0));
#2132=VERTEX_POINT('',#2131);
#2133=CARTESIAN_POINT('',(-7.035702065497E0,2.5E0,-2.8E0));
#2134=VERTEX_POINT('',#2133);
#2135=CARTESIAN_POINT('',(-7.100000000004E0,2.798119199248E0,-2.5E0));
#2136=VERTEX_POINT('',#2135);
#2137=CARTESIAN_POINT('',(-7.082464199681E0,2.498632144862E0,-2.8E0));
#2138=VERTEX_POINT('',#2137);
#2139=VERTEX_POINT('',#1018);
#2140=VERTEX_POINT('',#1063);
#2141=VERTEX_POINT('',#1116);
#2142=VERTEX_POINT('',#1144);
#2143=VERTEX_POINT('',#1682);
#2144=VERTEX_POINT('',#1715);
#2145=VERTEX_POINT('',#1722);
#2146=VERTEX_POINT('',#1748);
#2147=VERTEX_POINT('',#1584);
#2148=VERTEX_POINT('',#1629);
#2149=CARTESIAN_POINT('',(7.035702065497E0,2.800000000066E0,8.4E0));
#2150=VERTEX_POINT('',#2149);
#2151=CARTESIAN_POINT('',(7.035702065497E0,2.5E0,8.1E0));
#2152=VERTEX_POINT('',#2151);
#2153=CARTESIAN_POINT('',(-7.035702065497E0,2.8E0,8.4E0));
#2154=VERTEX_POINT('',#2153);
#2155=CARTESIAN_POINT('',(-7.035702065497E0,2.5E0,8.1E0));
#2156=VERTEX_POINT('',#2155);
#2157=CARTESIAN_POINT('',(-7.100000000004E0,2.798119199248E0,8.4E0));
#2158=VERTEX_POINT('',#2157);
#2159=CARTESIAN_POINT('',(-7.082464199681E0,2.498632144862E0,8.1E0));
#2160=VERTEX_POINT('',#2159);
#2161=VERTEX_POINT('',#393);
#2162=VERTEX_POINT('',#438);
#2163=VERTEX_POINT('',#478);
#2164=VERTEX_POINT('',#506);
#2165=CARTESIAN_POINT('',(-1.384840702690E0,1.085972647230E0,-1.08E1));
#2166=CARTESIAN_POINT('',(-1.422889593052E0,8.701866670643E-1,
-1.054283628291E1));
#2167=VERTEX_POINT('',#2165);
#2168=VERTEX_POINT('',#2166);
#2169=VERTEX_POINT('',#1865);
#2170=CARTESIAN_POINT('',(-1.4E0,1.E0,-1.000245821120E1));
#2171=VERTEX_POINT('',#2170);
#2172=CARTESIAN_POINT('',(-1.4E0,1.E0,-8.6E0));
#2173=VERTEX_POINT('',#2172);
#2174=CARTESIAN_POINT('',(-1.576326980708E0,0.E0,-1.09E1));
#2175=CARTESIAN_POINT('',(-1.576326980708E0,0.E0,-7.6E0));
#2176=VERTEX_POINT('',#2174);
#2177=VERTEX_POINT('',#2175);
#2178=CARTESIAN_POINT('',(-1.384840702690E0,1.085972647230E0,-1.09E1));
#2179=VERTEX_POINT('',#2178);
#2180=CARTESIAN_POINT('',(1.384840702690E0,1.085972647230E0,-1.08E1));
#2181=CARTESIAN_POINT('',(1.422889593052E0,8.701866670643E-1,
-1.054283628291E1));
#2182=VERTEX_POINT('',#2180);
#2183=VERTEX_POINT('',#2181);
#2184=VERTEX_POINT('',#1895);
#2185=CARTESIAN_POINT('',(1.4E0,1.E0,-1.000245821120E1));
#2186=VERTEX_POINT('',#2185);
#2187=CARTESIAN_POINT('',(1.4E0,1.E0,-8.6E0));
#2188=VERTEX_POINT('',#2187);
#2189=CARTESIAN_POINT('',(1.576326980708E0,0.E0,-1.09E1));
#2190=CARTESIAN_POINT('',(1.576326980708E0,0.E0,-7.6E0));
#2191=VERTEX_POINT('',#2189);
#2192=VERTEX_POINT('',#2190);
#2193=CARTESIAN_POINT('',(1.384840702690E0,1.085972647230E0,-1.09E1));
#2194=VERTEX_POINT('',#2193);
#2195=CARTESIAN_POINT('',(-1.384840702690E0,1.085972647230E0,1.08E1));
#2196=CARTESIAN_POINT('',(-1.422889593052E0,8.701866670643E-1,
1.054283628291E1));
#2197=VERTEX_POINT('',#2195);
#2198=VERTEX_POINT('',#2196);
#2199=VERTEX_POINT('',#80);
#2200=CARTESIAN_POINT('',(-1.4E0,1.E0,1.000245821120E1));
#2201=VERTEX_POINT('',#2200);
#2202=CARTESIAN_POINT('',(-1.4E0,1.E0,8.6E0));
#2203=VERTEX_POINT('',#2202);
#2204=VERTEX_POINT('',#62);
#2205=CARTESIAN_POINT('',(-1.384840702690E0,1.085972647230E0,1.09E1));
#2206=VERTEX_POINT('',#2205);
#2207=CARTESIAN_POINT('',(-1.576326980708E0,0.E0,1.09E1));
#2208=VERTEX_POINT('',#2207);
#2209=CARTESIAN_POINT('',(1.384840702690E0,1.085972647230E0,1.08E1));
#2210=CARTESIAN_POINT('',(1.422889593052E0,8.701866670643E-1,1.054283628291E1));
#2211=VERTEX_POINT('',#2209);
#2212=VERTEX_POINT('',#2210);
#2213=VERTEX_POINT('',#2003);
#2214=CARTESIAN_POINT('',(1.4E0,1.E0,1.000245821120E1));
#2215=VERTEX_POINT('',#2214);
#2216=CARTESIAN_POINT('',(1.4E0,1.E0,8.6E0));
#2217=VERTEX_POINT('',#2216);
#2218=VERTEX_POINT('',#1985);
#2219=CARTESIAN_POINT('',(1.384840702690E0,1.085972647230E0,1.09E1));
#2220=VERTEX_POINT('',#2219);
#2221=CARTESIAN_POINT('',(1.576326980708E0,0.E0,1.09E1));
#2222=VERTEX_POINT('',#2221);
#2223=CARTESIAN_POINT('',(0.E0,0.E0,0.E0));
#2224=DIRECTION('',(0.E0,1.E0,0.E0));
#2225=DIRECTION('',(1.E0,0.E0,0.E0));
#2226=AXIS2_PLACEMENT_3D('',#2223,#2224,#2225);
#2227=PLANE('',#2226);
#2229=ORIENTED_EDGE('',*,*,#2228,.T.);
#2231=ORIENTED_EDGE('',*,*,#2230,.F.);
#2233=ORIENTED_EDGE('',*,*,#2232,.F.);
#2235=ORIENTED_EDGE('',*,*,#2234,.T.);
#2237=ORIENTED_EDGE('',*,*,#2236,.F.);
#2239=ORIENTED_EDGE('',*,*,#2238,.T.);
#2241=ORIENTED_EDGE('',*,*,#2240,.F.);
#2243=ORIENTED_EDGE('',*,*,#2242,.T.);
#2245=ORIENTED_EDGE('',*,*,#2244,.T.);
#2247=ORIENTED_EDGE('',*,*,#2246,.F.);
#2249=ORIENTED_EDGE('',*,*,#2248,.F.);
#2251=ORIENTED_EDGE('',*,*,#2250,.T.);
#2253=ORIENTED_EDGE('',*,*,#2252,.F.);
#2255=ORIENTED_EDGE('',*,*,#2254,.T.);
#2257=ORIENTED_EDGE('',*,*,#2256,.F.);
#2259=ORIENTED_EDGE('',*,*,#2258,.T.);
#2260=EDGE_LOOP('',(#2229,#2231,#2233,#2235,#2237,#2239,#2241,#2243,#2245,#2247,
#2249,#2251,#2253,#2255,#2257,#2259));
#2261=FACE_OUTER_BOUND('',#2260,.F.);
#2262=ADVANCED_FACE('',(#2261),#2227,.F.);
#2263=CARTESIAN_POINT('',(-1.4E0,1.E0,1.091200048002E1));
#2264=DIRECTION('',(-9.848077530122E-1,1.736481776669E-1,0.E0));
#2265=DIRECTION('',(0.E0,0.E0,1.E0));
#2266=AXIS2_PLACEMENT_3D('',#2263,#2264,#2265);
#2267=PLANE('',#2266);
#2269=ORIENTED_EDGE('',*,*,#2268,.T.);
#2270=ORIENTED_EDGE('',*,*,#2228,.F.);
#2272=ORIENTED_EDGE('',*,*,#2271,.T.);
#2274=ORIENTED_EDGE('',*,*,#2273,.T.);
#2276=ORIENTED_EDGE('',*,*,#2275,.T.);
#2278=ORIENTED_EDGE('',*,*,#2277,.T.);
#2280=ORIENTED_EDGE('',*,*,#2279,.T.);
#2282=ORIENTED_EDGE('',*,*,#2281,.T.);
#2283=EDGE_LOOP('',(#2269,#2270,#2272,#2274,#2276,#2278,#2280,#2282));
#2284=FACE_OUTER_BOUND('',#2283,.F.);
#2285=ADVANCED_FACE('',(#2284),#2267,.F.);
#2286=CARTESIAN_POINT('',(-1.4E0,0.E0,8.6E0));
#2287=DIRECTION('',(-1.E0,0.E0,0.E0));
#2288=DIRECTION('',(0.E0,1.E0,0.E0));
#2289=AXIS2_PLACEMENT_3D('',#2286,#2287,#2288);
#2290=CYLINDRICAL_SURFACE('',#2289,1.E0);
#2291=ORIENTED_EDGE('',*,*,#2268,.F.);
#2293=ORIENTED_EDGE('',*,*,#2292,.T.);
#2295=ORIENTED_EDGE('',*,*,#2294,.T.);
#2296=ORIENTED_EDGE('',*,*,#2230,.T.);
#2297=EDGE_LOOP('',(#2291,#2293,#2295,#2296));
#2298=FACE_OUTER_BOUND('',#2297,.F.);
#2299=ADVANCED_FACE('',(#2298),#2290,.F.);
#2300=CARTESIAN_POINT('',(-1.4E0,1.E0,1.000245821120E1));
#2301=DIRECTION('',(0.E0,-1.E0,0.E0));
#2302=DIRECTION('',(0.E0,0.E0,-1.E0));
#2303=AXIS2_PLACEMENT_3D('',#2300,#2301,#2302);
#2304=PLANE('',#2303);
#2305=ORIENTED_EDGE('',*,*,#2281,.F.);
#2307=ORIENTED_EDGE('',*,*,#2306,.T.);
#2309=ORIENTED_EDGE('',*,*,#2308,.T.);
#2310=ORIENTED_EDGE('',*,*,#2292,.F.);
#2311=EDGE_LOOP('',(#2305,#2307,#2309,#2310));
#2312=FACE_OUTER_BOUND('',#2311,.F.);
#2313=ADVANCED_FACE('',(#2312),#2304,.T.);
#2314=CARTESIAN_POINT('',(-1.4E0,8.701866670643E-1,1.015716371709E1));
#2315=DIRECTION('',(0.E0,-7.660444431190E-1,-6.427876096865E-1));
#2316=DIRECTION('',(0.E0,6.427876096865E-1,-7.660444431190E-1));
#2317=AXIS2_PLACEMENT_3D('',#2314,#2315,#2316);
#2318=PLANE('',#2317);
#2319=ORIENTED_EDGE('',*,*,#2279,.F.);
#2321=ORIENTED_EDGE('',*,*,#2320,.T.);
#2323=ORIENTED_EDGE('',*,*,#2322,.T.);
#2324=ORIENTED_EDGE('',*,*,#2306,.F.);
#2325=EDGE_LOOP('',(#2319,#2321,#2323,#2324));
#2326=FACE_OUTER_BOUND('',#2325,.F.);
#2327=ADVANCED_FACE('',(#2326),#2318,.T.);
#2328=CARTESIAN_POINT('',(-1.4E0,1.1E0,1.035E1));
#2329=DIRECTION('',(-1.E0,0.E0,0.E0));
#2330=DIRECTION('',(0.E0,1.E0,0.E0));
#2331=AXIS2_PLACEMENT_3D('',#2328,#2329,#2330);
#2332=CYLINDRICAL_SURFACE('',#2331,3.E-1);
#2333=ORIENTED_EDGE('',*,*,#2277,.F.);
#2335=ORIENTED_EDGE('',*,*,#2334,.T.);
#2337=ORIENTED_EDGE('',*,*,#2336,.T.);
#2338=ORIENTED_EDGE('',*,*,#2320,.F.);
#2339=EDGE_LOOP('',(#2333,#2335,#2337,#2338));
#2340=FACE_OUTER_BOUND('',#2339,.F.);
#2341=ADVANCED_FACE('',(#2340),#2332,.T.);
#2342=CARTESIAN_POINT('',(-1.4E0,1.085972647230E0,1.08E1));
#2343=DIRECTION('',(0.E0,-7.660444431190E-1,6.427876096865E-1));
#2344=DIRECTION('',(0.E0,-6.427876096865E-1,-7.660444431190E-1));
#2345=AXIS2_PLACEMENT_3D('',#2342,#2343,#2344);
#2346=PLANE('',#2345);
#2347=ORIENTED_EDGE('',*,*,#2275,.F.);
#2349=ORIENTED_EDGE('',*,*,#2348,.T.);
#2351=ORIENTED_EDGE('',*,*,#2350,.T.);
#2352=ORIENTED_EDGE('',*,*,#2334,.F.);
#2353=EDGE_LOOP('',(#2347,#2349,#2351,#2352));
#2354=FACE_OUTER_BOUND('',#2353,.F.);
#2355=ADVANCED_FACE('',(#2354),#2346,.T.);
#2356=CARTESIAN_POINT('',(-1.4E0,1.085972647230E0,1.09E1));
#2357=DIRECTION('',(0.E0,-1.E0,0.E0));
#2358=DIRECTION('',(0.E0,0.E0,-1.E0));
#2359=AXIS2_PLACEMENT_3D('',#2356,#2357,#2358);
#2360=PLANE('',#2359);
#2361=ORIENTED_EDGE('',*,*,#2273,.F.);
#2363=ORIENTED_EDGE('',*,*,#2362,.T.);
#2365=ORIENTED_EDGE('',*,*,#2364,.T.);
#2366=ORIENTED_EDGE('',*,*,#2348,.F.);
#2367=EDGE_LOOP('',(#2361,#2363,#2365,#2366));
#2368=FACE_OUTER_BOUND('',#2367,.F.);
#2369=ADVANCED_FACE('',(#2368),#2360,.T.);
#2370=CARTESIAN_POINT('',(-7.9E0,0.E0,1.09E1));
#2371=DIRECTION('',(0.E0,0.E0,1.E0));
#2372=DIRECTION('',(1.E0,0.E0,0.E0));
#2373=AXIS2_PLACEMENT_3D('',#2370,#2371,#2372);
#2374=PLANE('',#2373);
#2375=ORIENTED_EDGE('',*,*,#2271,.F.);
#2376=ORIENTED_EDGE('',*,*,#2258,.F.);
#2378=ORIENTED_EDGE('',*,*,#2377,.F.);
#2380=ORIENTED_EDGE('',*,*,#2379,.T.);
#2382=ORIENTED_EDGE('',*,*,#2381,.F.);
#2383=ORIENTED_EDGE('',*,*,#2234,.F.);
#2385=ORIENTED_EDGE('',*,*,#2384,.T.);
#2386=ORIENTED_EDGE('',*,*,#2362,.F.);
#2387=EDGE_LOOP('',(#2375,#2376,#2378,#2380,#2382,#2383,#2385,#2386));
#2388=FACE_OUTER_BOUND('',#2387,.F.);
#2389=ADVANCED_FACE('',(#2388),#2374,.T.);
#2390=CARTESIAN_POINT('',(-7.1E0,5.7015648E0,1.01E1));
#2391=DIRECTION('',(0.E0,-1.E0,0.E0));
#2392=DIRECTION('',(0.E0,0.E0,1.E0));
#2393=AXIS2_PLACEMENT_3D('',#2390,#2391,#2392);
#2394=CYLINDRICAL_SURFACE('',#2393,8.E-1);
#2396=ORIENTED_EDGE('',*,*,#2395,.F.);
#2398=ORIENTED_EDGE('',*,*,#2397,.T.);
#2399=ORIENTED_EDGE('',*,*,#2377,.T.);
#2400=ORIENTED_EDGE('',*,*,#2256,.T.);
#2401=EDGE_LOOP('',(#2396,#2398,#2399,#2400));
#2402=FACE_OUTER_BOUND('',#2401,.F.);
#2403=ADVANCED_FACE('',(#2402),#2394,.T.);
#2404=CARTESIAN_POINT('',(-7.9E0,0.E0,-1.09E1));
#2405=DIRECTION('',(-1.E0,0.E0,0.E0));
#2406=DIRECTION('',(0.E0,0.E0,1.E0));
#2407=AXIS2_PLACEMENT_3D('',#2404,#2405,#2406);
#2408=PLANE('',#2407);
#2410=ORIENTED_EDGE('',*,*,#2409,.T.);
#2412=ORIENTED_EDGE('',*,*,#2411,.F.);
#2414=ORIENTED_EDGE('',*,*,#2413,.F.);
#2416=ORIENTED_EDGE('',*,*,#2415,.F.);
#2418=ORIENTED_EDGE('',*,*,#2417,.F.);
#2420=ORIENTED_EDGE('',*,*,#2419,.T.);
#2421=ORIENTED_EDGE('',*,*,#2395,.T.);
#2422=ORIENTED_EDGE('',*,*,#2254,.F.);
#2424=ORIENTED_EDGE('',*,*,#2423,.T.);
#2426=ORIENTED_EDGE('',*,*,#2425,.T.);
#2428=ORIENTED_EDGE('',*,*,#2427,.T.);
#2430=ORIENTED_EDGE('',*,*,#2429,.F.);
#2432=ORIENTED_EDGE('',*,*,#2431,.F.);
#2434=ORIENTED_EDGE('',*,*,#2433,.F.);
#2436=ORIENTED_EDGE('',*,*,#2435,.F.);
#2438=ORIENTED_EDGE('',*,*,#2437,.T.);
#2439=EDGE_LOOP('',(#2410,#2412,#2414,#2416,#2418,#2420,#2421,#2422,#2424,#2426,
#2428,#2430,#2432,#2434,#2436,#2438));
#2440=FACE_OUTER_BOUND('',#2439,.F.);
#2441=ADVANCED_FACE('',(#2440),#2408,.T.);
#2442=CARTESIAN_POINT('',(-7.1E0,5.707909059508E0,1.7E0));
#2443=DIRECTION('',(0.E0,-1.E0,0.E0));
#2444=DIRECTION('',(0.E0,0.E0,1.E0));
#2445=AXIS2_PLACEMENT_3D('',#2442,#2443,#2444);
#2446=CYLINDRICAL_SURFACE('',#2445,8.E-1);
#2448=ORIENTED_EDGE('',*,*,#2447,.T.);
#2449=ORIENTED_EDGE('',*,*,#2409,.F.);
#2451=ORIENTED_EDGE('',*,*,#2450,.T.);
#2453=ORIENTED_EDGE('',*,*,#2452,.T.);
#2455=ORIENTED_EDGE('',*,*,#2454,.T.);
#2456=EDGE_LOOP('',(#2448,#2449,#2451,#2453,#2455));
#2457=FACE_OUTER_BOUND('',#2456,.F.);
#2458=ADVANCED_FACE('',(#2457),#2446,.T.);
#2459=CARTESIAN_POINT('',(-7.850394220124E0,1.805022093392E0,1.977355089086E0));
#2460=CARTESIAN_POINT('',(-7.850993320964E0,1.795537854085E0,1.975734166447E0));
#2461=CARTESIAN_POINT('',(-7.853324177522E0,1.758635951402E0,1.969364892084E0));
#2462=CARTESIAN_POINT('',(-7.857219895235E0,1.696941558161E0,1.958289671022E0));
#2463=CARTESIAN_POINT('',(-7.861927591460E0,1.622352679523E0,1.944039712360E0));
#2464=CARTESIAN_POINT('',(-7.866189902481E0,1.554786098673E0,1.930296236206E0));
#2465=CARTESIAN_POINT('',(-7.870049591038E0,1.493568584220E0,1.917029620622E0));
#2466=CARTESIAN_POINT('',(-7.873543709503E0,1.438116864215E0,1.904214847934E0));
#2467=CARTESIAN_POINT('',(-7.876704997104E0,1.387915603795E0,1.891829990301E0));
#2468=CARTESIAN_POINT('',(-7.879565946718E0,1.342452855647E0,1.879840841406E0));
#2469=CARTESIAN_POINT('',(-7.882159384163E0,1.301210728514E0,1.868194982830E0));
#2470=CARTESIAN_POINT('',(-7.884517288283E0,1.263683991612E0,1.856822435351E0));
#2471=CARTESIAN_POINT('',(-7.886663154425E0,1.229501576130E0,1.845670628253E0));
#2472=CARTESIAN_POINT('',(-7.888607268895E0,1.198502375824E0,1.834741567827E0));
#2473=CARTESIAN_POINT('',(-7.890348262693E0,1.170711526888E0,1.824110641845E0));
#2474=CARTESIAN_POINT('',(-7.891884814348E0,1.146154501161E0,1.813880528367E0));
#2475=CARTESIAN_POINT('',(-7.893225017098E0,1.124707347044E0,1.804119351120E0));
#2476=CARTESIAN_POINT('',(-7.894386259347E0,1.106097682726E0,1.794836840892E0));
#2477=CARTESIAN_POINT('',(-7.895390834023E0,1.089974072309E0,1.785989891723E0));
#2478=CARTESIAN_POINT('',(-7.896260616859E0,1.075990873554E0,1.777509454421E0));
#2479=CARTESIAN_POINT('',(-7.897012402321E0,1.063883170615E0,1.769340275486E0));
#2480=CARTESIAN_POINT('',(-7.897656858312E0,1.053484188551E0,1.761468911383E0));
#2481=CARTESIAN_POINT('',(-7.898200694630E0,1.044691090134E0,1.753929547915E0));
#2482=CARTESIAN_POINT('',(-7.898650927762E0,1.037396310026E0,1.746767563356E0));
#2483=CARTESIAN_POINT('',(-7.899016267361E0,1.031464753691E0,1.740015941452E0));
#2484=CARTESIAN_POINT('',(-7.899306797101E0,1.026738445869E0,1.733687049503E0));
#2485=CARTESIAN_POINT('',(-7.899533431961E0,1.023044862294E0,1.727761087603E0));
#2486=CARTESIAN_POINT('',(-7.899706809327E0,1.020214709494E0,1.722181619185E0));
#2487=CARTESIAN_POINT('',(-7.899835588854E0,1.018109712078E0,1.716881820270E0));
#2488=CARTESIAN_POINT('',(-7.899926136427E0,1.016628058768E0,1.711803744935E0));
#2489=CARTESIAN_POINT('',(-7.899983061566E0,1.015695863527E0,1.706902772888E0));
#2490=CARTESIAN_POINT('',(-7.900008658248E0,1.015276511924E0,1.702330179703E0));
#2491=CARTESIAN_POINT('',(-7.900008899374E0,1.015272556570E0,1.699388133489E0));
#2492=CARTESIAN_POINT('',(-7.900005570262E0,1.015327100381E0,1.698032418E0));
#2493=CARTESIAN_POINT('',(-7.837203380405E0,1.795744189312E0,2.011956337674E0));
#2494=CARTESIAN_POINT('',(-7.837881684726E0,1.786209319229E0,2.010352031449E0));
#2495=CARTESIAN_POINT('',(-7.840523902424E0,1.749105329946E0,2.004045720501E0));
#2496=CARTESIAN_POINT('',(-7.844961998883E0,1.687037334226E0,1.993063721713E0));
#2497=CARTESIAN_POINT('',(-7.850369724879E0,1.611917031247E0,1.978897939627E0));
#2498=CARTESIAN_POINT('',(-7.855309467233E0,1.543783412862E0,1.965198144125E0));
#2499=CARTESIAN_POINT('',(-7.859825482935E0,1.481959845655E0,1.951933754390E0));
#2500=CARTESIAN_POINT('',(-7.863956099153E0,1.425859398635E0,1.939077982711E0));
#2501=CARTESIAN_POINT('',(-7.867735179244E0,1.374962835302E0,1.926606302079E0));
#2502=CARTESIAN_POINT('',(-7.871196955175E0,1.328753086555E0,1.914480782301E0));
#2503=CARTESIAN_POINT('',(-7.874376917319E0,1.286704995864E0,1.902643531002E0));
#2504=CARTESIAN_POINT('',(-7.877310620638E0,1.248303092515E0,1.891016432378E0));
#2505=CARTESIAN_POINT('',(-7.880024285023E0,1.213164956491E0,1.879535784727E0));
#2506=CARTESIAN_POINT('',(-7.882528119373E0,1.181120963586E0,1.868190423795E0));
#2507=CARTESIAN_POINT('',(-7.884816770663E0,1.152195735685E0,1.857043304210E0));
#2508=CARTESIAN_POINT('',(-7.886883245845E0,1.126421875013E0,1.846186904258E0));
#2509=CARTESIAN_POINT('',(-7.888731420406E0,1.103685123549E0,1.835680059257E0));
#2510=CARTESIAN_POINT('',(-7.890377193425E0,1.083720766323E0,1.825521267314E0));
#2511=CARTESIAN_POINT('',(-7.891843833171E0,1.066180688589E0,1.815651027171E0));
#2512=CARTESIAN_POINT('',(-7.893155192166E0,1.050720138532E0,1.805977582028E0));
#2513=CARTESIAN_POINT('',(-7.894328816472E0,1.037079231358E0,1.796419407322E0));
#2514=CARTESIAN_POINT('',(-7.895373281744E0,1.025108609706E0,1.786940551491E0));
#2515=CARTESIAN_POINT('',(-7.896290150542E0,1.014740696006E0,1.777567670647E0));
#2516=CARTESIAN_POINT('',(-7.897080478516E0,1.005914368705E0,1.768356020171E0));
#2517=CARTESIAN_POINT('',(-7.897747869553E0,9.985435556755E-1,
1.759364369142E0));
#2518=CARTESIAN_POINT('',(-7.898299046543E0,9.925143026725E-1,
1.750643705980E0));
#2519=CARTESIAN_POINT('',(-7.898744026439E0,9.876852741595E-1,
1.742215199046E0));
#2520=CARTESIAN_POINT('',(-7.899094778635E0,9.839030560652E-1,
1.734052935776E0));
#2521=CARTESIAN_POINT('',(-7.899361891983E0,9.810369988387E-1,
1.726112969351E0));
#2522=CARTESIAN_POINT('',(-7.899553419172E0,9.789895040890E-1,
1.718360115265E0));
#2523=CARTESIAN_POINT('',(-7.899675514098E0,9.776875343067E-1,
1.710775808478E0));
#2524=CARTESIAN_POINT('',(-7.899730858700E0,9.770981634781E-1,
1.703643090865E0));
#2525=CARTESIAN_POINT('',(-7.899731383752E0,9.770926351834E-1,
1.699043347567E0));
#2526=CARTESIAN_POINT('',(-7.899724183563E0,9.771692749034E-1,
1.696925828681E0));
#2527=CARTESIAN_POINT('',(-7.830977558895E0,1.786620002050E0,2.048498265736E0));
#2528=CARTESIAN_POINT('',(-7.831739187020E0,1.777035340044E0,2.046895721476E0));
#2529=CARTESIAN_POINT('',(-7.834708744784E0,1.739732612343E0,2.040594042066E0));
#2530=CARTESIAN_POINT('',(-7.839715573824E0,1.677297204010E0,2.029604096125E0));
#2531=CARTESIAN_POINT('',(-7.845854460338E0,1.601654281357E0,2.015392894886E0));
#2532=CARTESIAN_POINT('',(-7.851499119214E0,1.532963020145E0,2.001612392505E0));
#2533=CARTESIAN_POINT('',(-7.856695662552E0,1.470543441299E0,1.988230798095E0));
#2534=CARTESIAN_POINT('',(-7.861484005317E0,1.413805015409E0,1.975219357167E0));
#2535=CARTESIAN_POINT('',(-7.865899411589E0,1.362224668978E0,1.962550787922E0));
#2536=CARTESIAN_POINT('',(-7.869978116933E0,1.315280295980E0,1.950183188225E0));
#2537=CARTESIAN_POINT('',(-7.873758528927E0,1.272439594979E0,1.938052807864E0));
#2538=CARTESIAN_POINT('',(-7.877280009045E0,1.233177024988E0,1.926072895276E0));
#2539=CARTESIAN_POINT('',(-7.880571669437E0,1.197099002852E0,1.914168323325E0));
#2540=CARTESIAN_POINT('',(-7.883643735413E0,1.164027527528E0,1.902314986681E0));
#2541=CARTESIAN_POINT('',(-7.886486921552E0,1.133986715113E0,1.890564284869E0));
#2542=CARTESIAN_POINT('',(-7.889088642376E0,1.107016180085E0,1.878999584193E0));
#2543=CARTESIAN_POINT('',(-7.891448696161E0,1.083011197391E0,1.867671193746E0));
#2544=CARTESIAN_POINT('',(-7.893581673056E0,1.061714591883E0,1.856566646836E0));
#2545=CARTESIAN_POINT('',(-7.895512001643E0,1.042781514939E0,1.845609922145E0));
#2546=CARTESIAN_POINT('',(-7.897265676379E0,1.025868090416E0,1.834686298347E0));
#2547=CARTESIAN_POINT('',(-7.898861133998E0,1.010719381218E0,1.823687904257E0));
#2548=CARTESIAN_POINT('',(-7.900304987499E0,9.972031589892E-1,
1.812556520596E0));
#2549=CARTESIAN_POINT('',(-7.901593795215E0,9.852865216302E-1,
1.801311702311E0));
#2550=CARTESIAN_POINT('',(-7.902722810787E0,9.749540218924E-1,
1.790018831732E0));
#2551=CARTESIAN_POINT('',(-7.903690692676E0,9.661677978522E-1,
1.778762346206E0));
#2552=CARTESIAN_POINT('',(-7.904500947685E0,9.588571869343E-1,
1.767631346632E0));
#2553=CARTESIAN_POINT('',(-7.905162807390E0,9.529115255967E-1,
1.756687133828E0));
#2554=CARTESIAN_POINT('',(-7.905689647538E0,9.481930160777E-1,
1.745933321352E0));
#2555=CARTESIAN_POINT('',(-7.906094033153E0,9.445785083207E-1,
1.735347870931E0));
#2556=CARTESIAN_POINT('',(-7.906385733934E0,9.419745470232E-1,
1.724917472618E0));
#2557=CARTESIAN_POINT('',(-7.906572464851E0,9.403089291437E-1,
1.714648796824E0));
#2558=CARTESIAN_POINT('',(-7.906657310223E0,9.395523559777E-1,
1.704955898041E0));
#2559=CARTESIAN_POINT('',(-7.906658116814E0,9.395452808024E-1,
1.698698589547E0));
#2560=CARTESIAN_POINT('',(-7.906647077725E0,9.396436503452E-1,
1.695819294731E0));
#2561=CARTESIAN_POINT('',(-7.831940191730E0,1.777976986088E0,2.085669433925E0));
#2562=CARTESIAN_POINT('',(-7.832786273608E0,1.768345157977E0,2.084053733946E0));
#2563=CARTESIAN_POINT('',(-7.836087402581E0,1.730854172487E0,2.077698187978E0));
#2564=CARTESIAN_POINT('',(-7.841668907010E0,1.668070727338E0,2.066599410669E0));
#2565=CARTESIAN_POINT('',(-7.848543844448E0,1.591932745778E0,2.052214824578E0));
#2566=CARTESIAN_POINT('',(-7.854895606553E0,1.522713249479E0,2.038232124246E0));
#2567=CARTESIAN_POINT('',(-7.860772454824E0,1.459729090143E0,2.024618100948E0));
#2568=CARTESIAN_POINT('',(-7.866216148031E0,1.402386329708E0,2.011341907267E0));
#2569=CARTESIAN_POINT('',(-7.871263577306E0,1.350158260028E0,1.998373449859E0));
#2570=CARTESIAN_POINT('',(-7.875953174415E0,1.302518003775E0,1.985666749121E0));
#2571=CARTESIAN_POINT('',(-7.880326412092E0,1.258926491401E0,1.973152023357E0));
#2572=CARTESIAN_POINT('',(-7.884426552111E0,1.218848642710E0,1.960733695989E0));
#2573=CARTESIAN_POINT('',(-7.888285662797E0,1.181880300107E0,1.948325330049E0));
#2574=CARTESIAN_POINT('',(-7.891914079095E0,1.147835527470E0,1.935890573035E0));
#2575=CARTESIAN_POINT('',(-7.895298775949E0,1.116737961781E0,1.923470562106E0));
#2576=CARTESIAN_POINT('',(-7.898421855305E0,1.088633859974E0,1.911140966390E0));
#2577=CARTESIAN_POINT('',(-7.901279325087E0,1.063427527239E0,1.898944636938E0));
#2578=CARTESIAN_POINT('',(-7.903884693890E0,1.040868930625E0,1.886858803648E0));
#2579=CARTESIAN_POINT('',(-7.906263693939E0,1.020616315397E0,1.874791393266E0));
#2580=CARTESIAN_POINT('',(-7.908444549894E0,1.002326634903E0,1.862605287186E0));
#2581=CARTESIAN_POINT('',(-7.910446696280E0,9.857496388256E-1,
1.850167137584E0));
#2582=CARTESIAN_POINT('',(-7.912274983467E0,9.707693244992E-1,
1.837397496933E0));
#2583=CARTESIAN_POINT('',(-7.913921288163E0,9.573856366604E-1,
1.824309502391E0));
#2584=CARTESIAN_POINT('',(-7.915375429058E0,9.456263936921E-1,
1.810978549639E0));
#2585=CARTESIAN_POINT('',(-7.916631457012E0,9.354994014711E-1,
1.797513706028E0));
#2586=CARTESIAN_POINT('',(-7.917689922859E0,9.269750060710E-1,
1.784040308491E0));
#2587=CARTESIAN_POINT('',(-7.918559413626E0,9.199715984325E-1,
1.770657514191E0));
#2588=CARTESIAN_POINT('',(-7.919254735298E0,9.143661735646E-1,
1.757396405278E0));
#2589=CARTESIAN_POINT('',(-7.919790405110E0,9.100426854137E-1,
1.744255097143E0));
#2590=CARTESIAN_POINT('',(-7.920177878370E0,9.069116032761E-1,
1.731240482493E0));
#2591=CARTESIAN_POINT('',(-7.920426391784E0,9.049015145722E-1,
1.718382741720E0));
#2592=CARTESIAN_POINT('',(-7.920539432033E0,9.039865566176E-1,
1.706221486394E0));
#2593=CARTESIAN_POINT('',(-7.920540507673E0,9.039780161377E-1,
1.698366232320E0));
#2594=CARTESIAN_POINT('',(-7.920525799634E0,9.040969695637E-1,
1.694752528128E0));
#2595=(BOUNDED_SURFACE()B_SPLINE_SURFACE(3,3,((#2459,#2460,#2461,#2462,#2463,
#2464,#2465,#2466,#2467,#2468,#2469,#2470,#2471,#2472,#2473,#2474,#2475,#2476,
#2477,#2478,#2479,#2480,#2481,#2482,#2483,#2484,#2485,#2486,#2487,#2488,#2489,
#2490,#2491,#2492),(#2493,#2494,#2495,#2496,#2497,#2498,#2499,#2500,#2501,#2502,
#2503,#2504,#2505,#2506,#2507,#2508,#2509,#2510,#2511,#2512,#2513,#2514,#2515,
#2516,#2517,#2518,#2519,#2520,#2521,#2522,#2523,#2524,#2525,#2526),(#2527,#2528,
#2529,#2530,#2531,#2532,#2533,#2534,#2535,#2536,#2537,#2538,#2539,#2540,#2541,
#2542,#2543,#2544,#2545,#2546,#2547,#2548,#2549,#2550,#2551,#2552,#2553,#2554,
#2555,#2556,#2557,#2558,#2559,#2560),(#2561,#2562,#2563,#2564,#2565,#2566,#2567,
#2568,#2569,#2570,#2571,#2572,#2573,#2574,#2575,#2576,#2577,#2578,#2579,#2580,
#2581,#2582,#2583,#2584,#2585,#2586,#2587,#2588,#2589,#2590,#2591,#2592,#2593,
#2594)),.UNSPECIFIED.,.F.,.F.,.F.)B_SPLINE_SURFACE_WITH_KNOTS((4,4),(4,1,1,1,1,
1,1,1,1,1,1,1,1,1,1,1,1,1,1,1,1,1,1,1,1,1,1,1,1,1,1,4),(0.E0,1.E0),(
8.134067716600E-1,8.194335885358E-1,8.368667626676E-1,8.527009280977E-1,
8.670958174025E-1,8.802019716437E-1,8.921300187660E-1,9.029839541050E-1,
9.128723048815E-1,9.219058040731E-1,9.301958563560E-1,9.378478889790E-1,
9.448900190340E-1,9.512974075626E-1,9.570472380973E-1,9.621585457356E-1,
9.667006050085E-1,9.707514774659E-1,9.743913111121E-1,9.776954363150E-1,
9.806933238032E-1,9.833959293863E-1,9.858223282439E-1,9.879946599447E-1,
9.899375018864E-1,9.916846765384E-1,9.932766280189E-1,9.947545659565E-1,
9.961448794291E-1,9.974679978218E-1,9.987454860149E-1,9.998396299683E-1),
.UNSPECIFIED.)GEOMETRIC_REPRESENTATION_ITEM()RATIONAL_B_SPLINE_SURFACE(((
1.009053383204E0,1.009053383204E0,1.009053383204E0,1.009053383204E0,
1.009053383204E0,1.009053383204E0,1.009053383204E0,1.009053383204E0,
1.009053383204E0,1.009053383204E0,1.009053383204E0,1.009053383204E0,
1.009053383204E0,1.009053383204E0,1.009053383204E0,1.009053383204E0,
1.009053383204E0,1.009053383204E0,1.009053383204E0,1.009053383204E0,
1.009053383204E0,1.009053383204E0,1.009053383204E0,1.009053383204E0,
1.009053383204E0,1.009053383204E0,1.009053383204E0,1.009053383204E0,
1.009053383204E0,1.009053383204E0,1.009053383204E0,1.009053383204E0,
1.009053383204E0,1.009053383204E0),(9.969822055986E-1,9.969822055986E-1,
9.969822055986E-1,9.969822055986E-1,9.969822055986E-1,9.969822055986E-1,
9.969822055985E-1,9.969822055986E-1,9.969822055986E-1,9.969822055986E-1,
9.969822055986E-1,9.969822055986E-1,9.969822055986E-1,9.969822055986E-1,
9.969822055986E-1,9.969822055986E-1,9.969822055986E-1,9.969822055986E-1,
9.969822055986E-1,9.969822055986E-1,9.969822055986E-1,9.969822055986E-1,
9.969822055986E-1,9.969822055985E-1,9.969822055986E-1,9.969822055985E-1,
9.969822055986E-1,9.969822055986E-1,9.969822055986E-1,9.969822055986E-1,
9.969822055986E-1,9.969822055986E-1,9.969822055986E-1,9.969822055986E-1),(
9.969822055986E-1,9.969822055986E-1,9.969822055986E-1,9.969822055986E-1,
9.969822055986E-1,9.969822055986E-1,9.969822055985E-1,9.969822055986E-1,
9.969822055986E-1,9.969822055986E-1,9.969822055986E-1,9.969822055986E-1,
9.969822055986E-1,9.969822055986E-1,9.969822055986E-1,9.969822055986E-1,
9.969822055986E-1,9.969822055986E-1,9.969822055986E-1,9.969822055986E-1,
9.969822055986E-1,9.969822055986E-1,9.969822055986E-1,9.969822055985E-1,
9.969822055986E-1,9.969822055985E-1,9.969822055986E-1,9.969822055986E-1,
9.969822055986E-1,9.969822055986E-1,9.969822055986E-1,9.969822055986E-1,
9.969822055986E-1,9.969822055986E-1),(1.009053383204E0,1.009053383204E0,
1.009053383204E0,1.009053383204E0,1.009053383204E0,1.009053383204E0,
1.009053383204E0,1.009053383204E0,1.009053383204E0,1.009053383204E0,
1.009053383204E0,1.009053383204E0,1.009053383204E0,1.009053383204E0,
1.009053383204E0,1.009053383204E0,1.009053383204E0,1.009053383204E0,
1.009053383204E0,1.009053383204E0,1.009053383204E0,1.009053383204E0,
1.009053383204E0,1.009053383204E0,1.009053383204E0,1.009053383204E0,
1.009053383204E0,1.009053383204E0,1.009053383204E0,1.009053383204E0,
1.009053383204E0,1.009053383204E0,1.009053383204E0,1.009053383204E0)))REPRESENTATION_ITEM('')SURFACE());
#2596=ORIENTED_EDGE('',*,*,#2447,.F.);
#2598=ORIENTED_EDGE('',*,*,#2597,.T.);
#2600=ORIENTED_EDGE('',*,*,#2599,.T.);
#2601=ORIENTED_EDGE('',*,*,#2411,.T.);
#2602=EDGE_LOOP('',(#2596,#2598,#2600,#2601));
#2603=FACE_OUTER_BOUND('',#2602,.F.);
#2604=ADVANCED_FACE('',(#2603),#2595,.F.);
#2605=CARTESIAN_POINT('',(-7.087690267642E0,2.808214524594E0,2.500047210016E0));
#2606=CARTESIAN_POINT('',(-7.091432025912E0,2.808033178538E0,2.500105879574E0));
#2607=CARTESIAN_POINT('',(-7.103990982949E0,2.807369086076E0,2.500216888750E0));
#2608=CARTESIAN_POINT('',(-7.125467164096E0,2.805916856393E0,2.499913250927E0));
#2609=CARTESIAN_POINT('',(-7.152216407305E0,2.803546188074E0,2.498671175893E0));
#2610=CARTESIAN_POINT('',(-7.179281095137E0,2.800564618124E0,2.496536410352E0));
#2611=CARTESIAN_POINT('',(-7.206737715703E0,2.796929889635E0,2.493475372181E0));
#2612=CARTESIAN_POINT('',(-7.234683290604E0,2.792585450491E0,2.489441510652E0));
#2613=CARTESIAN_POINT('',(-7.263219350346E0,2.787459991391E0,2.484374119758E0));
#2614=CARTESIAN_POINT('',(-7.292437873069E0,2.781469522737E0,2.478201171867E0));
#2615=CARTESIAN_POINT('',(-7.322425560680E0,2.774515625834E0,2.470838207094E0));
#2616=CARTESIAN_POINT('',(-7.353267816037E0,2.766483010436E0,2.462186570949E0));
#2617=CARTESIAN_POINT('',(-7.385038745507E0,2.757240987953E0,2.452136068825E0));
#2618=CARTESIAN_POINT('',(-7.417804170106E0,2.746641179330E0,2.440563683911E0));
#2619=CARTESIAN_POINT('',(-7.451618008079E0,2.734516812549E0,2.427334295059E0));
#2620=CARTESIAN_POINT('',(-7.486519081783E0,2.720682554460E0,2.412302254655E0));
#2621=CARTESIAN_POINT('',(-7.522527540714E0,2.704933977620E0,2.395312903453E0));
#2622=CARTESIAN_POINT('',(-7.559636189001E0,2.687049673013E0,2.376207434331E0));
#2623=CARTESIAN_POINT('',(-7.597811188635E0,2.666790719879E0,2.354825298643E0));
#2624=CARTESIAN_POINT('',(-7.636956075264E0,2.643919747361E0,2.331027883608E0));
#2625=CARTESIAN_POINT('',(-7.676959312688E0,2.618178405336E0,2.304678843043E0));
#2626=CARTESIAN_POINT('',(-7.717631042533E0,2.589326422874E0,2.275689827965E0));
#2627=CARTESIAN_POINT('',(-7.758781550703E0,2.557091701604E0,2.243977130069E0));
#2628=CARTESIAN_POINT('',(-7.800096901247E0,2.521265270806E0,2.209565589173E0));
#2629=CARTESIAN_POINT('',(-7.841255222751E0,2.481622730326E0,2.172522487417E0));
#2630=CARTESIAN_POINT('',(-7.881719306739E0,2.438137098388E0,2.133169881343E0));
#2631=CARTESIAN_POINT('',(-7.920939620814E0,2.390843504763E0,2.091962034718E0));
#2632=CARTESIAN_POINT('',(-7.957793457346E0,2.340634389885E0,2.050155915653E0));
#2633=CARTESIAN_POINT('',(-7.991222455518E0,2.288844419658E0,2.009317552390E0));
#2634=CARTESIAN_POINT('',(-8.020232580681E0,2.237515192746E0,1.971343221702E0));
#2635=CARTESIAN_POINT('',(-8.044662422478E0,2.188026536389E0,1.937307187642E0));
#2636=CARTESIAN_POINT('',(-8.064878708277E0,2.141099523203E0,1.907550561920E0));
#2637=CARTESIAN_POINT('',(-8.081603813659E0,2.096533614214E0,1.881713954225E0));
#2638=CARTESIAN_POINT('',(-8.095545207E0,2.053709887983E0,1.859236992592E0));
#2639=CARTESIAN_POINT('',(-8.107122527040E0,2.012411373690E0,1.839848135693E0));
#2640=CARTESIAN_POINT('',(-8.116632618839E0,1.972655636461E0,1.823382342557E0));
#2641=CARTESIAN_POINT('',(-8.124339611616E0,1.934551557159E0,1.809655135626E0));
#2642=CARTESIAN_POINT('',(-8.130581073706E0,1.897563651780E0,1.798270094690E0));
#2643=CARTESIAN_POINT('',(-8.135040303779E0,1.865138693571E0,1.789971387549E0));
#2644=CARTESIAN_POINT('',(-8.137333937777E0,1.844799475261E0,1.785646575152E0));
#2645=CARTESIAN_POINT('',(-8.138146149701E0,1.836933340326E0,1.784108927971E0));
#2646=CARTESIAN_POINT('',(-7.079925362924E0,2.623849404840E0,2.494248896239E0));
#2647=CARTESIAN_POINT('',(-7.082787604290E0,2.623705092929E0,2.494307137108E0));
#2648=CARTESIAN_POINT('',(-7.092395669278E0,2.623186457861E0,2.494417342944E0));
#2649=CARTESIAN_POINT('',(-7.108836175358E0,2.622103816765E0,2.494115901914E0));
#2650=CARTESIAN_POINT('',(-7.129347371503E0,2.620403795097E0,2.492882662721E0));
#2651=CARTESIAN_POINT('',(-7.150150402556E0,2.618312265644E0,2.490762783544E0));
#2652=CARTESIAN_POINT('',(-7.171320146014E0,2.615792828311E0,2.487722551114E0));
#2653=CARTESIAN_POINT('',(-7.192947395523E0,2.612797151079E0,2.483715258859E0));
#2654=CARTESIAN_POINT('',(-7.215126752643E0,2.609264536394E0,2.478680020030E0));
#2655=CARTESIAN_POINT('',(-7.237945639203E0,2.605123124774E0,2.472544577529E0));
#2656=CARTESIAN_POINT('',(-7.261487575497E0,2.600288472269E0,2.465224194813E0));
#2657=CARTESIAN_POINT('',(-7.285835302356E0,2.594661570700E0,2.456619896116E0));
#2658=CARTESIAN_POINT('',(-7.311062773978E0,2.588129613440E0,2.446621101039E0));
#2659=CARTESIAN_POINT('',(-7.337237434752E0,2.580564103435E0,2.435104344431E0));
#2660=CARTESIAN_POINT('',(-7.364417236057E0,2.571820033538E0,2.421933985175E0));
#2661=CARTESIAN_POINT('',(-7.392647856971E0,2.561735491428E0,2.406963774830E0));
#2662=CARTESIAN_POINT('',(-7.421959661074E0,2.550130959964E0,2.390038363143E0));
#2663=CARTESIAN_POINT('',(-7.452360415275E0,2.536810559327E0,2.370998141134E0));
#2664=CARTESIAN_POINT('',(-7.483835464061E0,2.521561443988E0,2.349681642136E0));
#2665=CARTESIAN_POINT('',(-7.516317685618E0,2.504167936025E0,2.325949148172E0));
#2666=CARTESIAN_POINT('',(-7.549726080183E0,2.484394498165E0,2.299663089103E0));
#2667=CARTESIAN_POINT('',(-7.583912875262E0,2.462015231721E0,2.270733646182E0));
#2668=CARTESIAN_POINT('',(-7.618728695367E0,2.436774884960E0,2.239075473116E0));
#2669=CARTESIAN_POINT('',(-7.653917294557E0,2.408462007532E0,2.204711364255E0));
#2670=CARTESIAN_POINT('',(-7.689212688561E0,2.376846699480E0,2.167706221267E0));
#2671=CARTESIAN_POINT('',(-7.724160248947E0,2.341848933018E0,2.128379088936E0));
#2672=CARTESIAN_POINT('',(-7.758286969412E0,2.303431555531E0,2.087180770247E0));
#2673=CARTESIAN_POINT('',(-7.790607895180E0,2.262250725461E0,2.045364478036E0));
#2674=CARTESIAN_POINT('',(-7.820166563881E0,2.219342516576E0,2.004493735007E0));
#2675=CARTESIAN_POINT('',(-7.846031321222E0,2.176370150021E0,1.966465477818E0));
#2676=CARTESIAN_POINT('',(-7.867989270732E0,2.134497925817E0,1.932357467804E0));
#2677=CARTESIAN_POINT('',(-7.886299104397E0,2.094377369914E0,1.902516037689E0));
#2678=CARTESIAN_POINT('',(-7.901554410498E0,2.055890478564E0,1.876586356910E0));
#2679=CARTESIAN_POINT('',(-7.914353404125E0,2.018552623921E0,1.854011558275E0));
#2680=CARTESIAN_POINT('',(-7.925045014111E0,1.982220137221E0,1.834524135490E0));
#2681=CARTESIAN_POINT('',(-7.933873630777E0,1.946958476526E0,1.817963377533E0));
#2682=CARTESIAN_POINT('',(-7.941060414569E0,1.912921087022E0,1.804148645264E0));
#2683=CARTESIAN_POINT('',(-7.946902509704E0,1.879680810526E0,1.792685006907E0));
#2684=CARTESIAN_POINT('',(-7.951089556666E0,1.850392730996E0,1.784325262103E0));
#2685=CARTESIAN_POINT('',(-7.953247621142E0,1.831957123676E0,1.779967340851E0));
#2686=CARTESIAN_POINT('',(-7.954012357400E0,1.824818463593E0,1.778417765046E0));
#2687=CARTESIAN_POINT('',(-7.072298361422E0,2.493510184603E0,2.624778231934E0));
#2688=CARTESIAN_POINT('',(-7.075160331933E0,2.493375454410E0,2.624846123282E0));
#2689=CARTESIAN_POINT('',(-7.084765525864E0,2.492875074416E0,2.624974413586E0));
#2690=CARTESIAN_POINT('',(-7.101183265242E0,2.491744224434E0,2.624623519233E0));
#2691=CARTESIAN_POINT('',(-7.121607857196E0,2.489850316961E0,2.623191371104E0));
#2692=CARTESIAN_POINT('',(-7.142237787165E0,2.487435246325E0,2.620736375999E0));
#2693=CARTESIAN_POINT('',(-7.163119919294E0,2.484469589720E0,2.617227773020E0));
#2694=CARTESIAN_POINT('',(-7.184316674514E0,2.480913699198E0,2.612622363823E0));
#2695=CARTESIAN_POINT('',(-7.205893667321E0,2.476717405359E0,2.606863330492E0));
#2696=CARTESIAN_POINT('',(-7.227909115329E0,2.471821879759E0,2.599883581535E0));
#2697=CARTESIAN_POINT('',(-7.250417104867E0,2.466158357602E0,2.591604608478E0));
#2698=CARTESIAN_POINT('',(-7.273470576305E0,2.459646348801E0,2.581934667951E0));
#2699=CARTESIAN_POINT('',(-7.297113933051E0,2.452195021600E0,2.570771864380E0));
#2700=CARTESIAN_POINT('',(-7.321385363555E0,2.443701547984E0,2.558002825469E0));
#2701=CARTESIAN_POINT('',(-7.346314228096E0,2.434050767090E0,2.543503615407E0));
#2702=CARTESIAN_POINT('',(-7.371918855894E0,2.423115246049E0,2.527141511315E0));
#2703=CARTESIAN_POINT('',(-7.398204027509E0,2.410755079685E0,2.508776718685E0));
#2704=CARTESIAN_POINT('',(-7.425154801670E0,2.396819772430E0,2.488267679580E0));
#2705=CARTESIAN_POINT('',(-7.452737311784E0,2.381147973216E0,2.465473593511E0));
#2706=CARTESIAN_POINT('',(-7.480873033086E0,2.363582373671E0,2.440279622199E0));
#2707=CARTESIAN_POINT('',(-7.509473583011E0,2.343952329222E0,2.412575748717E0));
#2708=CARTESIAN_POINT('',(-7.538395551024E0,2.322104003840E0,2.382305241058E0));
#2709=CARTESIAN_POINT('',(-7.567496855327E0,2.297862777890E0,2.349419626708E0));
#2710=CARTESIAN_POINT('',(-7.596548824981E0,2.271105507713E0,2.313987746723E0));
#2711=CARTESIAN_POINT('',(-7.625319327852E0,2.241701974757E0,2.276128091020E0));
#2712=CARTESIAN_POINT('',(-7.653428538074E0,2.209673772673E0,2.236227503911E0));
#2713=CARTESIAN_POINT('',(-7.680493568466E0,2.175093299811E0,2.194814696110E0));
#2714=CARTESIAN_POINT('',(-7.705745392209E0,2.138662011259E0,2.153227417728E0));
#2715=CARTESIAN_POINT('',(-7.728478940432E0,2.101390000252E0,2.113085595117E0));
#2716=CARTESIAN_POINT('',(-7.748055695138E0,2.064766646973E0,2.076271309894E0));
#2717=CARTESIAN_POINT('',(-7.764415789458E0,2.029769970756E0,2.043783593948E0));
#2718=CARTESIAN_POINT('',(-7.777855249945E0,1.996880429479E0,2.015851246632E0));
#2719=CARTESIAN_POINT('',(-7.788897439647E0,1.965919464791E0,1.992016790155E0));
#2720=CARTESIAN_POINT('',(-7.798042920456E0,1.936421635170E0,1.971644459218E0));
#2721=CARTESIAN_POINT('',(-7.805592802996E0,1.908205126307E0,1.954375912487E0));
#2722=CARTESIAN_POINT('',(-7.811761819730E0,1.881246380368E0,1.939952964864E0));
#2723=CARTESIAN_POINT('',(-7.816738402531E0,1.855578788175E0,1.928108568201E0));
#2724=CARTESIAN_POINT('',(-7.820753070119E0,1.830805246651E0,1.918414283776E0));
#2725=CARTESIAN_POINT('',(-7.823612012620E0,1.809193398898E0,1.911428594575E0));
#2726=CARTESIAN_POINT('',(-7.825079378359E0,1.795682478979E0,1.907816006714E0));
#2727=CARTESIAN_POINT('',(-7.825598617628E0,1.790463385043E0,1.906534963341E0));
#2728=CARTESIAN_POINT('',(-7.069621185841E0,2.499428688952E0,2.809283447006E0));
#2729=CARTESIAN_POINT('',(-7.073362302431E0,2.499270042885E0,2.809364979455E0));
#2730=CARTESIAN_POINT('',(-7.085914457666E0,2.498649198404E0,2.809518832432E0));
#2731=CARTESIAN_POINT('',(-7.107336702361E0,2.497082757350E0,2.809098035049E0));
#2732=CARTESIAN_POINT('',(-7.133880772119E0,2.494252755377E0,2.807384726093E0));
#2733=CARTESIAN_POINT('',(-7.160535367251E0,2.490504686022E0,2.804456039491E0));
#2734=CARTESIAN_POINT('',(-7.187310609604E0,2.485812822234E0,2.800285387567E0));
#2735=CARTESIAN_POINT('',(-7.214236303165E0,2.480141185271E0,2.794834530914E0));
#2736=CARTESIAN_POINT('',(-7.241345305361E0,2.473443408014E0,2.788052402968E0));
#2737=CARTESIAN_POINT('',(-7.268660406811E0,2.465666372624E0,2.779879213905E0));
#2738=CARTESIAN_POINT('',(-7.296198577595E0,2.456748805785E0,2.770245258720E0));
#2739=CARTESIAN_POINT('',(-7.323974620487E0,2.446619288352E0,2.759069017147E0));
#2740=CARTESIAN_POINT('',(-7.351992633263E0,2.435199192262E0,2.746260869743E0));
#2741=CARTESIAN_POINT('',(-7.380249126871E0,2.422400950822E0,2.731721710619E0));
#2742=CARTESIAN_POINT('',(-7.408730284564E0,2.408128500660E0,2.715344149590E0));
#2743=CARTESIAN_POINT('',(-7.437410134314E0,2.392278193682E0,2.697014582368E0));
#2744=CARTESIAN_POINT('',(-7.466248217054E0,2.374739446902E0,2.676615202731E0));
#2745=CARTESIAN_POINT('',(-7.495183539093E0,2.355398370852E0,2.654029968167E0));
#2746=CARTESIAN_POINT('',(-7.524136749581E0,2.334138039979E0,2.629147290142E0));
#2747=CARTESIAN_POINT('',(-7.552984369501E0,2.310859366366E0,2.601887498218E0));
#2748=CARTESIAN_POINT('',(-7.581597372104E0,2.285457736778E0,2.572179522349E0));
#2749=CARTESIAN_POINT('',(-7.609796232907E0,2.257863603484E0,2.540013399142E0));
#2750=CARTESIAN_POINT('',(-7.637408517249E0,2.227995893109E0,2.505392777742E0));
#2751=CARTESIAN_POINT('',(-7.664185616944E0,2.195854841771E0,2.468451586919E0));
#2752=CARTESIAN_POINT('',(-7.689885859463E0,2.161452203909E0,2.429384064407E0));
#2753=CARTESIAN_POINT('',(-7.714149250630E0,2.125001748458E0,2.388672890186E0));
#2754=CARTESIAN_POINT('',(-7.736639758693E0,2.086798141708E0,2.346956898740E0));
#2755=CARTESIAN_POINT('',(-7.756746229606E0,2.047841136085E0,2.305693334912E0));
#2756=CARTESIAN_POINT('',(-7.774005877320E0,2.009403847180E0,2.266581852476E0));
#2757=CARTESIAN_POINT('',(-7.788119134566E0,1.973116028113E0,2.231483535219E0));
#2758=CARTESIAN_POINT('',(-7.799287132468E0,1.939916189712E0,2.201286129753E0));
#2759=CARTESIAN_POINT('',(-7.807965047474E0,1.910120128281E0,2.176052300210E0));
#2760=CARTESIAN_POINT('',(-7.814708885012E0,1.883383845321E0,2.155179475375E0));
#2761=CARTESIAN_POINT('',(-7.819994763869E0,1.859133873583E0,2.137920366258E0));
#2762=CARTESIAN_POINT('',(-7.824129036964E0,1.837062871884E0,2.123788234812E0));
#2763=CARTESIAN_POINT('',(-7.827338287114E0,1.816977518338E0,2.112387114837E0));
#2764=CARTESIAN_POINT('',(-7.829809106476E0,1.798702273767E0,2.103327817729E0));
#2765=CARTESIAN_POINT('',(-7.831721221337E0,1.781772857527E0,2.096134542186E0));
#2766=CARTESIAN_POINT('',(-7.833034047396E0,1.767533612254E0,2.091091101623E0));
#2767=CARTESIAN_POINT('',(-7.833691351312E0,1.758861440224E0,2.088532053925E0));
#2768=CARTESIAN_POINT('',(-7.833921957847E0,1.755542937502E0,2.087630585256E0));
#2769=(BOUNDED_SURFACE()B_SPLINE_SURFACE(3,3,((#2605,#2606,#2607,#2608,#2609,
#2610,#2611,#2612,#2613,#2614,#2615,#2616,#2617,#2618,#2619,#2620,#2621,#2622,
#2623,#2624,#2625,#2626,#2627,#2628,#2629,#2630,#2631,#2632,#2633,#2634,#2635,
#2636,#2637,#2638,#2639,#2640,#2641,#2642,#2643,#2644,#2645),(#2646,#2647,#2648,
#2649,#2650,#2651,#2652,#2653,#2654,#2655,#2656,#2657,#2658,#2659,#2660,#2661,
#2662,#2663,#2664,#2665,#2666,#2667,#2668,#2669,#2670,#2671,#2672,#2673,#2674,
#2675,#2676,#2677,#2678,#2679,#2680,#2681,#2682,#2683,#2684,#2685,#2686),(#2687,
#2688,#2689,#2690,#2691,#2692,#2693,#2694,#2695,#2696,#2697,#2698,#2699,#2700,
#2701,#2702,#2703,#2704,#2705,#2706,#2707,#2708,#2709,#2710,#2711,#2712,#2713,
#2714,#2715,#2716,#2717,#2718,#2719,#2720,#2721,#2722,#2723,#2724,#2725,#2726,
#2727),(#2728,#2729,#2730,#2731,#2732,#2733,#2734,#2735,#2736,#2737,#2738,#2739,
#2740,#2741,#2742,#2743,#2744,#2745,#2746,#2747,#2748,#2749,#2750,#2751,#2752,
#2753,#2754,#2755,#2756,#2757,#2758,#2759,#2760,#2761,#2762,#2763,#2764,#2765,
#2766,#2767,#2768)),.UNSPECIFIED.,.F.,.F.,.F.)B_SPLINE_SURFACE_WITH_KNOTS((4,4),
(4,1,1,1,1,1,1,1,1,1,1,1,1,1,1,1,1,1,1,1,1,1,1,1,1,1,1,1,1,1,1,1,1,1,1,1,1,1,4),
(0.E0,1.E0),(-8.189122130091E-3,0.E0,1.929117761631E-2,3.877738391156E-2,
5.849046522647E-2,7.847887355290E-2,9.885828739299E-2,1.197128664090E-1,
1.411140505504E-1,1.631722714117E-1,1.859795391360E-1,2.096281660104E-1,
2.342315612830E-1,2.598960828006E-1,2.867254822705E-1,3.148422156759E-1,
3.443585580260E-1,3.753685021966E-1,4.079886570236E-1,4.422376596786E-1,
4.782264816984E-1,5.159206633278E-1,5.553775006699E-1,5.963877723447E-1,
6.388708896651E-1,6.821575112811E-1,7.257838919161E-1,7.673614208501E-1,
8.055887826031E-1,8.392425468673E-1,8.684750367995E-1,8.940747946044E-1,
9.167616868831E-1,9.372141348848E-1,9.553285939005E-1,9.714426913426E-1,
9.861366238217E-1,1.E0,1.008554684996E0),.UNSPECIFIED.)GEOMETRIC_REPRESENTATION_ITEM()RATIONAL_B_SPLINE_SURFACE(((1.187262885521E0,1.187262885521E0,
1.187262885521E0,1.187262885521E0,1.187262885521E0,1.187262885521E0,
1.187262885521E0,1.187262885521E0,1.187262885521E0,1.187262885521E0,
1.187262885521E0,1.187262885521E0,1.187262885521E0,1.187262885521E0,
1.187262885521E0,1.187262885521E0,1.187262885521E0,1.187262885521E0,
1.187262885521E0,1.187262885521E0,1.187262885521E0,1.187262885521E0,
1.187262885521E0,1.187262885521E0,1.187262885521E0,1.187262885521E0,
1.187262885521E0,1.187262885521E0,1.187262885521E0,1.187262885521E0,
1.187262885521E0,1.187262885521E0,1.187262885521E0,1.187262885521E0,
1.187262885521E0,1.187262885521E0,1.187262885521E0,1.187262885521E0,
1.187262885521E0,1.187262885521E0,1.187262885521E0),(9.375790381598E-1,
9.375790381598E-1,9.375790381598E-1,9.375790381598E-1,9.375790381598E-1,
9.375790381598E-1,9.375790381598E-1,9.375790381598E-1,9.375790381598E-1,
9.375790381598E-1,9.375790381598E-1,9.375790381598E-1,9.375790381598E-1,
9.375790381598E-1,9.375790381598E-1,9.375790381598E-1,9.375790381598E-1,
9.375790381598E-1,9.375790381598E-1,9.375790381598E-1,9.375790381598E-1,
9.375790381598E-1,9.375790381598E-1,9.375790381598E-1,9.375790381598E-1,
9.375790381598E-1,9.375790381598E-1,9.375790381598E-1,9.375790381598E-1,
9.375790381598E-1,9.375790381598E-1,9.375790381598E-1,9.375790381598E-1,
9.375790381598E-1,9.375790381598E-1,9.375790381598E-1,9.375790381598E-1,
9.375790381598E-1,9.375790381598E-1,9.375790381598E-1,9.375790381598E-1),(
9.375790381598E-1,9.375790381598E-1,9.375790381598E-1,9.375790381598E-1,
9.375790381598E-1,9.375790381598E-1,9.375790381598E-1,9.375790381598E-1,
9.375790381598E-1,9.375790381598E-1,9.375790381598E-1,9.375790381598E-1,
9.375790381598E-1,9.375790381598E-1,9.375790381598E-1,9.375790381598E-1,
9.375790381598E-1,9.375790381598E-1,9.375790381598E-1,9.375790381598E-1,
9.375790381598E-1,9.375790381598E-1,9.375790381598E-1,9.375790381598E-1,
9.375790381598E-1,9.375790381598E-1,9.375790381598E-1,9.375790381598E-1,
9.375790381598E-1,9.375790381598E-1,9.375790381598E-1,9.375790381598E-1,
9.375790381598E-1,9.375790381598E-1,9.375790381598E-1,9.375790381598E-1,
9.375790381598E-1,9.375790381598E-1,9.375790381598E-1,9.375790381598E-1,
9.375790381598E-1),(1.187262885521E0,1.187262885521E0,1.187262885521E0,
1.187262885521E0,1.187262885521E0,1.187262885521E0,1.187262885521E0,
1.187262885521E0,1.187262885521E0,1.187262885521E0,1.187262885521E0,
1.187262885521E0,1.187262885521E0,1.187262885521E0,1.187262885521E0,
1.187262885521E0,1.187262885521E0,1.187262885521E0,1.187262885521E0,
1.187262885521E0,1.187262885521E0,1.187262885521E0,1.187262885521E0,
1.187262885521E0,1.187262885521E0,1.187262885521E0,1.187262885521E0,
1.187262885521E0,1.187262885521E0,1.187262885521E0,1.187262885521E0,
1.187262885521E0,1.187262885521E0,1.187262885521E0,1.187262885521E0,
1.187262885521E0,1.187262885521E0,1.187262885521E0,1.187262885521E0,
1.187262885521E0,1.187262885521E0)))REPRESENTATION_ITEM('')SURFACE());
#2770=ORIENTED_EDGE('',*,*,#2454,.F.);
#2772=ORIENTED_EDGE('',*,*,#2771,.T.);
#2774=ORIENTED_EDGE('',*,*,#2773,.T.);
#2775=ORIENTED_EDGE('',*,*,#2597,.F.);
#2776=EDGE_LOOP('',(#2770,#2772,#2774,#2775));
#2777=FACE_OUTER_BOUND('',#2776,.F.);
#2778=ADVANCED_FACE('',(#2777),#2769,.F.);
#2779=CARTESIAN_POINT('',(-7.035702065497E0,1.7E0,2.8E0));
#2780=DIRECTION('',(0.E0,0.E0,1.E0));
#2781=DIRECTION('',(1.922098816477E-3,9.999981527664E-1,0.E0));
#2782=AXIS2_PLACEMENT_3D('',#2779,#2780,#2781);
#2783=TOROIDAL_SURFACE('',#2782,1.1E0,3.E-1);
#2785=ORIENTED_EDGE('',*,*,#2784,.F.);
#2787=ORIENTED_EDGE('',*,*,#2786,.T.);
#2789=ORIENTED_EDGE('',*,*,#2788,.T.);
#2790=ORIENTED_EDGE('',*,*,#2771,.F.);
#2791=EDGE_LOOP('',(#2785,#2787,#2789,#2790));
#2792=FACE_OUTER_BOUND('',#2791,.F.);
#2793=ADVANCED_FACE('',(#2792),#2783,.F.);
#2794=CARTESIAN_POINT('',(-7.9E0,0.E0,2.5E0));
#2795=DIRECTION('',(0.E0,0.E0,1.E0));
#2796=DIRECTION('',(1.E0,0.E0,0.E0));
#2797=AXIS2_PLACEMENT_3D('',#2794,#2795,#2796);
#2798=PLANE('',#2797);
#2799=ORIENTED_EDGE('',*,*,#2784,.T.);
#2800=ORIENTED_EDGE('',*,*,#2452,.F.);
#2802=ORIENTED_EDGE('',*,*,#2801,.T.);
#2804=ORIENTED_EDGE('',*,*,#2803,.T.);
#2806=ORIENTED_EDGE('',*,*,#2805,.T.);
#2808=ORIENTED_EDGE('',*,*,#2807,.T.);
#2809=EDGE_LOOP('',(#2799,#2800,#2802,#2804,#2806,#2808));
#2810=FACE_OUTER_BOUND('',#2809,.F.);
#2811=ADVANCED_FACE('',(#2810),#2798,.T.);
#2812=CARTESIAN_POINT('',(7.9E0,5.7E0,1.09E1));
#2813=DIRECTION('',(0.E0,1.E0,0.E0));
#2814=DIRECTION('',(0.E0,0.E0,1.E0));
#2815=AXIS2_PLACEMENT_3D('',#2812,#2813,#2814);
#2816=PLANE('',#2815);
#2818=ORIENTED_EDGE('',*,*,#2817,.F.);
#2820=ORIENTED_EDGE('',*,*,#2819,.F.);
#2822=ORIENTED_EDGE('',*,*,#2821,.F.);
#2824=ORIENTED_EDGE('',*,*,#2823,.F.);
#2826=ORIENTED_EDGE('',*,*,#2825,.F.);
#2827=ORIENTED_EDGE('',*,*,#2379,.F.);
#2828=ORIENTED_EDGE('',*,*,#2397,.F.);
#2829=ORIENTED_EDGE('',*,*,#2419,.F.);
#2830=EDGE_LOOP('',(#2818,#2820,#2822,#2824,#2826,#2827,#2828,#2829));
#2831=FACE_OUTER_BOUND('',#2830,.F.);
#2832=ADVANCED_FACE('',(#2831),#2816,.T.);
#2833=CARTESIAN_POINT('',(7.9E0,5.7E0,1.09E1));
#2834=DIRECTION('',(0.E0,1.E0,0.E0));
#2835=DIRECTION('',(0.E0,0.E0,1.E0));
#2836=AXIS2_PLACEMENT_3D('',#2833,#2834,#2835);
#2837=PLANE('',#2836);
#2839=ORIENTED_EDGE('',*,*,#2838,.F.);
#2841=ORIENTED_EDGE('',*,*,#2840,.F.);
#2843=ORIENTED_EDGE('',*,*,#2842,.F.);
#2845=ORIENTED_EDGE('',*,*,#2844,.F.);
#2847=ORIENTED_EDGE('',*,*,#2846,.F.);
#2848=ORIENTED_EDGE('',*,*,#2425,.F.);
#2850=ORIENTED_EDGE('',*,*,#2849,.F.);
#2852=ORIENTED_EDGE('',*,*,#2851,.F.);
#2853=EDGE_LOOP('',(#2839,#2841,#2843,#2845,#2847,#2848,#2850,#2852));
#2854=FACE_OUTER_BOUND('',#2853,.F.);
#2855=ADVANCED_FACE('',(#2854),#2837,.T.);
#2856=CARTESIAN_POINT('',(7.9E0,5.7E0,1.09E1));
#2857=DIRECTION('',(0.E0,1.E0,0.E0));
#2858=DIRECTION('',(0.E0,0.E0,1.E0));
#2859=AXIS2_PLACEMENT_3D('',#2856,#2857,#2858);
#2860=PLANE('',#2859);
#2861=ORIENTED_EDGE('',*,*,#2450,.F.);
#2862=ORIENTED_EDGE('',*,*,#2437,.F.);
#2864=ORIENTED_EDGE('',*,*,#2863,.F.);
#2866=ORIENTED_EDGE('',*,*,#2865,.F.);
#2868=ORIENTED_EDGE('',*,*,#2867,.F.);
#2870=ORIENTED_EDGE('',*,*,#2869,.F.);
#2872=ORIENTED_EDGE('',*,*,#2871,.F.);
#2873=ORIENTED_EDGE('',*,*,#2801,.F.);
#2874=EDGE_LOOP('',(#2861,#2862,#2864,#2866,#2868,#2870,#2872,#2873));
#2875=FACE_OUTER_BOUND('',#2874,.F.);
#2876=ADVANCED_FACE('',(#2875),#2860,.T.);
#2877=CARTESIAN_POINT('',(-7.1E0,5.710079487750E0,9.2E0));
#2878=DIRECTION('',(0.E0,-1.E0,0.E0));
#2879=DIRECTION('',(-1.E0,0.E0,0.E0));
#2880=AXIS2_PLACEMENT_3D('',#2877,#2878,#2879);
#2881=CYLINDRICAL_SURFACE('',#2880,8.E-1);
#2883=ORIENTED_EDGE('',*,*,#2882,.T.);
#2885=ORIENTED_EDGE('',*,*,#2884,.F.);
#2886=ORIENTED_EDGE('',*,*,#2817,.T.);
#2887=ORIENTED_EDGE('',*,*,#2417,.T.);
#2889=ORIENTED_EDGE('',*,*,#2888,.T.);
#2890=EDGE_LOOP('',(#2883,#2885,#2886,#2887,#2889));
#2891=FACE_OUTER_BOUND('',#2890,.F.);
#2892=ADVANCED_FACE('',(#2891),#2881,.T.);
#2893=CARTESIAN_POINT('',(-8.138147274241E0,1.836922438672E0,9.115893203042E0));
#2894=CARTESIAN_POINT('',(-8.137334747907E0,1.844792285966E0,9.114354954238E0));
#2895=CARTESIAN_POINT('',(-8.135041119108E0,1.865132226404E0,9.110030137623E0));
#2896=CARTESIAN_POINT('',(-8.130581996583E0,1.897557291026E0,9.101731618060E0));
#2897=CARTESIAN_POINT('',(-8.124341361479E0,1.934542064538E0,9.090348023889E0));
#2898=CARTESIAN_POINT('',(-8.116635027655E0,1.972644625855E0,9.076621896564E0));
#2899=CARTESIAN_POINT('',(-8.107127208105E0,2.012392746708E0,9.060159893117E0));
#2900=CARTESIAN_POINT('',(-8.095555891198E0,2.053673356871E0,9.040780730808E0));
#2901=CARTESIAN_POINT('',(-8.081625250770E0,2.096470975418E0,9.018320139623E0));
#2902=CARTESIAN_POINT('',(-8.064914449581E0,2.141009550150E0,8.992503639380E0));
#2903=CARTESIAN_POINT('',(-8.044715056633E0,2.187911483637E0,8.962768539905E0));
#2904=CARTESIAN_POINT('',(-8.020304845658E0,2.237377490131E0,8.928754809453E0));
#2905=CARTESIAN_POINT('',(-7.991314993618E0,2.288690625556E0,8.890799880339E0));
#2906=CARTESIAN_POINT('',(-7.957903677656E0,2.340474125806E0,8.849974075271E0));
#2907=CARTESIAN_POINT('',(-7.921062299443E0,2.390686265533E0,8.808172043867E0));
#2908=CARTESIAN_POINT('',(-7.881850487231E0,2.437987804852E0,8.766962816269E0));
#2909=CARTESIAN_POINT('',(-7.841392690510E0,2.481482889935E0,8.727606201979E0));
#2910=CARTESIAN_POINT('',(-7.800238931334E0,2.521135481537E0,8.690557444664E0));
#2911=CARTESIAN_POINT('',(-7.758926873836E0,2.556971929460E0,8.656139356070E0));
#2912=CARTESIAN_POINT('',(-7.717778393880E0,2.589216573763E0,8.624419432747E0));
#2913=CARTESIAN_POINT('',(-7.677107832466E0,2.618078046733E0,8.595422972503E0));
#2914=CARTESIAN_POINT('',(-7.637104881817E0,2.643828487343E0,8.569066332654E0));
#2915=CARTESIAN_POINT('',(-7.597959686250E0,2.666708010064E0,8.545261407977E0));
#2916=CARTESIAN_POINT('',(-7.559783770760E0,2.686975013066E0,8.523871872689E0));
#2917=CARTESIAN_POINT('',(-7.522673800325E0,2.704866803680E0,8.504759239187E0));
#2918=CARTESIAN_POINT('',(-7.486663726200E0,2.720622301982E0,8.487763010046E0));
#2919=CARTESIAN_POINT('',(-7.451760879466E0,2.734462921050E0,8.472724417558E0));
#2920=CARTESIAN_POINT('',(-7.417945221910E0,2.746593108776E0,8.459488817382E0));
#2921=CARTESIAN_POINT('',(-7.385178009935E0,2.757198232689E0,8.447910555975E0));
#2922=CARTESIAN_POINT('',(-7.353405391165E0,2.766445107587E0,8.437854492044E0));
#2923=CARTESIAN_POINT('',(-7.322561599626E0,2.774482155916E0,8.429197583456E0));
#2924=CARTESIAN_POINT('',(-7.292572618237E0,2.781440099860E0,8.421829617319E0));
#2925=CARTESIAN_POINT('',(-7.263353059312E0,2.787434286258E0,8.415651892045E0));
#2926=CARTESIAN_POINT('',(-7.234816261314E0,2.792563179261E0,8.410579910021E0));
#2927=CARTESIAN_POINT('',(-7.206870319530E0,2.796910806293E0,8.406541611709E0));
#2928=CARTESIAN_POINT('',(-7.179413731062E0,2.800548530218E0,8.403476238269E0));
#2929=CARTESIAN_POINT('',(-7.152349473256E0,2.803532955878E0,8.401337186863E0));
#2930=CARTESIAN_POINT('',(-7.125601062283E0,2.805906384215E0,8.400090834499E0));
#2931=CARTESIAN_POINT('',(-7.104080268603E0,2.807363901683E0,8.399783046419E0));
#2932=CARTESIAN_POINT('',(-7.091476502210E0,2.808031023247E0,8.399893418343E0));
#2933=CARTESIAN_POINT('',(-7.087689476657E0,2.808214558146E0,8.399952800031E0));
#2934=CARTESIAN_POINT('',(-7.954013415690E0,1.824808570273E0,9.121584382380E0));
#2935=CARTESIAN_POINT('',(-7.953248382803E0,1.831950607263E0,9.120034200115E0));
#2936=CARTESIAN_POINT('',(-7.951090322275E0,1.850386879880E0,9.115676274321E0));
#2937=CARTESIAN_POINT('',(-7.946903375226E0,1.879675071361E0,9.107316718170E0));
#2938=CARTESIAN_POINT('',(-7.941062049214E0,1.912912579305E0,9.095854535188E0));
#2939=CARTESIAN_POINT('',(-7.933875872114E0,1.946948671575E0,9.082040887354E0));
#2940=CARTESIAN_POINT('',(-7.925049352673E0,1.982203655034E0,9.065483937888E0));
#2941=CARTESIAN_POINT('',(-7.914363255678E0,2.018520563322E0,9.046006251672E0));
#2942=CARTESIAN_POINT('',(-7.901574049342E0,2.055836042838E0,9.023447876550E0));
#2943=CARTESIAN_POINT('',(-7.886331614924E0,2.094299987886E0,8.997538342101E0));
#2944=CARTESIAN_POINT('',(-7.868036787386E0,2.134400012165E0,8.967718450652E0));
#2945=CARTESIAN_POINT('',(-7.846096044090E0,2.176254201364E0,8.933632728980E0));
#2946=CARTESIAN_POINT('',(-7.820248754238E0,2.219214401758E0,8.895623828420E0));
#2947=CARTESIAN_POINT('',(-7.790704966640E0,2.262118612975E0,8.854765579298E0));
#2948=CARTESIAN_POINT('',(-7.758394140698E0,2.303303214073E0,8.812953308028E0));
#2949=CARTESIAN_POINT('',(-7.724273970136E0,2.341728223877E0,8.771753549489E0));
#2950=CARTESIAN_POINT('',(-7.689330996436E0,2.376734665473E0,8.732422359988E0));
#2951=CARTESIAN_POINT('',(-7.654038679812E0,2.408358967520E0,8.695411521409E0));
#2952=CARTESIAN_POINT('',(-7.618852060775E0,2.436680664066E0,8.661040832413E0));
#2953=CARTESIAN_POINT('',(-7.584037141152E0,2.461929619491E0,8.629375408225E0));
#2954=CARTESIAN_POINT('',(-7.549850521110E0,2.484317027793E0,8.600438500076E0));
#2955=CARTESIAN_POINT('',(-7.516441566419E0,2.504098180795E0,8.574144826911E0));
#2956=CARTESIAN_POINT('',(-7.483958297009E0,2.521498863502E0,8.550404813057E0));
#2957=CARTESIAN_POINT('',(-7.452481711234E0,2.536754656298E0,8.529080908637E0));
#2958=CARTESIAN_POINT('',(-7.422079104260E0,2.550081195495E0,8.510033520416E0));
#2959=CARTESIAN_POINT('',(-7.392765231236E0,2.561691333257E0,8.493101232662E0));
#2960=CARTESIAN_POINT('',(-7.364532440822E0,2.571780960526E0,8.478124475498E0));
#2961=CARTESIAN_POINT('',(-7.337350464267E0,2.580529617802E0,8.464947913304E0));
#2962=CARTESIAN_POINT('',(-7.311173690318E0,2.588099250851E0,8.453425291496E0));
#2963=CARTESIAN_POINT('',(-7.285944223892E0,2.594634906384E0,8.443420948619E0));
#2964=CARTESIAN_POINT('',(-7.261594668002E0,2.600265120977E0,8.434811394022E0));
#2965=CARTESIAN_POINT('',(-7.238051142433E0,2.605102733695E0,8.427486028778E0));
#2966=CARTESIAN_POINT('',(-7.215230920708E0,2.609246801133E0,8.421345829915E0));
#2967=CARTESIAN_POINT('',(-7.193050517069E0,2.612781807271E0,8.416306023003E0));
#2968=CARTESIAN_POINT('',(-7.171422569798E0,2.615779646206E0,8.412294318830E0));
#2969=CARTESIAN_POINT('',(-7.150252500617E0,2.618301060640E0,8.409249777716E0));
#2970=CARTESIAN_POINT('',(-7.129449517865E0,2.620394426808E0,8.407125640889E0));
#2971=CARTESIAN_POINT('',(-7.108938750866E0,2.622096183460E0,8.405888154020E0));
#2972=CARTESIAN_POINT('',(-7.092463985570E0,2.623182484545E0,8.405582592520E0));
#2973=CARTESIAN_POINT('',(-7.082821626220E0,2.623703376657E0,8.405692165726E0));
#2974=CARTESIAN_POINT('',(-7.079924758001E0,2.623849430723E0,8.405751113435E0));
#2975=CARTESIAN_POINT('',(-7.825599335782E0,1.790456151542E0,8.993466810489E0));
#2976=CARTESIAN_POINT('',(-7.825079895941E0,1.795677702972E0,8.992185269575E0));
#2977=CARTESIAN_POINT('',(-7.823612534205E0,1.809189094897E0,8.988572684483E0));
#2978=CARTESIAN_POINT('',(-7.820753661428E0,1.830801002255E0,8.981587159793E0));
#2979=CARTESIAN_POINT('',(-7.816739529310E0,1.855572413360E0,8.971894136966E0));
#2980=CARTESIAN_POINT('',(-7.811763377564E0,1.881238941169E0,8.960050716102E0));
#2981=CARTESIAN_POINT('',(-7.805595843491E0,1.908192466716E0,8.945631153749E0));
#2982=CARTESIAN_POINT('',(-7.798049897740E0,1.936396619942E0,8.928371398674E0));
#2983=CARTESIAN_POINT('',(-7.788911530899E0,1.965876190048E0,8.908014296751E0));
#2984=CARTESIAN_POINT('',(-7.777878909867E0,1.996817696015E0,8.884199111422E0));
#2985=CARTESIAN_POINT('',(-7.764450888354E0,2.029689012316E0,8.856288023271E0));
#2986=CARTESIAN_POINT('',(-7.748104252057E0,2.064668868441E0,8.823822939397E0));
#2987=CARTESIAN_POINT('',(-7.728541610250E0,2.101279812064E0,8.787029022607E0));
#2988=CARTESIAN_POINT('',(-7.705820623060E0,2.138546197684E0,8.746901141180E0));
#2989=CARTESIAN_POINT('',(-7.680577923157E0,2.174978763608E0,8.705319385708E0));
#2990=CARTESIAN_POINT('',(-7.653519362647E0,2.209564208616E0,8.663906463454E0));
#2991=CARTESIAN_POINT('',(-7.625415119831E0,2.241598614298E0,8.624002921182E0));
#2992=CARTESIAN_POINT('',(-7.596648399985E0,2.271008906765E0,8.586138471087E0));
#2993=CARTESIAN_POINT('',(-7.567599332324E0,2.297773016318E0,8.550700741127E0));
#2994=CARTESIAN_POINT('',(-7.538500042320E0,2.322021108152E0,8.517808454030E0));
#2995=CARTESIAN_POINT('',(-7.509579479161E0,2.343876065270E0,8.487530932731E0));
#2996=CARTESIAN_POINT('',(-7.480979702927E0,2.363512531936E0,8.459819778540E0));
#2997=CARTESIAN_POINT('',(-7.452844322450E0,2.381084220243E0,8.434618517998E0));
#2998=CARTESIAN_POINT('',(-7.425261706630E0,2.396761806991E0,8.411817157496E0));
#2999=CARTESIAN_POINT('',(-7.398310519551E0,2.410702546999E0,8.391300993413E0));
#3000=CARTESIAN_POINT('',(-7.372024705172E0,2.423067785713E0,8.372929282507E0));
#3001=CARTESIAN_POINT('',(-7.346419299545E0,2.434008016118E0,8.356560513055E0));
#3002=CARTESIAN_POINT('',(-7.321489600335E0,2.443663153536E0,8.342054911222E0));
#3003=CARTESIAN_POINT('',(-7.297217333167E0,2.452160652050E0,8.329279752844E0));
#3004=CARTESIAN_POINT('',(-7.273573183946E0,2.459615700381E0,8.318111086107E0));
#3005=CARTESIAN_POINT('',(-7.250519002555E0,2.466131155233E0,8.308435517256E0));
#3006=CARTESIAN_POINT('',(-7.228010449836E0,2.471797869261E0,8.300151137608E0));
#3007=CARTESIAN_POINT('',(-7.205994595066E0,2.476696372195E0,8.293166159058E0));
#3008=CARTESIAN_POINT('',(-7.184417380203E0,2.480895459859E0,8.287402038790E0));
#3009=CARTESIAN_POINT('',(-7.163220640984E0,2.484453985591E0,8.282791657910E0));
#3010=CARTESIAN_POINT('',(-7.142338782495E0,2.487422156788E0,8.279278147727E0));
#3011=CARTESIAN_POINT('',(-7.121709381012E0,2.489839658966E0,8.276818259803E0));
#3012=CARTESIAN_POINT('',(-7.101285573151E0,2.491735945080E0,8.275381196426E0));
#3013=CARTESIAN_POINT('',(-7.084833805463E0,2.492871113238E0,8.275025511062E0));
#3014=CARTESIAN_POINT('',(-7.075194350606E0,2.493373852814E0,8.275153064679E0));
#3015=CARTESIAN_POINT('',(-7.072297756257E0,2.493510208976E0,8.275221781954E0));
#3016=CARTESIAN_POINT('',(-7.833922276952E0,1.755538337313E0,8.812370661049E0));
#3017=CARTESIAN_POINT('',(-7.833691583573E0,1.758858374220E0,8.811468848798E0));
#3018=CARTESIAN_POINT('',(-7.833034284983E0,1.767530810471E0,8.808909814198E0));
#3019=CARTESIAN_POINT('',(-7.831721494948E0,1.781770038165E0,8.803866504017E0));
#3020=CARTESIAN_POINT('',(-7.829809653524E0,1.798697834359E0,8.796674216157E0));
#3021=CARTESIAN_POINT('',(-7.827339077010E0,1.816972112616E0,8.787615741280E0));
#3022=CARTESIAN_POINT('',(-7.824130643140E0,1.837053301209E0,8.776217408337E0));
#3023=CARTESIAN_POINT('',(-7.819998638996E0,1.859114033859E0,8.762092732888E0));
#3024=CARTESIAN_POINT('',(-7.814717179689E0,1.883347648205E0,8.744847164335E0));
#3025=CARTESIAN_POINT('',(-7.807979821185E0,1.910064859338E0,8.723992373551E0));
#3026=CARTESIAN_POINT('',(-7.799310348092E0,1.939841305755E0,8.698779408089E0));
#3027=CARTESIAN_POINT('',(-7.788153101184E0,1.973021372559E0,8.668605120555E0));
#3028=CARTESIAN_POINT('',(-7.774052169705E0,2.009292523294E0,8.633528601925E0));
#3029=CARTESIAN_POINT('',(-7.756804707713E0,2.047719486019E0,8.594433106418E0));
#3030=CARTESIAN_POINT('',(-7.736708382898E0,2.086673608800E0,8.553177188557E0));
#3031=CARTESIAN_POINT('',(-7.714226187101E0,2.124878859063E0,8.511462956128E0));
#3032=CARTESIAN_POINT('',(-7.689969985142E0,2.161332912364E0,8.470750384451E0));
#3033=CARTESIAN_POINT('',(-7.664275976670E0,2.195740307652E0,8.431679341408E0));
#3034=CARTESIAN_POINT('',(-7.637504353927E0,2.227886685926E0,8.394733332709E0));
#3035=CARTESIAN_POINT('',(-7.609896736519E0,2.257760190525E0,8.360106856106E0));
#3036=CARTESIAN_POINT('',(-7.581701957687E0,2.285360236711E0,8.327934357593E0));
#3037=CARTESIAN_POINT('',(-7.553092401779E0,2.310767901825E0,8.298219572268E0));
#3038=CARTESIAN_POINT('',(-7.524247762818E0,2.334052552845E0,8.270952817161E0));
#3039=CARTESIAN_POINT('',(-7.495297027306E0,2.355318825275E0,8.246063049865E0));
#3040=CARTESIAN_POINT('',(-7.466363794256E0,2.374665715207E0,8.223470748615E0));
#3041=CARTESIAN_POINT('',(-7.437527475018E0,2.392210118474E0,8.203064391045E0));
#3042=CARTESIAN_POINT('',(-7.408849149226E0,2.408065896135E0,8.184727990910E0));
#3043=CARTESIAN_POINT('',(-7.380369347908E0,2.422343620323E0,8.168343771199E0));
#3044=CARTESIAN_POINT('',(-7.352114091092E0,2.435146944532E0,8.153798133204E0));
#3045=CARTESIAN_POINT('',(-7.324097237443E0,2.446571947185E0,8.140983676863E0));
#3046=CARTESIAN_POINT('',(-7.296322309566E0,2.456706212700E0,8.129801280541E0));
#3047=CARTESIAN_POINT('',(-7.268785275912E0,2.465628375396E0,8.120161319352E0));
#3048=CARTESIAN_POINT('',(-7.241471337732E0,2.473409890232E0,8.111982231780E0));
#3049=CARTESIAN_POINT('',(-7.214363550510E0,2.480112054646E0,8.105194283493E0));
#3050=CARTESIAN_POINT('',(-7.187439181036E0,2.485788001277E0,8.099737663922E0));
#3051=CARTESIAN_POINT('',(-7.160665390725E0,2.490484133867E0,8.095561258778E0));
#3052=CARTESIAN_POINT('',(-7.134012363223E0,2.494236468130E0,8.092626781538E0));
#3053=CARTESIAN_POINT('',(-7.107469966603E0,2.497070755006E0,8.090907613712E0));
#3054=CARTESIAN_POINT('',(-7.086003656411E0,2.498644043152E0,8.090481077500E0));
#3055=CARTESIAN_POINT('',(-7.073406771034E0,2.499268159656E0,8.090634046703E0));
#3056=CARTESIAN_POINT('',(-7.069620394307E0,2.499428719310E0,8.090716573408E0));
#3057=(BOUNDED_SURFACE()B_SPLINE_SURFACE(3,3,((#2893,#2894,#2895,#2896,#2897,
#2898,#2899,#2900,#2901,#2902,#2903,#2904,#2905,#2906,#2907,#2908,#2909,#2910,
#2911,#2912,#2913,#2914,#2915,#2916,#2917,#2918,#2919,#2920,#2921,#2922,#2923,
#2924,#2925,#2926,#2927,#2928,#2929,#2930,#2931,#2932,#2933),(#2934,#2935,#2936,
#2937,#2938,#2939,#2940,#2941,#2942,#2943,#2944,#2945,#2946,#2947,#2948,#2949,
#2950,#2951,#2952,#2953,#2954,#2955,#2956,#2957,#2958,#2959,#2960,#2961,#2962,
#2963,#2964,#2965,#2966,#2967,#2968,#2969,#2970,#2971,#2972,#2973,#2974),(#2975,
#2976,#2977,#2978,#2979,#2980,#2981,#2982,#2983,#2984,#2985,#2986,#2987,#2988,
#2989,#2990,#2991,#2992,#2993,#2994,#2995,#2996,#2997,#2998,#2999,#3000,#3001,
#3002,#3003,#3004,#3005,#3006,#3007,#3008,#3009,#3010,#3011,#3012,#3013,#3014,
#3015),(#3016,#3017,#3018,#3019,#3020,#3021,#3022,#3023,#3024,#3025,#3026,#3027,
#3028,#3029,#3030,#3031,#3032,#3033,#3034,#3035,#3036,#3037,#3038,#3039,#3040,
#3041,#3042,#3043,#3044,#3045,#3046,#3047,#3048,#3049,#3050,#3051,#3052,#3053,
#3054,#3055,#3056)),.UNSPECIFIED.,.F.,.F.,.F.)B_SPLINE_SURFACE_WITH_KNOTS((4,4),
(4,1,1,1,1,1,1,1,1,1,1,1,1,1,1,1,1,1,1,1,1,1,1,1,1,1,1,1,1,1,1,1,1,1,1,1,1,1,4),
(0.E0,1.E0),(-8.559509364719E-3,0.E0,1.386147710775E-2,2.855601118280E-2,
4.467139424083E-2,6.278599144906E-2,8.323077673037E-2,1.059020602276E-1,
1.314838492705E-1,1.606991477542E-1,1.943337483288E-1,2.325405648067E-1,
2.741082248844E-1,3.177338254580E-1,3.610233770919E-1,4.035115332774E-1,
4.445275664160E-1,4.839911670980E-1,5.216921104427E-1,5.576880495494E-1,
5.919438625680E-1,6.245708628823E-1,6.555873036886E-1,6.851099663351E-1,
7.132326907753E-1,7.400676223376E-1,7.657373572044E-1,7.903455539765E-1,
8.139985113337E-1,8.368098015825E-1,8.588716549208E-1,8.802759343339E-1,
9.011333890801E-1,9.215153045560E-1,9.415056093674E-1,9.612203901749E-1,
9.807079932347E-1,1.E0,1.008289020569E0),.UNSPECIFIED.)GEOMETRIC_REPRESENTATION_ITEM()RATIONAL_B_SPLINE_SURFACE(((1.187262886559E0,1.187262886559E0,
1.187262886559E0,1.187262886559E0,1.187262886559E0,1.187262886559E0,
1.187262886559E0,1.187262886559E0,1.187262886559E0,1.187262886559E0,
1.187262886559E0,1.187262886559E0,1.187262886559E0,1.187262886559E0,
1.187262886559E0,1.187262886559E0,1.187262886559E0,1.187262886559E0,
1.187262886559E0,1.187262886559E0,1.187262886559E0,1.187262886559E0,
1.187262886559E0,1.187262886559E0,1.187262886559E0,1.187262886559E0,
1.187262886559E0,1.187262886559E0,1.187262886559E0,1.187262886559E0,
1.187262886559E0,1.187262886559E0,1.187262886559E0,1.187262886559E0,
1.187262886559E0,1.187262886559E0,1.187262886559E0,1.187262886559E0,
1.187262886559E0,1.187262886559E0,1.187262886559E0),(9.375790378135E-1,
9.375790378135E-1,9.375790378135E-1,9.375790378135E-1,9.375790378135E-1,
9.375790378135E-1,9.375790378135E-1,9.375790378135E-1,9.375790378135E-1,
9.375790378135E-1,9.375790378135E-1,9.375790378135E-1,9.375790378135E-1,
9.375790378135E-1,9.375790378135E-1,9.375790378135E-1,9.375790378135E-1,
9.375790378135E-1,9.375790378135E-1,9.375790378135E-1,9.375790378135E-1,
9.375790378135E-1,9.375790378135E-1,9.375790378135E-1,9.375790378135E-1,
9.375790378135E-1,9.375790378135E-1,9.375790378135E-1,9.375790378135E-1,
9.375790378135E-1,9.375790378135E-1,9.375790378135E-1,9.375790378135E-1,
9.375790378135E-1,9.375790378135E-1,9.375790378135E-1,9.375790378135E-1,
9.375790378135E-1,9.375790378135E-1,9.375790378135E-1,9.375790378135E-1),(
9.375790378135E-1,9.375790378135E-1,9.375790378135E-1,9.375790378135E-1,
9.375790378135E-1,9.375790378135E-1,9.375790378135E-1,9.375790378135E-1,
9.375790378135E-1,9.375790378135E-1,9.375790378135E-1,9.375790378135E-1,
9.375790378135E-1,9.375790378135E-1,9.375790378135E-1,9.375790378135E-1,
9.375790378135E-1,9.375790378135E-1,9.375790378135E-1,9.375790378135E-1,
9.375790378135E-1,9.375790378135E-1,9.375790378135E-1,9.375790378135E-1,
9.375790378135E-1,9.375790378135E-1,9.375790378135E-1,9.375790378135E-1,
9.375790378135E-1,9.375790378135E-1,9.375790378135E-1,9.375790378135E-1,
9.375790378135E-1,9.375790378135E-1,9.375790378135E-1,9.375790378135E-1,
9.375790378135E-1,9.375790378135E-1,9.375790378135E-1,9.375790378135E-1,
9.375790378135E-1),(1.187262886559E0,1.187262886559E0,1.187262886559E0,
1.187262886559E0,1.187262886559E0,1.187262886559E0,1.187262886559E0,
1.187262886559E0,1.187262886559E0,1.187262886559E0,1.187262886559E0,
1.187262886559E0,1.187262886559E0,1.187262886559E0,1.187262886559E0,
1.187262886559E0,1.187262886559E0,1.187262886559E0,1.187262886559E0,
1.187262886559E0,1.187262886559E0,1.187262886559E0,1.187262886559E0,
1.187262886559E0,1.187262886559E0,1.187262886559E0,1.187262886559E0,
1.187262886559E0,1.187262886559E0,1.187262886559E0,1.187262886559E0,
1.187262886559E0,1.187262886559E0,1.187262886559E0,1.187262886559E0,
1.187262886559E0,1.187262886559E0,1.187262886559E0,1.187262886559E0,
1.187262886559E0,1.187262886559E0)))REPRESENTATION_ITEM('')SURFACE());
#3058=ORIENTED_EDGE('',*,*,#2882,.F.);
#3060=ORIENTED_EDGE('',*,*,#3059,.T.);
#3062=ORIENTED_EDGE('',*,*,#3061,.T.);
#3064=ORIENTED_EDGE('',*,*,#3063,.F.);
#3065=EDGE_LOOP('',(#3058,#3060,#3062,#3064));
#3066=FACE_OUTER_BOUND('',#3065,.F.);
#3067=ADVANCED_FACE('',(#3066),#3057,.F.);
#3068=CARTESIAN_POINT('',(-7.900005568839E0,1.015327138722E0,9.201968045902E0));
#3069=CARTESIAN_POINT('',(-7.900008646164E0,1.015276719859E0,9.200715099196E0));
#3070=CARTESIAN_POINT('',(-7.900008962781E0,1.015271537684E0,9.197885124547E0));
#3071=CARTESIAN_POINT('',(-7.899985852595E0,1.015650158685E0,9.193436782750E0));
#3072=CARTESIAN_POINT('',(-7.899931560115E0,1.016539279967E0,9.188577212177E0));
#3073=CARTESIAN_POINT('',(-7.899844620395E0,1.017961997742E0,9.183559432521E0));
#3074=CARTESIAN_POINT('',(-7.899720819657E0,1.019985827873E0,9.178336898945E0));
#3075=CARTESIAN_POINT('',(-7.899554355151E0,1.022703536219E0,9.172856155279E0));
#3076=CARTESIAN_POINT('',(-7.899337685118E0,1.026235393107E0,9.167064012044E0));
#3077=CARTESIAN_POINT('',(-7.899061168605E0,1.030734838563E0,9.160901710693E0));
#3078=CARTESIAN_POINT('',(-7.898712007077E0,1.036405446435E0,9.154294181343E0));
#3079=CARTESIAN_POINT('',(-7.898273846674E0,1.043506968782E0,9.147162665530E0));
#3080=CARTESIAN_POINT('',(-7.897731377107E0,1.052280601332E0,9.139496885490E0));
#3081=CARTESIAN_POINT('',(-7.897076964669E0,1.062842580675E0,9.131395325388E0));
#3082=CARTESIAN_POINT('',(-7.896309783325E0,1.075199945219E0,9.122989455429E0));
#3083=CARTESIAN_POINT('',(-7.895425205520E0,1.089422120499E0,9.114323525772E0));
#3084=CARTESIAN_POINT('',(-7.894407944780E0,1.105750042379E0,9.105341253294E0));
#3085=CARTESIAN_POINT('',(-7.893234122522E0,1.124561672245E0,9.095946771063E0));
#3086=CARTESIAN_POINT('',(-7.891879340024E0,1.146242192240E0,9.086078155339E0));
#3087=CARTESIAN_POINT('',(-7.890325241305E0,1.171079369979E0,9.075739647770E0));
#3088=CARTESIAN_POINT('',(-7.888564029776E0,1.199192331782E0,9.065002718464E0));
#3089=CARTESIAN_POINT('',(-7.886598065120E0,1.230539025638E0,9.053975838858E0));
#3090=CARTESIAN_POINT('',(-7.884428967925E0,1.265090344954E0,9.042734201206E0));
#3091=CARTESIAN_POINT('',(-7.882046127992E0,1.303012580205E0,9.031277167746E0));
#3092=CARTESIAN_POINT('',(-7.879425537458E0,1.344684949412E0,9.019549688900E0));
#3093=CARTESIAN_POINT('',(-7.876535277076E0,1.390611718208E0,9.007482345502E0));
#3094=CARTESIAN_POINT('',(-7.873342811487E0,1.441306153220E0,8.995024044620E0));
#3095=CARTESIAN_POINT('',(-7.869816075641E0,1.497273411950E0,8.982142063630E0));
#3096=CARTESIAN_POINT('',(-7.865922609301E0,1.559024417506E0,8.968815035229E0));
#3097=CARTESIAN_POINT('',(-7.861625569267E0,1.627139142960E0,8.955018154704E0));
#3098=CARTESIAN_POINT('',(-7.856882473366E0,1.702286391036E0,8.940722203854E0));
#3099=CARTESIAN_POINT('',(-7.853087012101E0,1.762391185476E0,8.929977954311E0));
#3100=CARTESIAN_POINT('',(-7.850868833348E0,1.797508669297E0,8.923929043389E0));
#3101=CARTESIAN_POINT('',(-7.850394225242E0,1.805022090887E0,8.922644943803E0));
#3102=CARTESIAN_POINT('',(-7.899724178948E0,9.771693136305E-1,
9.203074895628E0));
#3103=CARTESIAN_POINT('',(-7.899730834754E0,9.770984722853E-1,
9.201117891854E0));
#3104=CARTESIAN_POINT('',(-7.899731517585E0,9.770911277030E-1,
9.196693698096E0));
#3105=CARTESIAN_POINT('',(-7.899681534217E0,9.776233892808E-1,
9.189752480944E0));
#3106=CARTESIAN_POINT('',(-7.899564996828E0,9.788659253830E-1,
9.182226535611E0));
#3107=CARTESIAN_POINT('',(-7.899380864609E0,9.808339043454E-1,
9.174555996018E0));
#3108=CARTESIAN_POINT('',(-7.899123578548E0,9.835934876271E-1,
9.166716905760E0));
#3109=CARTESIAN_POINT('',(-7.898785895004E0,9.872327623806E-1,
9.158678111425E0));
#3110=CARTESIAN_POINT('',(-7.898358953021E0,9.918623835233E-1,
9.150411974371E0));
#3111=CARTESIAN_POINT('',(-7.897831913929E0,9.976211668567E-1,
9.141884117903E0));
#3112=CARTESIAN_POINT('',(-7.897190364366E0,1.004695764628E0,9.133038320650E0));
#3113=CARTESIAN_POINT('',(-7.896416289461E0,1.013324482956E0,9.123815171901E0));
#3114=CARTESIAN_POINT('',(-7.895496365010E0,1.023707331493E0,9.114239581355E0));
#3115=CARTESIAN_POINT('',(-7.894431168642E0,1.035896680477E0,9.104451005353E0));
#3116=CARTESIAN_POINT('',(-7.893230278624E0,1.049839695326E0,9.094596612712E0));
#3117=CARTESIAN_POINT('',(-7.891894564466E0,1.065577008136E0,9.084701140205E0));
#3118=CARTESIAN_POINT('',(-7.890408177147E0,1.083346428035E0,9.074674590186E0));
#3119=CARTESIAN_POINT('',(-7.888743963468E0,1.103530752882E0,9.064391020658E0));
#3120=CARTESIAN_POINT('',(-7.886875613223E0,1.126515211744E0,9.053768404577E0));
#3121=CARTESIAN_POINT('',(-7.884786000714E0,1.152580857202E0,9.042798385399E0));
#3122=CARTESIAN_POINT('',(-7.882471731877E0,1.181837060047E0,9.031542550421E0));
#3123=CARTESIAN_POINT('',(-7.879941131554E0,1.214234611581E0,9.020098622893E0));
#3124=CARTESIAN_POINT('',(-7.877199780689E0,1.249745575548E0,9.008528665255E0));
#3125=CARTESIAN_POINT('',(-7.874236999599E0,1.288545433737E0,8.996818378963E0));
#3126=CARTESIAN_POINT('',(-7.871025921919E0,1.331025217662E0,8.984901309149E0));
#3127=CARTESIAN_POINT('',(-7.867531073578E0,1.377699595224E0,8.972699770602E0));
#3128=CARTESIAN_POINT('',(-7.863717314132E0,1.429089203474E0,8.960157098590E0));
#3129=CARTESIAN_POINT('',(-7.859550906332E0,1.485704420050E0,8.947236759017E0));
#3130=CARTESIAN_POINT('',(-7.854998286763E0,1.548060210015E0,8.933914704224E0));
#3131=CARTESIAN_POINT('',(-7.850021342033E0,1.616740333766E0,8.920164299242E0));
#3132=CARTESIAN_POINT('',(-7.844576110897E0,1.692417090540E0,8.905955322671E0));
#3133=CARTESIAN_POINT('',(-7.840254585682E0,1.752881859099E0,8.895303278761E0));
#3134=CARTESIAN_POINT('',(-7.837740734377E0,1.788190648523E0,8.889314622018E0));
#3135=CARTESIAN_POINT('',(-7.837203380954E0,1.795744180369E0,8.888043685754E0));
#3136=CARTESIAN_POINT('',(-7.906647074766E0,9.396436895556E-1,
9.204181689991E0));
#3137=CARTESIAN_POINT('',(-7.906657279306E0,9.395527640899E-1,
9.201520654549E0));
#3138=CARTESIAN_POINT('',(-7.906658325323E0,9.395432929265E-1,
9.195502363213E0));
#3139=CARTESIAN_POINT('',(-7.906581692156E0,9.402266495554E-1,
9.186068252678E0));
#3140=CARTESIAN_POINT('',(-7.906403420397E0,9.418167450808E-1,
9.175874998641E0));
#3141=CARTESIAN_POINT('',(-7.906122873381E0,9.443209513121E-1,
9.165549122799E0));
#3142=CARTESIAN_POINT('',(-7.905733130530E0,9.478040977445E-1,
9.155088475701E0));
#3143=CARTESIAN_POINT('',(-7.905225478224E0,9.523496703417E-1,
9.144483367603E0));
#3144=CARTESIAN_POINT('',(-7.904589689611E0,9.580588679174E-1,
9.133730821873E0));
#3145=CARTESIAN_POINT('',(-7.903813660759E0,9.650561243471E-1,
9.122819923488E0));
#3146=CARTESIAN_POINT('',(-7.902881274226E0,9.735114506340E-1,
9.111712321432E0));
#3147=CARTESIAN_POINT('',(-7.901772733608E0,9.836420622728E-1,
9.100366933375E0));
#3148=CARTESIAN_POINT('',(-7.900476531120E0,9.956074652137E-1,
9.088843199158E0));
#3149=CARTESIAN_POINT('',(-7.899001255219E0,1.009397221488E0,9.077321775940E0));
#3150=CARTESIAN_POINT('',(-7.897366714030E0,1.024899615496E0,9.065966462340E0));
#3151=CARTESIAN_POINT('',(-7.895579144243E0,1.042126962951E0,9.054783193209E0));
#3152=CARTESIAN_POINT('',(-7.893622005746E0,1.061313998049E0,9.043648291034E0));
#3153=CARTESIAN_POINT('',(-7.891464708393E0,1.082848274988E0,9.032405358747E0));
#3154=CARTESIAN_POINT('',(-7.889078841592E0,1.107115068982E0,9.020952031403E0));
#3155=CARTESIAN_POINT('',(-7.886448324985E0,1.134388828838E0,9.009267594669E0));
#3156=CARTESIAN_POINT('',(-7.883574026199E0,1.164769331443E0,8.997404554873E0));
#3157=CARTESIAN_POINT('',(-7.880470160715E0,1.198200329984E0,8.985451035811E0));
#3158=CARTESIAN_POINT('',(-7.877146220849E0,1.234655039154E0,8.973456857573E0));
#3159=CARTESIAN_POINT('',(-7.873591363059E0,1.274317979775E0,8.961394274373E0));
#3160=CARTESIAN_POINT('',(-7.869775692303E0,1.317591801125E0,8.949185113708E0));
#3161=CARTESIAN_POINT('',(-7.865659949485E0,1.365001401029E0,8.936742932256E0));
#3162=CARTESIAN_POINT('',(-7.861206138084E0,1.417074664846E0,8.924005123106E0));
#3163=CARTESIAN_POINT('',(-7.856378586923E0,1.474327103867E0,8.910931107381E0));
#3164=CARTESIAN_POINT('',(-7.851142354984E0,1.537277658138E0,8.897494007789E0));
#3165=CARTESIAN_POINT('',(-7.845457747498E0,1.606513812634E0,8.883665165253E0));
#3166=CARTESIAN_POINT('',(-7.839278965562E0,1.682711305176E0,8.869413108324E0));
#3167=CARTESIAN_POINT('',(-7.834405662926E0,1.743530083783E0,8.858755095500E0));
#3168=CARTESIAN_POINT('',(-7.831580922359E0,1.779027009248E0,8.852771287667E0));
#3169=CARTESIAN_POINT('',(-7.830977559496E0,1.786619986800E0,8.851501746986E0));
#3170=CARTESIAN_POINT('',(-7.920525802956E0,9.040970102342E-1,
9.205248707644E0));
#3171=CARTESIAN_POINT('',(-7.920539399124E0,9.039870598007E-1,
9.201908932676E0));
#3172=CARTESIAN_POINT('',(-7.920540792262E0,9.039755742031E-1,
9.194353875292E0));
#3173=CARTESIAN_POINT('',(-7.920438689106E0,9.048020577609E-1,
9.182516319904E0));
#3174=CARTESIAN_POINT('',(-7.920201409076E0,9.067213838766E-1,
9.169750549312E0));
#3175=CARTESIAN_POINT('',(-7.919828685161E0,9.097335389892E-1,
9.156862057324E0));
#3176=CARTESIAN_POINT('',(-7.919312267751E0,9.139020908725E-1,
9.143868937345E0));
#3177=CARTESIAN_POINT('',(-7.918641996906E0,9.193061669486E-1,
9.130781353911E0));
#3178=CARTESIAN_POINT('',(-7.917806282203E0,9.260380086033E-1,
9.117619218484E0));
#3179=CARTESIAN_POINT('',(-7.916791732318E0,9.342084262284E-1,
9.104393315523E0));
#3180=CARTESIAN_POINT('',(-7.915580497624E0,9.439716671728E-1,
9.091081544866E0));
#3181=CARTESIAN_POINT('',(-7.914150943602E0,9.555249685396E-1,
9.077659475420E0));
#3182=CARTESIAN_POINT('',(-7.912493144033E0,9.689894685724E-1,
9.064219180603E0));
#3183=CARTESIAN_POINT('',(-7.910623210193E0,9.842952333362E-1,
9.050981268387E0));
#3184=CARTESIAN_POINT('',(-7.908570638489E0,1.001274771357E0,9.038126501568E0));
#3185=CARTESIAN_POINT('',(-7.906346710282E0,1.019913575251E0,9.025643399312E0));
#3186=CARTESIAN_POINT('',(-7.903934090630E0,1.040443466440E0,9.013375847622E0));
#3187=CARTESIAN_POINT('',(-7.901298713452E0,1.063256504634E0,9.001137707341E0));
#3188=CARTESIAN_POINT('',(-7.898409954254E0,1.088738008759E0,8.988806770930E0));
#3189=CARTESIAN_POINT('',(-7.895252555556E0,1.117156172102E0,8.976350650168E0));
#3190=CARTESIAN_POINT('',(-7.891831352892E0,1.148601683591E0,8.963813898165E0));
#3191=CARTESIAN_POINT('',(-7.888166166464E0,1.183011629459E0,8.951276532506E0));
#3192=CARTESIAN_POINT('',(-7.884270210594E0,1.220360314650E0,8.938777457755E0));
#3193=CARTESIAN_POINT('',(-7.880132389393E0,1.260840822339E0,8.926276177032E0));
#3194=CARTESIAN_POINT('',(-7.875719717656E0,1.304866806895E0,8.913682908375E0));
#3195=CARTESIAN_POINT('',(-7.870989056902E0,1.352972856584E0,8.900902272610E0));
#3196=CARTESIAN_POINT('',(-7.865899406046E0,1.405693722828E0,8.887865563522E0));
#3197=CARTESIAN_POINT('',(-7.860412967655E0,1.463549779842E0,8.874528069303E0));
#3198=CARTESIAN_POINT('',(-7.854493198125E0,1.527063733032E0,8.860860035307E0));
#3199=CARTESIAN_POINT('',(-7.848098566877E0,1.596826595533E0,8.846830657139E0));
#3200=CARTESIAN_POINT('',(-7.841181144721E0,1.673517362413E0,8.832407011310E0));
#3201=CARTESIAN_POINT('',(-7.835750153737E0,1.734671482056E0,8.821645069240E0));
#3202=CARTESIAN_POINT('',(-7.832610464589E0,1.770346622052E0,8.815610531029E0));
#3203=CARTESIAN_POINT('',(-7.831940197155E0,1.777976965109E0,8.814330568102E0));
#3204=(BOUNDED_SURFACE()B_SPLINE_SURFACE(3,3,((#3068,#3069,#3070,#3071,#3072,
#3073,#3074,#3075,#3076,#3077,#3078,#3079,#3080,#3081,#3082,#3083,#3084,#3085,
#3086,#3087,#3088,#3089,#3090,#3091,#3092,#3093,#3094,#3095,#3096,#3097,#3098,
#3099,#3100,#3101),(#3102,#3103,#3104,#3105,#3106,#3107,#3108,#3109,#3110,#3111,
#3112,#3113,#3114,#3115,#3116,#3117,#3118,#3119,#3120,#3121,#3122,#3123,#3124,
#3125,#3126,#3127,#3128,#3129,#3130,#3131,#3132,#3133,#3134,#3135),(#3136,#3137,
#3138,#3139,#3140,#3141,#3142,#3143,#3144,#3145,#3146,#3147,#3148,#3149,#3150,
#3151,#3152,#3153,#3154,#3155,#3156,#3157,#3158,#3159,#3160,#3161,#3162,#3163,
#3164,#3165,#3166,#3167,#3168,#3169),(#3170,#3171,#3172,#3173,#3174,#3175,#3176,
#3177,#3178,#3179,#3180,#3181,#3182,#3183,#3184,#3185,#3186,#3187,#3188,#3189,
#3190,#3191,#3192,#3193,#3194,#3195,#3196,#3197,#3198,#3199,#3200,#3201,#3202,
#3203)),.UNSPECIFIED.,.F.,.F.,.F.)B_SPLINE_SURFACE_WITH_KNOTS((4,4),(4,1,1,1,1,
1,1,1,1,1,1,1,1,1,1,1,1,1,1,1,1,1,1,1,1,1,1,1,1,1,1,4),(0.E0,1.E0),(
2.376860874155E-4,1.248783410898E-3,2.518982214155E-3,3.830601834549E-3,
5.202740345455E-3,6.654983014415E-3,8.216768916991E-3,9.920749283340E-3,
1.179707048229E-2,1.389377925794E-2,1.627678913703E-2,1.900576426481E-2,
2.208763204918E-2,2.548158113474E-2,2.918749299821E-2,3.328932713876E-2,
3.787898284227E-2,4.304413183848E-2,4.885932729082E-2,5.533996163991E-2,
6.245842339224E-2,7.018766322536E-2,7.856108352736E-2,8.768513985399E-2,
9.767060374843E-2,1.086273098527E-1,1.206624431359E-1,1.338780205264E-1,
1.483853637497E-1,1.643343748392E-1,1.818820609499E-1,1.866561413754E-1),
.UNSPECIFIED.)GEOMETRIC_REPRESENTATION_ITEM()RATIONAL_B_SPLINE_SURFACE(((
1.009053389286E0,1.009053389286E0,1.009053389286E0,1.009053389286E0,
1.009053389286E0,1.009053389286E0,1.009053389286E0,1.009053389286E0,
1.009053389286E0,1.009053389286E0,1.009053389286E0,1.009053389286E0,
1.009053389286E0,1.009053389286E0,1.009053389286E0,1.009053389286E0,
1.009053389286E0,1.009053389286E0,1.009053389286E0,1.009053389286E0,
1.009053389286E0,1.009053389286E0,1.009053389286E0,1.009053389286E0,
1.009053389286E0,1.009053389286E0,1.009053389286E0,1.009053389286E0,
1.009053389286E0,1.009053389286E0,1.009053389286E0,1.009053389286E0,
1.009053389286E0,1.009053389286E0),(9.969822035713E-1,9.969822035713E-1,
9.969822035713E-1,9.969822035713E-1,9.969822035713E-1,9.969822035713E-1,
9.969822035713E-1,9.969822035713E-1,9.969822035713E-1,9.969822035713E-1,
9.969822035713E-1,9.969822035713E-1,9.969822035713E-1,9.969822035713E-1,
9.969822035713E-1,9.969822035713E-1,9.969822035713E-1,9.969822035713E-1,
9.969822035713E-1,9.969822035713E-1,9.969822035713E-1,9.969822035713E-1,
9.969822035713E-1,9.969822035713E-1,9.969822035713E-1,9.969822035713E-1,
9.969822035713E-1,9.969822035713E-1,9.969822035713E-1,9.969822035713E-1,
9.969822035713E-1,9.969822035713E-1,9.969822035713E-1,9.969822035713E-1),(
9.969822035713E-1,9.969822035713E-1,9.969822035713E-1,9.969822035713E-1,
9.969822035713E-1,9.969822035713E-1,9.969822035713E-1,9.969822035713E-1,
9.969822035713E-1,9.969822035713E-1,9.969822035713E-1,9.969822035713E-1,
9.969822035713E-1,9.969822035713E-1,9.969822035713E-1,9.969822035713E-1,
9.969822035713E-1,9.969822035713E-1,9.969822035713E-1,9.969822035713E-1,
9.969822035713E-1,9.969822035713E-1,9.969822035713E-1,9.969822035713E-1,
9.969822035713E-1,9.969822035713E-1,9.969822035713E-1,9.969822035713E-1,
9.969822035713E-1,9.969822035713E-1,9.969822035713E-1,9.969822035713E-1,
9.969822035713E-1,9.969822035713E-1),(1.009053389286E0,1.009053389286E0,
1.009053389286E0,1.009053389286E0,1.009053389286E0,1.009053389286E0,
1.009053389286E0,1.009053389286E0,1.009053389286E0,1.009053389286E0,
1.009053389286E0,1.009053389286E0,1.009053389286E0,1.009053389286E0,
1.009053389286E0,1.009053389286E0,1.009053389286E0,1.009053389286E0,
1.009053389286E0,1.009053389286E0,1.009053389286E0,1.009053389286E0,
1.009053389286E0,1.009053389286E0,1.009053389286E0,1.009053389286E0,
1.009053389286E0,1.009053389286E0,1.009053389286E0,1.009053389286E0,
1.009053389286E0,1.009053389286E0,1.009053389286E0,1.009053389286E0)))REPRESENTATION_ITEM('')SURFACE());
#3206=ORIENTED_EDGE('',*,*,#3205,.T.);
#3207=ORIENTED_EDGE('',*,*,#3059,.F.);
#3208=ORIENTED_EDGE('',*,*,#2888,.F.);
#3209=ORIENTED_EDGE('',*,*,#2415,.T.);
#3210=EDGE_LOOP('',(#3206,#3207,#3208,#3209));
#3211=FACE_OUTER_BOUND('',#3210,.F.);
#3212=ADVANCED_FACE('',(#3211),#3204,.F.);
#3213=CARTESIAN_POINT('',(-7.768767004711E0,2.5E0,-1.308E1));
#3214=DIRECTION('',(9.961946980917E-1,-8.715574274766E-2,0.E0));
#3215=DIRECTION('',(-8.715574274766E-2,-9.961946980917E-1,0.E0));
#3216=AXIS2_PLACEMENT_3D('',#3213,#3214,#3215);
#3217=PLANE('',#3216);
#3219=ORIENTED_EDGE('',*,*,#3218,.F.);
#3221=ORIENTED_EDGE('',*,*,#3220,.F.);
#3223=ORIENTED_EDGE('',*,*,#3222,.F.);
#3224=ORIENTED_EDGE('',*,*,#2431,.T.);
#3225=EDGE_LOOP('',(#3219,#3221,#3223,#3224));
#3226=FACE_OUTER_BOUND('',#3225,.F.);
#3227=ADVANCED_FACE('',(#3226),#3217,.F.);
#3228=CARTESIAN_POINT('',(-7.768767004711E0,2.5E0,-1.308E1));
#3229=DIRECTION('',(9.961946980917E-1,-8.715574274766E-2,0.E0));
#3230=DIRECTION('',(-8.715574274766E-2,-9.961946980917E-1,0.E0));
#3231=AXIS2_PLACEMENT_3D('',#3228,#3229,#3230);
#3232=PLANE('',#3231);
#3233=ORIENTED_EDGE('',*,*,#2599,.F.);
#3235=ORIENTED_EDGE('',*,*,#3234,.F.);
#3236=ORIENTED_EDGE('',*,*,#3205,.F.);
#3237=ORIENTED_EDGE('',*,*,#2413,.T.);
#3238=EDGE_LOOP('',(#3233,#3235,#3236,#3237));
#3239=FACE_OUTER_BOUND('',#3238,.F.);
#3240=ADVANCED_FACE('',(#3239),#3232,.F.);
#3241=CARTESIAN_POINT('',(-7.850394220124E0,1.805022093392E0,
-8.922644910914E0));
#3242=CARTESIAN_POINT('',(-7.850993320964E0,1.795537854085E0,
-8.924265833553E0));
#3243=CARTESIAN_POINT('',(-7.853324177522E0,1.758635951401E0,
-8.930635107916E0));
#3244=CARTESIAN_POINT('',(-7.857219895235E0,1.696941558160E0,
-8.941710328978E0));
#3245=CARTESIAN_POINT('',(-7.861927591460E0,1.622352679523E0,
-8.955960287640E0));
#3246=CARTESIAN_POINT('',(-7.866189902481E0,1.554786098672E0,
-8.969703763794E0));
#3247=CARTESIAN_POINT('',(-7.870049591038E0,1.493568584220E0,
-8.982970379378E0));
#3248=CARTESIAN_POINT('',(-7.873543709503E0,1.438116864214E0,
-8.995785152066E0));
#3249=CARTESIAN_POINT('',(-7.876704997104E0,1.387915603794E0,
-9.008170009700E0));
#3250=CARTESIAN_POINT('',(-7.879565946718E0,1.342452855646E0,
-9.020159158594E0));
#3251=CARTESIAN_POINT('',(-7.882159384163E0,1.301210728513E0,
-9.031805017170E0));
#3252=CARTESIAN_POINT('',(-7.884517288283E0,1.263683991611E0,
-9.043177564649E0));
#3253=CARTESIAN_POINT('',(-7.886663154425E0,1.229501576130E0,
-9.054329371747E0));
#3254=CARTESIAN_POINT('',(-7.888607268895E0,1.198502375823E0,
-9.065258432173E0));
#3255=CARTESIAN_POINT('',(-7.890348262693E0,1.170711526888E0,
-9.075889358156E0));
#3256=CARTESIAN_POINT('',(-7.891884814348E0,1.146154501161E0,
-9.086119471633E0));
#3257=CARTESIAN_POINT('',(-7.893225017098E0,1.124707347044E0,
-9.095880648880E0));
#3258=CARTESIAN_POINT('',(-7.894386259347E0,1.106097682726E0,
-9.105163159108E0));
#3259=CARTESIAN_POINT('',(-7.895390834023E0,1.089974072309E0,
-9.114010108277E0));
#3260=CARTESIAN_POINT('',(-7.896260616859E0,1.075990873554E0,
-9.122490545579E0));
#3261=CARTESIAN_POINT('',(-7.897012402321E0,1.063883170615E0,
-9.130659724514E0));
#3262=CARTESIAN_POINT('',(-7.897656858312E0,1.053484188551E0,
-9.138531088617E0));
#3263=CARTESIAN_POINT('',(-7.898200694630E0,1.044691090134E0,
-9.146070452085E0));
#3264=CARTESIAN_POINT('',(-7.898650927762E0,1.037396310026E0,
-9.153232436644E0));
#3265=CARTESIAN_POINT('',(-7.899016267361E0,1.031464753691E0,
-9.159984058548E0));
#3266=CARTESIAN_POINT('',(-7.899306797101E0,1.026738445869E0,
-9.166312950497E0));
#3267=CARTESIAN_POINT('',(-7.899533431961E0,1.023044862294E0,
-9.172238912397E0));
#3268=CARTESIAN_POINT('',(-7.899706809327E0,1.020214709494E0,
-9.177818380815E0));
#3269=CARTESIAN_POINT('',(-7.899835588854E0,1.018109712078E0,
-9.183118179730E0));
#3270=CARTESIAN_POINT('',(-7.899926136427E0,1.016628058768E0,
-9.188196255065E0));
#3271=CARTESIAN_POINT('',(-7.899983061566E0,1.015695863527E0,
-9.193097227112E0));
#3272=CARTESIAN_POINT('',(-7.900008658248E0,1.015276511924E0,
-9.197669820297E0));
#3273=CARTESIAN_POINT('',(-7.900008899374E0,1.015272556570E0,
-9.200611866511E0));
#3274=CARTESIAN_POINT('',(-7.900005570262E0,1.015327100381E0,-9.201967582E0));
#3275=CARTESIAN_POINT('',(-7.837203380405E0,1.795744189312E0,
-8.888043662326E0));
#3276=CARTESIAN_POINT('',(-7.837881684726E0,1.786209319229E0,
-8.889647968551E0));
#3277=CARTESIAN_POINT('',(-7.840523902424E0,1.749105329946E0,
-8.895954279499E0));
#3278=CARTESIAN_POINT('',(-7.844961998883E0,1.687037334225E0,
-8.906936278287E0));
#3279=CARTESIAN_POINT('',(-7.850369724879E0,1.611917031246E0,
-8.921102060373E0));
#3280=CARTESIAN_POINT('',(-7.855309467233E0,1.543783412861E0,
-8.934801855876E0));
#3281=CARTESIAN_POINT('',(-7.859825482935E0,1.481959845654E0,
-8.948066245610E0));
#3282=CARTESIAN_POINT('',(-7.863956099153E0,1.425859398634E0,
-8.960922017289E0));
#3283=CARTESIAN_POINT('',(-7.867735179244E0,1.374962835301E0,
-8.973393697922E0));
#3284=CARTESIAN_POINT('',(-7.871196955175E0,1.328753086555E0,
-8.985519217699E0));
#3285=CARTESIAN_POINT('',(-7.874376917319E0,1.286704995864E0,
-8.997356468999E0));
#3286=CARTESIAN_POINT('',(-7.877310620638E0,1.248303092515E0,
-9.008983567622E0));
#3287=CARTESIAN_POINT('',(-7.880024285023E0,1.213164956491E0,
-9.020464215273E0));
#3288=CARTESIAN_POINT('',(-7.882528119373E0,1.181120963586E0,
-9.031809576205E0));
#3289=CARTESIAN_POINT('',(-7.884816770663E0,1.152195735684E0,
-9.042956695790E0));
#3290=CARTESIAN_POINT('',(-7.886883245845E0,1.126421875013E0,
-9.053813095742E0));
#3291=CARTESIAN_POINT('',(-7.888731420406E0,1.103685123549E0,
-9.064319940743E0));
#3292=CARTESIAN_POINT('',(-7.890377193425E0,1.083720766323E0,
-9.074478732686E0));
#3293=CARTESIAN_POINT('',(-7.891843833171E0,1.066180688589E0,
-9.084348972829E0));
#3294=CARTESIAN_POINT('',(-7.893155192166E0,1.050720138532E0,
-9.094022417972E0));
#3295=CARTESIAN_POINT('',(-7.894328816472E0,1.037079231358E0,
-9.103580592678E0));
#3296=CARTESIAN_POINT('',(-7.895373281744E0,1.025108609706E0,
-9.113059448509E0));
#3297=CARTESIAN_POINT('',(-7.896290150542E0,1.014740696006E0,
-9.122432329353E0));
#3298=CARTESIAN_POINT('',(-7.897080478516E0,1.005914368705E0,
-9.131643979828E0));
#3299=CARTESIAN_POINT('',(-7.897747869553E0,9.985435556755E-1,
-9.140635630858E0));
#3300=CARTESIAN_POINT('',(-7.898299046543E0,9.925143026726E-1,
-9.149356294020E0));
#3301=CARTESIAN_POINT('',(-7.898744026439E0,9.876852741595E-1,
-9.157784800954E0));
#3302=CARTESIAN_POINT('',(-7.899094778635E0,9.839030560652E-1,
-9.165947064224E0));
#3303=CARTESIAN_POINT('',(-7.899361891983E0,9.810369988387E-1,
-9.173887030649E0));
#3304=CARTESIAN_POINT('',(-7.899553419172E0,9.789895040890E-1,
-9.181639884735E0));
#3305=CARTESIAN_POINT('',(-7.899675514098E0,9.776875343067E-1,
-9.189224191522E0));
#3306=CARTESIAN_POINT('',(-7.899730858700E0,9.770981634781E-1,
-9.196356909135E0));
#3307=CARTESIAN_POINT('',(-7.899731383752E0,9.770926351834E-1,
-9.200956652434E0));
#3308=CARTESIAN_POINT('',(-7.899724183563E0,9.771692749034E-1,
-9.203074171320E0));
#3309=CARTESIAN_POINT('',(-7.830977558895E0,1.786620002050E0,
-8.851501734264E0));
#3310=CARTESIAN_POINT('',(-7.831739187020E0,1.777035340044E0,
-8.853104278524E0));
#3311=CARTESIAN_POINT('',(-7.834708744784E0,1.739732612342E0,
-8.859405957934E0));
#3312=CARTESIAN_POINT('',(-7.839715573824E0,1.677297204008E0,
-8.870395903875E0));
#3313=CARTESIAN_POINT('',(-7.845854460338E0,1.601654281356E0,
-8.884607105114E0));
#3314=CARTESIAN_POINT('',(-7.851499119214E0,1.532963020144E0,
-8.898387607495E0));
#3315=CARTESIAN_POINT('',(-7.856695662552E0,1.470543441298E0,
-8.911769201906E0));
#3316=CARTESIAN_POINT('',(-7.861484005317E0,1.413805015408E0,
-8.924780642834E0));
#3317=CARTESIAN_POINT('',(-7.865899411589E0,1.362224668978E0,
-8.937449212078E0));
#3318=CARTESIAN_POINT('',(-7.869978116934E0,1.315280295980E0,
-8.949816811775E0));
#3319=CARTESIAN_POINT('',(-7.873758528927E0,1.272439594979E0,
-8.961947192136E0));
#3320=CARTESIAN_POINT('',(-7.877280009045E0,1.233177024987E0,
-8.973927104724E0));
#3321=CARTESIAN_POINT('',(-7.880571669437E0,1.197099002852E0,
-8.985831676675E0));
#3322=CARTESIAN_POINT('',(-7.883643735413E0,1.164027527527E0,
-8.997685013319E0));
#3323=CARTESIAN_POINT('',(-7.886486921552E0,1.133986715112E0,
-9.009435715131E0));
#3324=CARTESIAN_POINT('',(-7.889088642377E0,1.107016180084E0,
-9.021000415807E0));
#3325=CARTESIAN_POINT('',(-7.891448696161E0,1.083011197391E0,
-9.032328806254E0));
#3326=CARTESIAN_POINT('',(-7.893581673056E0,1.061714591883E0,
-9.043433353164E0));
#3327=CARTESIAN_POINT('',(-7.895512001643E0,1.042781514939E0,
-9.054390077855E0));
#3328=CARTESIAN_POINT('',(-7.897265676379E0,1.025868090416E0,
-9.065313701653E0));
#3329=CARTESIAN_POINT('',(-7.898861133998E0,1.010719381218E0,
-9.076312095743E0));
#3330=CARTESIAN_POINT('',(-7.900304987499E0,9.972031589892E-1,
-9.087443479404E0));
#3331=CARTESIAN_POINT('',(-7.901593795215E0,9.852865216302E-1,
-9.098688297689E0));
#3332=CARTESIAN_POINT('',(-7.902722810787E0,9.749540218924E-1,
-9.109981168268E0));
#3333=CARTESIAN_POINT('',(-7.903690692676E0,9.661677978523E-1,
-9.121237653794E0));
#3334=CARTESIAN_POINT('',(-7.904500947685E0,9.588571869343E-1,
-9.132368653368E0));
#3335=CARTESIAN_POINT('',(-7.905162807390E0,9.529115255967E-1,
-9.143312866172E0));
#3336=CARTESIAN_POINT('',(-7.905689647538E0,9.481930160776E-1,
-9.154066678648E0));
#3337=CARTESIAN_POINT('',(-7.906094033153E0,9.445785083207E-1,
-9.164652129069E0));
#3338=CARTESIAN_POINT('',(-7.906385733934E0,9.419745470232E-1,
-9.175082527382E0));
#3339=CARTESIAN_POINT('',(-7.906572464851E0,9.403089291437E-1,
-9.185351203176E0));
#3340=CARTESIAN_POINT('',(-7.906657310223E0,9.395523559777E-1,
-9.195044101959E0));
#3341=CARTESIAN_POINT('',(-7.906658116814E0,9.395452808025E-1,
-9.201301410454E0));
#3342=CARTESIAN_POINT('',(-7.906647077725E0,9.396436503452E-1,
-9.204180705270E0));
#3343=CARTESIAN_POINT('',(-7.831940191730E0,1.777976986088E0,
-8.814330566075E0));
#3344=CARTESIAN_POINT('',(-7.832786273608E0,1.768345157977E0,
-8.815946266054E0));
#3345=CARTESIAN_POINT('',(-7.836087402581E0,1.730854172487E0,
-8.822301812022E0));
#3346=CARTESIAN_POINT('',(-7.841668907011E0,1.668070727337E0,
-8.833400589332E0));
#3347=CARTESIAN_POINT('',(-7.848543844448E0,1.591932745777E0,
-8.847785175422E0));
#3348=CARTESIAN_POINT('',(-7.854895606553E0,1.522713249478E0,
-8.861767875754E0));
#3349=CARTESIAN_POINT('',(-7.860772454824E0,1.459729090142E0,
-8.875381899052E0));
#3350=CARTESIAN_POINT('',(-7.866216148031E0,1.402386329707E0,
-8.888658092733E0));
#3351=CARTESIAN_POINT('',(-7.871263577306E0,1.350158260027E0,
-8.901626550141E0));
#3352=CARTESIAN_POINT('',(-7.875953174415E0,1.302518003774E0,
-8.914333250879E0));
#3353=CARTESIAN_POINT('',(-7.880326412092E0,1.258926491401E0,
-8.926847976643E0));
#3354=CARTESIAN_POINT('',(-7.884426552111E0,1.218848642710E0,
-8.939266304011E0));
#3355=CARTESIAN_POINT('',(-7.888285662797E0,1.181880300107E0,
-8.951674669951E0));
#3356=CARTESIAN_POINT('',(-7.891914079095E0,1.147835527469E0,
-8.964109426965E0));
#3357=CARTESIAN_POINT('',(-7.895298775949E0,1.116737961781E0,
-8.976529437895E0));
#3358=CARTESIAN_POINT('',(-7.898421855305E0,1.088633859974E0,
-8.988859033610E0));
#3359=CARTESIAN_POINT('',(-7.901279325087E0,1.063427527238E0,
-9.001055363062E0));
#3360=CARTESIAN_POINT('',(-7.903884693890E0,1.040868930625E0,
-9.013141196352E0));
#3361=CARTESIAN_POINT('',(-7.906263693939E0,1.020616315397E0,
-9.025208606734E0));
#3362=CARTESIAN_POINT('',(-7.908444549894E0,1.002326634903E0,
-9.037394712814E0));
#3363=CARTESIAN_POINT('',(-7.910446696280E0,9.857496388256E-1,
-9.049832862416E0));
#3364=CARTESIAN_POINT('',(-7.912274983467E0,9.707693244992E-1,
-9.062602503067E0));
#3365=CARTESIAN_POINT('',(-7.913921288163E0,9.573856366604E-1,
-9.075690497609E0));
#3366=CARTESIAN_POINT('',(-7.915375429058E0,9.456263936922E-1,
-9.089021450361E0));
#3367=CARTESIAN_POINT('',(-7.916631457012E0,9.354994014711E-1,
-9.102486293972E0));
#3368=CARTESIAN_POINT('',(-7.917689922859E0,9.269750060710E-1,
-9.115959691508E0));
#3369=CARTESIAN_POINT('',(-7.918559413626E0,9.199715984325E-1,
-9.129342485809E0));
#3370=CARTESIAN_POINT('',(-7.919254735298E0,9.143661735646E-1,
-9.142603594722E0));
#3371=CARTESIAN_POINT('',(-7.919790405110E0,9.100426854137E-1,
-9.155744902857E0));
#3372=CARTESIAN_POINT('',(-7.920177878370E0,9.069116032761E-1,
-9.168759517508E0));
#3373=CARTESIAN_POINT('',(-7.920426391784E0,9.049015145722E-1,
-9.181617258280E0));
#3374=CARTESIAN_POINT('',(-7.920539432033E0,9.039865566175E-1,
-9.193778513607E0));
#3375=CARTESIAN_POINT('',(-7.920540507673E0,9.039780161377E-1,
-9.201633767682E0));
#3376=CARTESIAN_POINT('',(-7.920525799634E0,9.040969695637E-1,
-9.205247471874E0));
#3377=(BOUNDED_SURFACE()B_SPLINE_SURFACE(3,3,((#3241,#3242,#3243,#3244,#3245,
#3246,#3247,#3248,#3249,#3250,#3251,#3252,#3253,#3254,#3255,#3256,#3257,#3258,
#3259,#3260,#3261,#3262,#3263,#3264,#3265,#3266,#3267,#3268,#3269,#3270,#3271,
#3272,#3273,#3274),(#3275,#3276,#3277,#3278,#3279,#3280,#3281,#3282,#3283,#3284,
#3285,#3286,#3287,#3288,#3289,#3290,#3291,#3292,#3293,#3294,#3295,#3296,#3297,
#3298,#3299,#3300,#3301,#3302,#3303,#3304,#3305,#3306,#3307,#3308),(#3309,#3310,
#3311,#3312,#3313,#3314,#3315,#3316,#3317,#3318,#3319,#3320,#3321,#3322,#3323,
#3324,#3325,#3326,#3327,#3328,#3329,#3330,#3331,#3332,#3333,#3334,#3335,#3336,
#3337,#3338,#3339,#3340,#3341,#3342),(#3343,#3344,#3345,#3346,#3347,#3348,#3349,
#3350,#3351,#3352,#3353,#3354,#3355,#3356,#3357,#3358,#3359,#3360,#3361,#3362,
#3363,#3364,#3365,#3366,#3367,#3368,#3369,#3370,#3371,#3372,#3373,#3374,#3375,
#3376)),.UNSPECIFIED.,.F.,.F.,.F.)B_SPLINE_SURFACE_WITH_KNOTS((4,4),(4,1,1,1,1,
1,1,1,1,1,1,1,1,1,1,1,1,1,1,1,1,1,1,1,1,1,1,1,1,1,1,4),(0.E0,1.E0),(
8.134067716600E-1,8.194335885361E-1,8.368667626679E-1,8.527009280979E-1,
8.670958174027E-1,8.802019716439E-1,8.921300187662E-1,9.029839541051E-1,
9.128723048816E-1,9.219058040732E-1,9.301958563561E-1,9.378478889790E-1,
9.448900190341E-1,9.512974075627E-1,9.570472380973E-1,9.621585457356E-1,
9.667006050085E-1,9.707514774659E-1,9.743913111121E-1,9.776954363150E-1,
9.806933238032E-1,9.833959293863E-1,9.858223282439E-1,9.879946599446E-1,
9.899375018864E-1,9.916846765384E-1,9.932766280189E-1,9.947545659565E-1,
9.961448794291E-1,9.974679978218E-1,9.987454860149E-1,9.998396299685E-1),
.UNSPECIFIED.)GEOMETRIC_REPRESENTATION_ITEM()RATIONAL_B_SPLINE_SURFACE(((
1.009053383204E0,1.009053383204E0,1.009053383204E0,1.009053383204E0,
1.009053383204E0,1.009053383204E0,1.009053383204E0,1.009053383204E0,
1.009053383204E0,1.009053383204E0,1.009053383204E0,1.009053383204E0,
1.009053383204E0,1.009053383204E0,1.009053383204E0,1.009053383204E0,
1.009053383204E0,1.009053383204E0,1.009053383204E0,1.009053383204E0,
1.009053383204E0,1.009053383204E0,1.009053383204E0,1.009053383204E0,
1.009053383204E0,1.009053383204E0,1.009053383204E0,1.009053383204E0,
1.009053383204E0,1.009053383204E0,1.009053383204E0,1.009053383204E0,
1.009053383204E0,1.009053383204E0),(9.969822055986E-1,9.969822055986E-1,
9.969822055986E-1,9.969822055985E-1,9.969822055986E-1,9.969822055986E-1,
9.969822055986E-1,9.969822055985E-1,9.969822055986E-1,9.969822055986E-1,
9.969822055986E-1,9.969822055985E-1,9.969822055986E-1,9.969822055985E-1,
9.969822055986E-1,9.969822055986E-1,9.969822055985E-1,9.969822055986E-1,
9.969822055986E-1,9.969822055986E-1,9.969822055986E-1,9.969822055986E-1,
9.969822055985E-1,9.969822055986E-1,9.969822055985E-1,9.969822055985E-1,
9.969822055986E-1,9.969822055985E-1,9.969822055986E-1,9.969822055986E-1,
9.969822055986E-1,9.969822055986E-1,9.969822055986E-1,9.969822055986E-1),(
9.969822055986E-1,9.969822055986E-1,9.969822055986E-1,9.969822055985E-1,
9.969822055986E-1,9.969822055986E-1,9.969822055986E-1,9.969822055985E-1,
9.969822055986E-1,9.969822055986E-1,9.969822055986E-1,9.969822055985E-1,
9.969822055986E-1,9.969822055985E-1,9.969822055986E-1,9.969822055986E-1,
9.969822055985E-1,9.969822055986E-1,9.969822055986E-1,9.969822055986E-1,
9.969822055986E-1,9.969822055986E-1,9.969822055985E-1,9.969822055986E-1,
9.969822055985E-1,9.969822055985E-1,9.969822055986E-1,9.969822055985E-1,
9.969822055986E-1,9.969822055986E-1,9.969822055986E-1,9.969822055986E-1,
9.969822055986E-1,9.969822055986E-1),(1.009053383204E0,1.009053383204E0,
1.009053383204E0,1.009053383204E0,1.009053383204E0,1.009053383204E0,
1.009053383204E0,1.009053383204E0,1.009053383204E0,1.009053383204E0,
1.009053383204E0,1.009053383204E0,1.009053383204E0,1.009053383204E0,
1.009053383204E0,1.009053383204E0,1.009053383204E0,1.009053383204E0,
1.009053383204E0,1.009053383204E0,1.009053383204E0,1.009053383204E0,
1.009053383204E0,1.009053383204E0,1.009053383204E0,1.009053383204E0,
1.009053383204E0,1.009053383204E0,1.009053383204E0,1.009053383204E0,
1.009053383204E0,1.009053383204E0,1.009053383204E0,1.009053383204E0)))REPRESENTATION_ITEM('')SURFACE());
#3379=ORIENTED_EDGE('',*,*,#3378,.F.);
#3381=ORIENTED_EDGE('',*,*,#3380,.T.);
#3382=ORIENTED_EDGE('',*,*,#3218,.T.);
#3383=ORIENTED_EDGE('',*,*,#2429,.T.);
#3384=EDGE_LOOP('',(#3379,#3381,#3382,#3383));
#3385=FACE_OUTER_BOUND('',#3384,.F.);
#3386=ADVANCED_FACE('',(#3385),#3377,.F.);
#3387=CARTESIAN_POINT('',(-7.1E0,5.707909059508E0,-9.2E0));
#3388=DIRECTION('',(0.E0,-1.E0,0.E0));
#3389=DIRECTION('',(0.E0,0.E0,1.E0));
#3390=AXIS2_PLACEMENT_3D('',#3387,#3388,#3389);
#3391=CYLINDRICAL_SURFACE('',#3390,8.E-1);
#3392=ORIENTED_EDGE('',*,*,#3378,.T.);
#3393=ORIENTED_EDGE('',*,*,#2427,.F.);
#3394=ORIENTED_EDGE('',*,*,#2846,.T.);
#3396=ORIENTED_EDGE('',*,*,#3395,.T.);
#3398=ORIENTED_EDGE('',*,*,#3397,.T.);
#3399=EDGE_LOOP('',(#3392,#3393,#3394,#3396,#3398));
#3400=FACE_OUTER_BOUND('',#3399,.F.);
#3401=ADVANCED_FACE('',(#3400),#3391,.T.);
#3402=CARTESIAN_POINT('',(-7.9E0,0.E0,-8.4E0));
#3403=DIRECTION('',(0.E0,0.E0,1.E0));
#3404=DIRECTION('',(1.E0,0.E0,0.E0));
#3405=AXIS2_PLACEMENT_3D('',#3402,#3403,#3404);
#3406=PLANE('',#3405);
#3408=ORIENTED_EDGE('',*,*,#3407,.T.);
#3409=ORIENTED_EDGE('',*,*,#3395,.F.);
#3410=ORIENTED_EDGE('',*,*,#2844,.T.);
#3412=ORIENTED_EDGE('',*,*,#3411,.T.);
#3414=ORIENTED_EDGE('',*,*,#3413,.T.);
#3416=ORIENTED_EDGE('',*,*,#3415,.T.);
#3417=EDGE_LOOP('',(#3408,#3409,#3410,#3412,#3414,#3416));
#3418=FACE_OUTER_BOUND('',#3417,.F.);
#3419=ADVANCED_FACE('',(#3418),#3406,.T.);
#3420=CARTESIAN_POINT('',(-7.035702065497E0,1.7E0,-8.1E0));
#3421=DIRECTION('',(0.E0,0.E0,1.E0));
#3422=DIRECTION('',(1.922098816477E-3,9.999981527664E-1,0.E0));
#3423=AXIS2_PLACEMENT_3D('',#3420,#3421,#3422);
#3424=TOROIDAL_SURFACE('',#3423,1.1E0,3.E-1);
#3425=ORIENTED_EDGE('',*,*,#3407,.F.);
#3427=ORIENTED_EDGE('',*,*,#3426,.T.);
#3429=ORIENTED_EDGE('',*,*,#3428,.T.);
#3431=ORIENTED_EDGE('',*,*,#3430,.F.);
#3432=EDGE_LOOP('',(#3425,#3427,#3429,#3431));
#3433=FACE_OUTER_BOUND('',#3432,.F.);
#3434=ADVANCED_FACE('',(#3433),#3424,.F.);
#3435=CARTESIAN_POINT('',(7.037886425497E0,2.8E0,-8.1E0));
#3436=DIRECTION('',(-1.E0,0.E0,0.E0));
#3437=DIRECTION('',(0.E0,0.E0,-1.E0));
#3438=AXIS2_PLACEMENT_3D('',#3435,#3436,#3437);
#3439=CYLINDRICAL_SURFACE('',#3438,3.E-1);
#3440=ORIENTED_EDGE('',*,*,#3415,.F.);
#3442=ORIENTED_EDGE('',*,*,#3441,.T.);
#3444=ORIENTED_EDGE('',*,*,#3443,.T.);
#3445=ORIENTED_EDGE('',*,*,#3426,.F.);
#3446=EDGE_LOOP('',(#3440,#3442,#3444,#3445));
#3447=FACE_OUTER_BOUND('',#3446,.F.);
#3448=ADVANCED_FACE('',(#3447),#3439,.F.);
#3449=CARTESIAN_POINT('',(7.035702065497E0,1.7E0,-8.1E0));
#3450=DIRECTION('',(0.E0,0.E0,-1.E0));
#3451=DIRECTION('',(5.979677682075E-2,9.982105717141E-1,0.E0));
#3452=AXIS2_PLACEMENT_3D('',#3449,#3450,#3451);
#3453=TOROIDAL_SURFACE('',#3452,1.1E0,3.E-1);
#3454=ORIENTED_EDGE('',*,*,#3413,.F.);
#3456=ORIENTED_EDGE('',*,*,#3455,.T.);
#3458=ORIENTED_EDGE('',*,*,#3457,.T.);
#3459=ORIENTED_EDGE('',*,*,#3441,.F.);
#3460=EDGE_LOOP('',(#3454,#3456,#3458,#3459));
#3461=FACE_OUTER_BOUND('',#3460,.F.);
#3462=ADVANCED_FACE('',(#3461),#3453,.F.);
#3463=CARTESIAN_POINT('',(8.138147274241E0,1.836922438672E0,-9.115893203042E0));
#3464=CARTESIAN_POINT('',(8.137334747907E0,1.844792285966E0,-9.114354954238E0));
#3465=CARTESIAN_POINT('',(8.135041119108E0,1.865132226404E0,-9.110030137623E0));
#3466=CARTESIAN_POINT('',(8.130581996583E0,1.897557291026E0,-9.101731618060E0));
#3467=CARTESIAN_POINT('',(8.124341361479E0,1.934542064537E0,-9.090348023890E0));
#3468=CARTESIAN_POINT('',(8.116635027656E0,1.972644625854E0,-9.076621896564E0));
#3469=CARTESIAN_POINT('',(8.107127208105E0,2.012392746708E0,-9.060159893117E0));
#3470=CARTESIAN_POINT('',(8.095555891197E0,2.053673356873E0,-9.040780730808E0));
#3471=CARTESIAN_POINT('',(8.081625250769E0,2.096470975421E0,-9.018320139622E0));
#3472=CARTESIAN_POINT('',(8.064914449579E0,2.141009550155E0,-8.992503639377E0));
#3473=CARTESIAN_POINT('',(8.044715056630E0,2.187911483644E0,-8.962768539900E0));
#3474=CARTESIAN_POINT('',(8.020304845653E0,2.237377490140E0,-8.928754809447E0));
#3475=CARTESIAN_POINT('',(7.991314993612E0,2.288690625566E0,-8.890799880331E0));
#3476=CARTESIAN_POINT('',(7.957903677649E0,2.340474125816E0,-8.849974075263E0));
#3477=CARTESIAN_POINT('',(7.921062299435E0,2.390686265543E0,-8.808172043859E0));
#3478=CARTESIAN_POINT('',(7.881850487223E0,2.437987804861E0,-8.766962816261E0));
#3479=CARTESIAN_POINT('',(7.841392690503E0,2.481482889943E0,-8.727606201972E0));
#3480=CARTESIAN_POINT('',(7.800238931327E0,2.521135481544E0,-8.690557444658E0));
#3481=CARTESIAN_POINT('',(7.758926873829E0,2.556971929466E0,-8.656139356065E0));
#3482=CARTESIAN_POINT('',(7.717778393873E0,2.589216573768E0,-8.624419432742E0));
#3483=CARTESIAN_POINT('',(7.677107832460E0,2.618078046737E0,-8.595422972499E0));
#3484=CARTESIAN_POINT('',(7.637104881812E0,2.643828487346E0,-8.569066332650E0));
#3485=CARTESIAN_POINT('',(7.597959686245E0,2.666708010067E0,-8.545261407974E0));
#3486=CARTESIAN_POINT('',(7.559783770755E0,2.686975013068E0,-8.523871872686E0));
#3487=CARTESIAN_POINT('',(7.522673800320E0,2.704866803682E0,-8.504759239185E0));
#3488=CARTESIAN_POINT('',(7.486663726196E0,2.720622301984E0,-8.487763010044E0));
#3489=CARTESIAN_POINT('',(7.451760879462E0,2.734462921052E0,-8.472724417557E0));
#3490=CARTESIAN_POINT('',(7.417945221907E0,2.746593108777E0,-8.459488817381E0));
#3491=CARTESIAN_POINT('',(7.385178009933E0,2.757198232690E0,-8.447910555974E0));
#3492=CARTESIAN_POINT('',(7.353405391163E0,2.766445107588E0,-8.437854492043E0));
#3493=CARTESIAN_POINT('',(7.322561599624E0,2.774482155916E0,-8.429197583456E0));
#3494=CARTESIAN_POINT('',(7.292572618236E0,2.781440099860E0,-8.421829617319E0));
#3495=CARTESIAN_POINT('',(7.263353059310E0,2.787434286258E0,-8.415651892045E0));
#3496=CARTESIAN_POINT('',(7.234816261313E0,2.792563179261E0,-8.410579910021E0));
#3497=CARTESIAN_POINT('',(7.206870319530E0,2.796910806293E0,-8.406541611709E0));
#3498=CARTESIAN_POINT('',(7.179413731062E0,2.800548530218E0,-8.403476238269E0));
#3499=CARTESIAN_POINT('',(7.152349473255E0,2.803532955878E0,-8.401337186863E0));
#3500=CARTESIAN_POINT('',(7.125601062283E0,2.805906384215E0,-8.400090834499E0));
#3501=CARTESIAN_POINT('',(7.104080268603E0,2.807363901683E0,-8.399783046419E0));
#3502=CARTESIAN_POINT('',(7.091476502210E0,2.808031023247E0,-8.399893418343E0));
#3503=CARTESIAN_POINT('',(7.087689476657E0,2.808214558146E0,-8.399952800031E0));
#3504=CARTESIAN_POINT('',(7.954013415690E0,1.824808570273E0,-9.121584382380E0));
#3505=CARTESIAN_POINT('',(7.953248382803E0,1.831950607263E0,-9.120034200115E0));
#3506=CARTESIAN_POINT('',(7.951090322275E0,1.850386879880E0,-9.115676274321E0));
#3507=CARTESIAN_POINT('',(7.946903375227E0,1.879675071360E0,-9.107316718170E0));
#3508=CARTESIAN_POINT('',(7.941062049215E0,1.912912579304E0,-9.095854535188E0));
#3509=CARTESIAN_POINT('',(7.933875872114E0,1.946948671574E0,-9.082040887354E0));
#3510=CARTESIAN_POINT('',(7.925049352673E0,1.982203655034E0,-9.065483937888E0));
#3511=CARTESIAN_POINT('',(7.914363255678E0,2.018520563323E0,-9.046006251671E0));
#3512=CARTESIAN_POINT('',(7.901574049341E0,2.055836042841E0,-9.023447876548E0));
#3513=CARTESIAN_POINT('',(7.886331614922E0,2.094299987891E0,-8.997538342098E0));
#3514=CARTESIAN_POINT('',(7.868036787383E0,2.134400012171E0,-8.967718450647E0));
#3515=CARTESIAN_POINT('',(7.846096044086E0,2.176254201371E0,-8.933632728973E0));
#3516=CARTESIAN_POINT('',(7.820248754232E0,2.219214401767E0,-8.895623828413E0));
#3517=CARTESIAN_POINT('',(7.790704966634E0,2.262118612984E0,-8.854765579289E0));
#3518=CARTESIAN_POINT('',(7.758394140692E0,2.303303214081E0,-8.812953308019E0));
#3519=CARTESIAN_POINT('',(7.724273970129E0,2.341728223884E0,-8.771753549481E0));
#3520=CARTESIAN_POINT('',(7.689330996430E0,2.376734665479E0,-8.732422359981E0));
#3521=CARTESIAN_POINT('',(7.654038679806E0,2.408358967525E0,-8.695411521402E0));
#3522=CARTESIAN_POINT('',(7.618852060769E0,2.436680664071E0,-8.661040832408E0));
#3523=CARTESIAN_POINT('',(7.584037141147E0,2.461929619495E0,-8.629375408220E0));
#3524=CARTESIAN_POINT('',(7.549850521105E0,2.484317027796E0,-8.600438500072E0));
#3525=CARTESIAN_POINT('',(7.516441566414E0,2.504098180797E0,-8.574144826908E0));
#3526=CARTESIAN_POINT('',(7.483958297004E0,2.521498863505E0,-8.550404813054E0));
#3527=CARTESIAN_POINT('',(7.452481711230E0,2.536754656300E0,-8.529080908635E0));
#3528=CARTESIAN_POINT('',(7.422079104257E0,2.550081195497E0,-8.510033520414E0));
#3529=CARTESIAN_POINT('',(7.392765231233E0,2.561691333258E0,-8.493101232661E0));
#3530=CARTESIAN_POINT('',(7.364532440819E0,2.571780960527E0,-8.478124475497E0));
#3531=CARTESIAN_POINT('',(7.337350464264E0,2.580529617802E0,-8.464947913303E0));
#3532=CARTESIAN_POINT('',(7.311173690316E0,2.588099250852E0,-8.453425291495E0));
#3533=CARTESIAN_POINT('',(7.285944223890E0,2.594634906384E0,-8.443420948618E0));
#3534=CARTESIAN_POINT('',(7.261594668E0,2.600265120978E0,-8.434811394021E0));
#3535=CARTESIAN_POINT('',(7.238051142432E0,2.605102733695E0,-8.427486028777E0));
#3536=CARTESIAN_POINT('',(7.215230920707E0,2.609246801133E0,-8.421345829915E0));
#3537=CARTESIAN_POINT('',(7.193050517068E0,2.612781807271E0,-8.416306023002E0));
#3538=CARTESIAN_POINT('',(7.171422569797E0,2.615779646206E0,-8.412294318830E0));
#3539=CARTESIAN_POINT('',(7.150252500616E0,2.618301060640E0,-8.409249777716E0));
#3540=CARTESIAN_POINT('',(7.129449517864E0,2.620394426808E0,-8.407125640889E0));
#3541=CARTESIAN_POINT('',(7.108938750866E0,2.622096183460E0,-8.405888154020E0));
#3542=CARTESIAN_POINT('',(7.092463985570E0,2.623182484545E0,-8.405582592520E0));
#3543=CARTESIAN_POINT('',(7.082821626220E0,2.623703376657E0,-8.405692165726E0));
#3544=CARTESIAN_POINT('',(7.079924758001E0,2.623849430723E0,-8.405751113435E0));
#3545=CARTESIAN_POINT('',(7.825599335782E0,1.790456151542E0,-8.993466810489E0));
#3546=CARTESIAN_POINT('',(7.825079895941E0,1.795677702972E0,-8.992185269575E0));
#3547=CARTESIAN_POINT('',(7.823612534205E0,1.809189094897E0,-8.988572684483E0));
#3548=CARTESIAN_POINT('',(7.820753661428E0,1.830801002255E0,-8.981587159793E0));
#3549=CARTESIAN_POINT('',(7.816739529310E0,1.855572413359E0,-8.971894136966E0));
#3550=CARTESIAN_POINT('',(7.811763377565E0,1.881238941168E0,-8.960050716102E0));
#3551=CARTESIAN_POINT('',(7.805595843491E0,1.908192466716E0,-8.945631153749E0));
#3552=CARTESIAN_POINT('',(7.798049897740E0,1.936396619943E0,-8.928371398673E0));
#3553=CARTESIAN_POINT('',(7.788911530899E0,1.965876190050E0,-8.908014296750E0));
#3554=CARTESIAN_POINT('',(7.777878909866E0,1.996817696019E0,-8.884199111419E0));
#3555=CARTESIAN_POINT('',(7.764450888352E0,2.029689012320E0,-8.856288023267E0));
#3556=CARTESIAN_POINT('',(7.748104252054E0,2.064668868447E0,-8.823822939391E0));
#3557=CARTESIAN_POINT('',(7.728541610246E0,2.101279812072E0,-8.787029022600E0));
#3558=CARTESIAN_POINT('',(7.705820623055E0,2.138546197692E0,-8.746901141171E0));
#3559=CARTESIAN_POINT('',(7.680577923152E0,2.174978763616E0,-8.705319385700E0));
#3560=CARTESIAN_POINT('',(7.653519362642E0,2.209564208623E0,-8.663906463446E0));
#3561=CARTESIAN_POINT('',(7.625415119826E0,2.241598614304E0,-8.624002921175E0));
#3562=CARTESIAN_POINT('',(7.596648399980E0,2.271008906770E0,-8.586138471080E0));
#3563=CARTESIAN_POINT('',(7.567599332319E0,2.297773016322E0,-8.550700741121E0));
#3564=CARTESIAN_POINT('',(7.538500042315E0,2.322021108155E0,-8.517808454025E0));
#3565=CARTESIAN_POINT('',(7.509579479157E0,2.343876065273E0,-8.487530932727E0));
#3566=CARTESIAN_POINT('',(7.480979702923E0,2.363512531939E0,-8.459819778536E0));
#3567=CARTESIAN_POINT('',(7.452844322446E0,2.381084220245E0,-8.434618517994E0));
#3568=CARTESIAN_POINT('',(7.425261706627E0,2.396761806993E0,-8.411817157493E0));
#3569=CARTESIAN_POINT('',(7.398310519547E0,2.410702547E0,-8.391300993411E0));
#3570=CARTESIAN_POINT('',(7.372024705169E0,2.423067785715E0,-8.372929282505E0));
#3571=CARTESIAN_POINT('',(7.346419299542E0,2.434008016119E0,-8.356560513053E0));
#3572=CARTESIAN_POINT('',(7.321489600332E0,2.443663153536E0,-8.342054911221E0));
#3573=CARTESIAN_POINT('',(7.297217333165E0,2.452160652050E0,-8.329279752843E0));
#3574=CARTESIAN_POINT('',(7.273573183944E0,2.459615700381E0,-8.318111086106E0));
#3575=CARTESIAN_POINT('',(7.250519002553E0,2.466131155234E0,-8.308435517255E0));
#3576=CARTESIAN_POINT('',(7.228010449835E0,2.471797869261E0,-8.300151137608E0));
#3577=CARTESIAN_POINT('',(7.205994595065E0,2.476696372195E0,-8.293166159058E0));
#3578=CARTESIAN_POINT('',(7.184417380202E0,2.480895459860E0,-8.287402038790E0));
#3579=CARTESIAN_POINT('',(7.163220640983E0,2.484453985591E0,-8.282791657910E0));
#3580=CARTESIAN_POINT('',(7.142338782494E0,2.487422156788E0,-8.279278147727E0));
#3581=CARTESIAN_POINT('',(7.121709381012E0,2.489839658966E0,-8.276818259803E0));
#3582=CARTESIAN_POINT('',(7.101285573151E0,2.491735945081E0,-8.275381196426E0));
#3583=CARTESIAN_POINT('',(7.084833805463E0,2.492871113238E0,-8.275025511062E0));
#3584=CARTESIAN_POINT('',(7.075194350606E0,2.493373852814E0,-8.275153064679E0));
#3585=CARTESIAN_POINT('',(7.072297756257E0,2.493510208976E0,-8.275221781954E0));
#3586=CARTESIAN_POINT('',(7.833922276952E0,1.755538337313E0,-8.812370661049E0));
#3587=CARTESIAN_POINT('',(7.833691583573E0,1.758858374220E0,-8.811468848798E0));
#3588=CARTESIAN_POINT('',(7.833034284983E0,1.767530810470E0,-8.808909814198E0));
#3589=CARTESIAN_POINT('',(7.831721494948E0,1.781770038165E0,-8.803866504017E0));
#3590=CARTESIAN_POINT('',(7.829809653524E0,1.798697834359E0,-8.796674216158E0));
#3591=CARTESIAN_POINT('',(7.827339077010E0,1.816972112615E0,-8.787615741280E0));
#3592=CARTESIAN_POINT('',(7.824130643140E0,1.837053301209E0,-8.776217408337E0));
#3593=CARTESIAN_POINT('',(7.819998638996E0,1.859114033860E0,-8.762092732887E0));
#3594=CARTESIAN_POINT('',(7.814717179688E0,1.883347648206E0,-8.744847164334E0));
#3595=CARTESIAN_POINT('',(7.807979821184E0,1.910064859341E0,-8.723992373549E0));
#3596=CARTESIAN_POINT('',(7.799310348091E0,1.939841305759E0,-8.698779408085E0));
#3597=CARTESIAN_POINT('',(7.788153101181E0,1.973021372565E0,-8.668605120550E0));
#3598=CARTESIAN_POINT('',(7.774052169702E0,2.009292523301E0,-8.633528601918E0));
#3599=CARTESIAN_POINT('',(7.756804707710E0,2.047719486027E0,-8.594433106410E0));
#3600=CARTESIAN_POINT('',(7.736708382894E0,2.086673608808E0,-8.553177188549E0));
#3601=CARTESIAN_POINT('',(7.714226187096E0,2.124878859070E0,-8.511462956120E0));
#3602=CARTESIAN_POINT('',(7.689969985137E0,2.161332912370E0,-8.470750384443E0));
#3603=CARTESIAN_POINT('',(7.664275976665E0,2.195740307658E0,-8.431679341401E0));
#3604=CARTESIAN_POINT('',(7.637504353923E0,2.227886685931E0,-8.394733332702E0));
#3605=CARTESIAN_POINT('',(7.609896736514E0,2.257760190530E0,-8.360106856101E0));
#3606=CARTESIAN_POINT('',(7.581701957682E0,2.285360236715E0,-8.327934357588E0));
#3607=CARTESIAN_POINT('',(7.553092401775E0,2.310767901829E0,-8.298219572264E0));
#3608=CARTESIAN_POINT('',(7.524247762814E0,2.334052552849E0,-8.270952817157E0));
#3609=CARTESIAN_POINT('',(7.495297027302E0,2.355318825278E0,-8.246063049862E0));
#3610=CARTESIAN_POINT('',(7.466363794253E0,2.374665715209E0,-8.223470748612E0));
#3611=CARTESIAN_POINT('',(7.437527475015E0,2.392210118476E0,-8.203064391043E0));
#3612=CARTESIAN_POINT('',(7.408849149223E0,2.408065896136E0,-8.184727990908E0));
#3613=CARTESIAN_POINT('',(7.380369347906E0,2.422343620324E0,-8.168343771197E0));
#3614=CARTESIAN_POINT('',(7.352114091090E0,2.435146944533E0,-8.153798133203E0));
#3615=CARTESIAN_POINT('',(7.324097237441E0,2.446571947186E0,-8.140983676862E0));
#3616=CARTESIAN_POINT('',(7.296322309564E0,2.456706212701E0,-8.129801280541E0));
#3617=CARTESIAN_POINT('',(7.268785275911E0,2.465628375397E0,-8.120161319351E0));
#3618=CARTESIAN_POINT('',(7.241471337730E0,2.473409890233E0,-8.111982231780E0));
#3619=CARTESIAN_POINT('',(7.214363550509E0,2.480112054646E0,-8.105194283493E0));
#3620=CARTESIAN_POINT('',(7.187439181035E0,2.485788001277E0,-8.099737663922E0));
#3621=CARTESIAN_POINT('',(7.160665390724E0,2.490484133867E0,-8.095561258778E0));
#3622=CARTESIAN_POINT('',(7.134012363223E0,2.494236468130E0,-8.092626781538E0));
#3623=CARTESIAN_POINT('',(7.107469966603E0,2.497070755006E0,-8.090907613712E0));
#3624=CARTESIAN_POINT('',(7.086003656411E0,2.498644043152E0,-8.090481077500E0));
#3625=CARTESIAN_POINT('',(7.073406771034E0,2.499268159656E0,-8.090634046703E0));
#3626=CARTESIAN_POINT('',(7.069620394307E0,2.499428719310E0,-8.090716573408E0));
#3627=(BOUNDED_SURFACE()B_SPLINE_SURFACE(3,3,((#3463,#3464,#3465,#3466,#3467,
#3468,#3469,#3470,#3471,#3472,#3473,#3474,#3475,#3476,#3477,#3478,#3479,#3480,
#3481,#3482,#3483,#3484,#3485,#3486,#3487,#3488,#3489,#3490,#3491,#3492,#3493,
#3494,#3495,#3496,#3497,#3498,#3499,#3500,#3501,#3502,#3503),(#3504,#3505,#3506,
#3507,#3508,#3509,#3510,#3511,#3512,#3513,#3514,#3515,#3516,#3517,#3518,#3519,
#3520,#3521,#3522,#3523,#3524,#3525,#3526,#3527,#3528,#3529,#3530,#3531,#3532,
#3533,#3534,#3535,#3536,#3537,#3538,#3539,#3540,#3541,#3542,#3543,#3544),(#3545,
#3546,#3547,#3548,#3549,#3550,#3551,#3552,#3553,#3554,#3555,#3556,#3557,#3558,
#3559,#3560,#3561,#3562,#3563,#3564,#3565,#3566,#3567,#3568,#3569,#3570,#3571,
#3572,#3573,#3574,#3575,#3576,#3577,#3578,#3579,#3580,#3581,#3582,#3583,#3584,
#3585),(#3586,#3587,#3588,#3589,#3590,#3591,#3592,#3593,#3594,#3595,#3596,#3597,
#3598,#3599,#3600,#3601,#3602,#3603,#3604,#3605,#3606,#3607,#3608,#3609,#3610,
#3611,#3612,#3613,#3614,#3615,#3616,#3617,#3618,#3619,#3620,#3621,#3622,#3623,
#3624,#3625,#3626)),.UNSPECIFIED.,.F.,.F.,.F.)B_SPLINE_SURFACE_WITH_KNOTS((4,4),
(4,1,1,1,1,1,1,1,1,1,1,1,1,1,1,1,1,1,1,1,1,1,1,1,1,1,1,1,1,1,1,1,1,1,1,1,1,1,4),
(0.E0,1.E0),(-8.559509364717E-3,0.E0,1.386147710753E-2,2.855601118227E-2,
4.467139424017E-2,6.278599144871E-2,8.323077673088E-2,1.059020602292E-1,
1.314838492733E-1,1.606991477585E-1,1.943337483349E-1,2.325405648146E-1,
2.741082248934E-1,3.177338254668E-1,3.610233771002E-1,4.035115332852E-1,
4.445275664232E-1,4.839911671046E-1,5.216921104487E-1,5.576880495548E-1,
5.919438625728E-1,6.245708628867E-1,6.555873036925E-1,6.851099663385E-1,
7.132326907782E-1,7.400676223402E-1,7.657373572067E-1,7.903455539785E-1,
8.139985113354E-1,8.368098015840E-1,8.588716549220E-1,8.802759343349E-1,
9.011333890809E-1,9.215153045566E-1,9.415056093678E-1,9.612203901752E-1,
9.807079932348E-1,1.E0,1.008289020569E0),.UNSPECIFIED.)GEOMETRIC_REPRESENTATION_ITEM()RATIONAL_B_SPLINE_SURFACE(((1.187262886559E0,1.187262886559E0,
1.187262886559E0,1.187262886559E0,1.187262886559E0,1.187262886559E0,
1.187262886559E0,1.187262886559E0,1.187262886559E0,1.187262886559E0,
1.187262886559E0,1.187262886559E0,1.187262886559E0,1.187262886559E0,
1.187262886559E0,1.187262886559E0,1.187262886559E0,1.187262886559E0,
1.187262886559E0,1.187262886559E0,1.187262886559E0,1.187262886559E0,
1.187262886559E0,1.187262886559E0,1.187262886559E0,1.187262886559E0,
1.187262886559E0,1.187262886559E0,1.187262886559E0,1.187262886559E0,
1.187262886559E0,1.187262886559E0,1.187262886559E0,1.187262886559E0,
1.187262886559E0,1.187262886559E0,1.187262886559E0,1.187262886559E0,
1.187262886559E0,1.187262886559E0,1.187262886559E0),(9.375790378135E-1,
9.375790378135E-1,9.375790378135E-1,9.375790378135E-1,9.375790378135E-1,
9.375790378135E-1,9.375790378135E-1,9.375790378135E-1,9.375790378135E-1,
9.375790378135E-1,9.375790378135E-1,9.375790378135E-1,9.375790378135E-1,
9.375790378135E-1,9.375790378135E-1,9.375790378135E-1,9.375790378135E-1,
9.375790378135E-1,9.375790378135E-1,9.375790378135E-1,9.375790378135E-1,
9.375790378135E-1,9.375790378135E-1,9.375790378135E-1,9.375790378135E-1,
9.375790378135E-1,9.375790378135E-1,9.375790378135E-1,9.375790378135E-1,
9.375790378135E-1,9.375790378135E-1,9.375790378135E-1,9.375790378135E-1,
9.375790378135E-1,9.375790378135E-1,9.375790378135E-1,9.375790378135E-1,
9.375790378135E-1,9.375790378135E-1,9.375790378135E-1,9.375790378135E-1),(
9.375790378135E-1,9.375790378135E-1,9.375790378135E-1,9.375790378135E-1,
9.375790378135E-1,9.375790378135E-1,9.375790378135E-1,9.375790378135E-1,
9.375790378135E-1,9.375790378135E-1,9.375790378135E-1,9.375790378135E-1,
9.375790378135E-1,9.375790378135E-1,9.375790378135E-1,9.375790378135E-1,
9.375790378135E-1,9.375790378135E-1,9.375790378135E-1,9.375790378135E-1,
9.375790378135E-1,9.375790378135E-1,9.375790378135E-1,9.375790378135E-1,
9.375790378135E-1,9.375790378135E-1,9.375790378135E-1,9.375790378135E-1,
9.375790378135E-1,9.375790378135E-1,9.375790378135E-1,9.375790378135E-1,
9.375790378135E-1,9.375790378135E-1,9.375790378135E-1,9.375790378135E-1,
9.375790378135E-1,9.375790378135E-1,9.375790378135E-1,9.375790378135E-1,
9.375790378135E-1),(1.187262886559E0,1.187262886559E0,1.187262886559E0,
1.187262886559E0,1.187262886559E0,1.187262886559E0,1.187262886559E0,
1.187262886559E0,1.187262886559E0,1.187262886559E0,1.187262886559E0,
1.187262886559E0,1.187262886559E0,1.187262886559E0,1.187262886559E0,
1.187262886559E0,1.187262886559E0,1.187262886559E0,1.187262886559E0,
1.187262886559E0,1.187262886559E0,1.187262886559E0,1.187262886559E0,
1.187262886559E0,1.187262886559E0,1.187262886559E0,1.187262886559E0,
1.187262886559E0,1.187262886559E0,1.187262886559E0,1.187262886559E0,
1.187262886559E0,1.187262886559E0,1.187262886559E0,1.187262886559E0,
1.187262886559E0,1.187262886559E0,1.187262886559E0,1.187262886559E0,
1.187262886559E0,1.187262886559E0)))REPRESENTATION_ITEM('')SURFACE());
#3629=ORIENTED_EDGE('',*,*,#3628,.F.);
#3631=ORIENTED_EDGE('',*,*,#3630,.T.);
#3633=ORIENTED_EDGE('',*,*,#3632,.T.);
#3634=ORIENTED_EDGE('',*,*,#3455,.F.);
#3635=EDGE_LOOP('',(#3629,#3631,#3633,#3634));
#3636=FACE_OUTER_BOUND('',#3635,.F.);
#3637=ADVANCED_FACE('',(#3636),#3627,.F.);
#3638=CARTESIAN_POINT('',(7.1E0,5.710079487750E0,-9.2E0));
#3639=DIRECTION('',(0.E0,-1.E0,0.E0));
#3640=DIRECTION('',(1.E0,0.E0,0.E0));
#3641=AXIS2_PLACEMENT_3D('',#3638,#3639,#3640);
#3642=CYLINDRICAL_SURFACE('',#3641,8.E-1);
#3643=ORIENTED_EDGE('',*,*,#3628,.T.);
#3644=ORIENTED_EDGE('',*,*,#3411,.F.);
#3645=ORIENTED_EDGE('',*,*,#2842,.T.);
#3647=ORIENTED_EDGE('',*,*,#3646,.T.);
#3649=ORIENTED_EDGE('',*,*,#3648,.T.);
#3650=EDGE_LOOP('',(#3643,#3644,#3645,#3647,#3649));
#3651=FACE_OUTER_BOUND('',#3650,.F.);
#3652=ADVANCED_FACE('',(#3651),#3642,.T.);
#3653=CARTESIAN_POINT('',(7.9E0,0.E0,1.09E1));
#3654=DIRECTION('',(1.E0,0.E0,0.E0));
#3655=DIRECTION('',(0.E0,0.E0,-1.E0));
#3656=AXIS2_PLACEMENT_3D('',#3653,#3654,#3655);
#3657=PLANE('',#3656);
#3659=ORIENTED_EDGE('',*,*,#3658,.F.);
#3661=ORIENTED_EDGE('',*,*,#3660,.F.);
#3663=ORIENTED_EDGE('',*,*,#3662,.F.);
#3664=ORIENTED_EDGE('',*,*,#2869,.T.);
#3666=ORIENTED_EDGE('',*,*,#3665,.T.);
#3668=ORIENTED_EDGE('',*,*,#3667,.F.);
#3670=ORIENTED_EDGE('',*,*,#3669,.F.);
#3672=ORIENTED_EDGE('',*,*,#3671,.F.);
#3673=ORIENTED_EDGE('',*,*,#3646,.F.);
#3674=ORIENTED_EDGE('',*,*,#2840,.T.);
#3676=ORIENTED_EDGE('',*,*,#3675,.T.);
#3677=ORIENTED_EDGE('',*,*,#2238,.F.);
#3679=ORIENTED_EDGE('',*,*,#3678,.T.);
#3680=ORIENTED_EDGE('',*,*,#2823,.T.);
#3682=ORIENTED_EDGE('',*,*,#3681,.T.);
#3684=ORIENTED_EDGE('',*,*,#3683,.F.);
#3685=EDGE_LOOP('',(#3659,#3661,#3663,#3664,#3666,#3668,#3670,#3672,#3673,#3674,
#3676,#3677,#3679,#3680,#3682,#3684));
#3686=FACE_OUTER_BOUND('',#3685,.F.);
#3687=ADVANCED_FACE('',(#3686),#3657,.T.);
#3688=CARTESIAN_POINT('',(7.9E0,1.E0,-1.308E1));
#3689=DIRECTION('',(-9.961946980917E-1,-8.715574274766E-2,0.E0));
#3690=DIRECTION('',(-8.715574274766E-2,9.961946980917E-1,0.E0));
#3691=AXIS2_PLACEMENT_3D('',#3688,#3689,#3690);
#3692=PLANE('',#3691);
#3694=ORIENTED_EDGE('',*,*,#3693,.F.);
#3695=ORIENTED_EDGE('',*,*,#3669,.T.);
#3697=ORIENTED_EDGE('',*,*,#3696,.F.);
#3699=ORIENTED_EDGE('',*,*,#3698,.T.);
#3700=EDGE_LOOP('',(#3694,#3695,#3697,#3699));
#3701=FACE_OUTER_BOUND('',#3700,.F.);
#3702=ADVANCED_FACE('',(#3701),#3692,.F.);
#3703=CARTESIAN_POINT('',(7.9E0,1.E0,-1.308E1));
#3704=DIRECTION('',(-9.961946980917E-1,-8.715574274766E-2,0.E0));
#3705=DIRECTION('',(-8.715574274766E-2,9.961946980917E-1,0.E0));
#3706=AXIS2_PLACEMENT_3D('',#3703,#3704,#3705);
#3707=PLANE('',#3706);
#3709=ORIENTED_EDGE('',*,*,#3708,.F.);
#3710=ORIENTED_EDGE('',*,*,#3658,.T.);
#3712=ORIENTED_EDGE('',*,*,#3711,.F.);
#3714=ORIENTED_EDGE('',*,*,#3713,.T.);
#3715=EDGE_LOOP('',(#3709,#3710,#3712,#3714));
#3716=FACE_OUTER_BOUND('',#3715,.F.);
#3717=ADVANCED_FACE('',(#3716),#3707,.F.);
#3718=CARTESIAN_POINT('',(7.900005568839E0,1.015327138722E0,-9.201968045902E0));
#3719=CARTESIAN_POINT('',(7.900008646164E0,1.015276719859E0,-9.200715099196E0));
#3720=CARTESIAN_POINT('',(7.900008962781E0,1.015271537684E0,-9.197885124547E0));
#3721=CARTESIAN_POINT('',(7.899985852595E0,1.015650158685E0,-9.193436782750E0));
#3722=CARTESIAN_POINT('',(7.899931560115E0,1.016539279967E0,-9.188577212177E0));
#3723=CARTESIAN_POINT('',(7.899844620395E0,1.017961997743E0,-9.183559432521E0));
#3724=CARTESIAN_POINT('',(7.899720819657E0,1.019985827873E0,-9.178336898945E0));
#3725=CARTESIAN_POINT('',(7.899554355151E0,1.022703536219E0,-9.172856155279E0));
#3726=CARTESIAN_POINT('',(7.899337685118E0,1.026235393107E0,-9.167064012045E0));
#3727=CARTESIAN_POINT('',(7.899061168605E0,1.030734838563E0,-9.160901710693E0));
#3728=CARTESIAN_POINT('',(7.898712007077E0,1.036405446435E0,-9.154294181343E0));
#3729=CARTESIAN_POINT('',(7.898273846674E0,1.043506968782E0,-9.147162665530E0));
#3730=CARTESIAN_POINT('',(7.897731377107E0,1.052280601332E0,-9.139496885490E0));
#3731=CARTESIAN_POINT('',(7.897076964669E0,1.062842580675E0,-9.131395325387E0));
#3732=CARTESIAN_POINT('',(7.896309783325E0,1.075199945219E0,-9.122989455429E0));
#3733=CARTESIAN_POINT('',(7.895425205520E0,1.089422120499E0,-9.114323525772E0));
#3734=CARTESIAN_POINT('',(7.894407944780E0,1.105750042379E0,-9.105341253294E0));
#3735=CARTESIAN_POINT('',(7.893234122522E0,1.124561672245E0,-9.095946771062E0));
#3736=CARTESIAN_POINT('',(7.891879340024E0,1.146242192241E0,-9.086078155339E0));
#3737=CARTESIAN_POINT('',(7.890325241305E0,1.171079369979E0,-9.075739647770E0));
#3738=CARTESIAN_POINT('',(7.888564029776E0,1.199192331782E0,-9.065002718464E0));
#3739=CARTESIAN_POINT('',(7.886598065120E0,1.230539025639E0,-9.053975838858E0));
#3740=CARTESIAN_POINT('',(7.884428967924E0,1.265090344955E0,-9.042734201206E0));
#3741=CARTESIAN_POINT('',(7.882046127992E0,1.303012580206E0,-9.031277167746E0));
#3742=CARTESIAN_POINT('',(7.879425537458E0,1.344684949413E0,-9.019549688900E0));
#3743=CARTESIAN_POINT('',(7.876535277076E0,1.390611718209E0,-9.007482345502E0));
#3744=CARTESIAN_POINT('',(7.873342811487E0,1.441306153221E0,-8.995024044620E0));
#3745=CARTESIAN_POINT('',(7.869816075641E0,1.497273411951E0,-8.982142063630E0));
#3746=CARTESIAN_POINT('',(7.865922609301E0,1.559024417508E0,-8.968815035229E0));
#3747=CARTESIAN_POINT('',(7.861625569266E0,1.627139142962E0,-8.955018154704E0));
#3748=CARTESIAN_POINT('',(7.856882473366E0,1.702286391038E0,-8.940722203854E0));
#3749=CARTESIAN_POINT('',(7.853087012101E0,1.762391185477E0,-8.929977954311E0));
#3750=CARTESIAN_POINT('',(7.850868833348E0,1.797508669298E0,-8.923929043389E0));
#3751=CARTESIAN_POINT('',(7.850394225242E0,1.805022090887E0,-8.922644943803E0));
#3752=CARTESIAN_POINT('',(7.899724178948E0,9.771693136305E-1,
-9.203074895628E0));
#3753=CARTESIAN_POINT('',(7.899730834754E0,9.770984722853E-1,
-9.201117891853E0));
#3754=CARTESIAN_POINT('',(7.899731517585E0,9.770911277030E-1,
-9.196693698096E0));
#3755=CARTESIAN_POINT('',(7.899681534217E0,9.776233892809E-1,
-9.189752480944E0));
#3756=CARTESIAN_POINT('',(7.899564996828E0,9.788659253830E-1,
-9.182226535611E0));
#3757=CARTESIAN_POINT('',(7.899380864609E0,9.808339043454E-1,
-9.174555996018E0));
#3758=CARTESIAN_POINT('',(7.899123578548E0,9.835934876271E-1,
-9.166716905760E0));
#3759=CARTESIAN_POINT('',(7.898785895004E0,9.872327623806E-1,
-9.158678111425E0));
#3760=CARTESIAN_POINT('',(7.898358953021E0,9.918623835232E-1,
-9.150411974371E0));
#3761=CARTESIAN_POINT('',(7.897831913929E0,9.976211668566E-1,
-9.141884117903E0));
#3762=CARTESIAN_POINT('',(7.897190364366E0,1.004695764628E0,-9.133038320650E0));
#3763=CARTESIAN_POINT('',(7.896416289461E0,1.013324482956E0,-9.123815171901E0));
#3764=CARTESIAN_POINT('',(7.895496365010E0,1.023707331493E0,-9.114239581355E0));
#3765=CARTESIAN_POINT('',(7.894431168642E0,1.035896680477E0,-9.104451005353E0));
#3766=CARTESIAN_POINT('',(7.893230278624E0,1.049839695326E0,-9.094596612712E0));
#3767=CARTESIAN_POINT('',(7.891894564466E0,1.065577008136E0,-9.084701140204E0));
#3768=CARTESIAN_POINT('',(7.890408177147E0,1.083346428036E0,-9.074674590186E0));
#3769=CARTESIAN_POINT('',(7.888743963468E0,1.103530752883E0,-9.064391020658E0));
#3770=CARTESIAN_POINT('',(7.886875613223E0,1.126515211744E0,-9.053768404576E0));
#3771=CARTESIAN_POINT('',(7.884786000714E0,1.152580857203E0,-9.042798385398E0));
#3772=CARTESIAN_POINT('',(7.882471731877E0,1.181837060048E0,-9.031542550421E0));
#3773=CARTESIAN_POINT('',(7.879941131554E0,1.214234611582E0,-9.020098622893E0));
#3774=CARTESIAN_POINT('',(7.877199780689E0,1.249745575549E0,-9.008528665255E0));
#3775=CARTESIAN_POINT('',(7.874236999599E0,1.288545433739E0,-8.996818378962E0));
#3776=CARTESIAN_POINT('',(7.871025921919E0,1.331025217663E0,-8.984901309148E0));
#3777=CARTESIAN_POINT('',(7.867531073578E0,1.377699595226E0,-8.972699770601E0));
#3778=CARTESIAN_POINT('',(7.863717314132E0,1.429089203475E0,-8.960157098589E0));
#3779=CARTESIAN_POINT('',(7.859550906332E0,1.485704420052E0,-8.947236759017E0));
#3780=CARTESIAN_POINT('',(7.854998286763E0,1.548060210017E0,-8.933914704223E0));
#3781=CARTESIAN_POINT('',(7.850021342033E0,1.616740333768E0,-8.920164299241E0));
#3782=CARTESIAN_POINT('',(7.844576110897E0,1.692417090542E0,-8.905955322670E0));
#3783=CARTESIAN_POINT('',(7.840254585682E0,1.752881859101E0,-8.895303278761E0));
#3784=CARTESIAN_POINT('',(7.837740734377E0,1.788190648524E0,-8.889314622018E0));
#3785=CARTESIAN_POINT('',(7.837203380954E0,1.795744180369E0,-8.888043685754E0));
#3786=CARTESIAN_POINT('',(7.906647074766E0,9.396436895556E-1,
-9.204181689991E0));
#3787=CARTESIAN_POINT('',(7.906657279306E0,9.395527640899E-1,
-9.201520654549E0));
#3788=CARTESIAN_POINT('',(7.906658325323E0,9.395432929265E-1,
-9.195502363213E0));
#3789=CARTESIAN_POINT('',(7.906581692156E0,9.402266495554E-1,
-9.186068252678E0));
#3790=CARTESIAN_POINT('',(7.906403420397E0,9.418167450808E-1,
-9.175874998641E0));
#3791=CARTESIAN_POINT('',(7.906122873381E0,9.443209513121E-1,
-9.165549122799E0));
#3792=CARTESIAN_POINT('',(7.905733130530E0,9.478040977445E-1,
-9.155088475701E0));
#3793=CARTESIAN_POINT('',(7.905225478224E0,9.523496703416E-1,
-9.144483367603E0));
#3794=CARTESIAN_POINT('',(7.904589689611E0,9.580588679173E-1,
-9.133730821873E0));
#3795=CARTESIAN_POINT('',(7.903813660759E0,9.650561243470E-1,
-9.122819923489E0));
#3796=CARTESIAN_POINT('',(7.902881274226E0,9.735114506339E-1,
-9.111712321432E0));
#3797=CARTESIAN_POINT('',(7.901772733608E0,9.836420622728E-1,
-9.100366933375E0));
#3798=CARTESIAN_POINT('',(7.900476531120E0,9.956074652138E-1,
-9.088843199158E0));
#3799=CARTESIAN_POINT('',(7.899001255219E0,1.009397221488E0,-9.077321775940E0));
#3800=CARTESIAN_POINT('',(7.897366714030E0,1.024899615496E0,-9.065966462340E0));
#3801=CARTESIAN_POINT('',(7.895579144243E0,1.042126962951E0,-9.054783193208E0));
#3802=CARTESIAN_POINT('',(7.893622005746E0,1.061313998049E0,-9.043648291034E0));
#3803=CARTESIAN_POINT('',(7.891464708393E0,1.082848274989E0,-9.032405358747E0));
#3804=CARTESIAN_POINT('',(7.889078841592E0,1.107115068983E0,-9.020952031403E0));
#3805=CARTESIAN_POINT('',(7.886448324985E0,1.134388828839E0,-9.009267594669E0));
#3806=CARTESIAN_POINT('',(7.883574026198E0,1.164769331443E0,-8.997404554873E0));
#3807=CARTESIAN_POINT('',(7.880470160715E0,1.198200329984E0,-8.985451035811E0));
#3808=CARTESIAN_POINT('',(7.877146220849E0,1.234655039155E0,-8.973456857573E0));
#3809=CARTESIAN_POINT('',(7.873591363059E0,1.274317979776E0,-8.961394274373E0));
#3810=CARTESIAN_POINT('',(7.869775692303E0,1.317591801126E0,-8.949185113707E0));
#3811=CARTESIAN_POINT('',(7.865659949485E0,1.365001401030E0,-8.936742932255E0));
#3812=CARTESIAN_POINT('',(7.861206138084E0,1.417074664847E0,-8.924005123106E0));
#3813=CARTESIAN_POINT('',(7.856378586923E0,1.474327103869E0,-8.910931107381E0));
#3814=CARTESIAN_POINT('',(7.851142354984E0,1.537277658139E0,-8.897494007788E0));
#3815=CARTESIAN_POINT('',(7.845457747498E0,1.606513812636E0,-8.883665165253E0));
#3816=CARTESIAN_POINT('',(7.839278965562E0,1.682711305178E0,-8.869413108324E0));
#3817=CARTESIAN_POINT('',(7.834405662926E0,1.743530083785E0,-8.858755095500E0));
#3818=CARTESIAN_POINT('',(7.831580922359E0,1.779027009248E0,-8.852771287667E0));
#3819=CARTESIAN_POINT('',(7.830977559496E0,1.786619986800E0,-8.851501746986E0));
#3820=CARTESIAN_POINT('',(7.920525802956E0,9.040970102342E-1,
-9.205248707644E0));
#3821=CARTESIAN_POINT('',(7.920539399124E0,9.039870598007E-1,
-9.201908932676E0));
#3822=CARTESIAN_POINT('',(7.920540792262E0,9.039755742031E-1,
-9.194353875292E0));
#3823=CARTESIAN_POINT('',(7.920438689106E0,9.048020577609E-1,
-9.182516319904E0));
#3824=CARTESIAN_POINT('',(7.920201409076E0,9.067213838766E-1,
-9.169750549312E0));
#3825=CARTESIAN_POINT('',(7.919828685161E0,9.097335389892E-1,
-9.156862057324E0));
#3826=CARTESIAN_POINT('',(7.919312267751E0,9.139020908725E-1,
-9.143868937345E0));
#3827=CARTESIAN_POINT('',(7.918641996906E0,9.193061669485E-1,
-9.130781353911E0));
#3828=CARTESIAN_POINT('',(7.917806282203E0,9.260380086032E-1,
-9.117619218484E0));
#3829=CARTESIAN_POINT('',(7.916791732318E0,9.342084262283E-1,
-9.104393315524E0));
#3830=CARTESIAN_POINT('',(7.915580497624E0,9.439716671727E-1,
-9.091081544866E0));
#3831=CARTESIAN_POINT('',(7.914150943602E0,9.555249685396E-1,
-9.077659475420E0));
#3832=CARTESIAN_POINT('',(7.912493144033E0,9.689894685724E-1,
-9.064219180603E0));
#3833=CARTESIAN_POINT('',(7.910623210193E0,9.842952333363E-1,
-9.050981268387E0));
#3834=CARTESIAN_POINT('',(7.908570638489E0,1.001274771357E0,-9.038126501568E0));
#3835=CARTESIAN_POINT('',(7.906346710282E0,1.019913575251E0,-9.025643399311E0));
#3836=CARTESIAN_POINT('',(7.903934090630E0,1.040443466441E0,-9.013375847621E0));
#3837=CARTESIAN_POINT('',(7.901298713452E0,1.063256504634E0,-9.001137707341E0));
#3838=CARTESIAN_POINT('',(7.898409954254E0,1.088738008760E0,-8.988806770930E0));
#3839=CARTESIAN_POINT('',(7.895252555556E0,1.117156172103E0,-8.976350650168E0));
#3840=CARTESIAN_POINT('',(7.891831352892E0,1.148601683592E0,-8.963813898165E0));
#3841=CARTESIAN_POINT('',(7.888166166464E0,1.183011629459E0,-8.951276532506E0));
#3842=CARTESIAN_POINT('',(7.884270210594E0,1.220360314651E0,-8.938777457755E0));
#3843=CARTESIAN_POINT('',(7.880132389393E0,1.260840822340E0,-8.926276177031E0));
#3844=CARTESIAN_POINT('',(7.875719717655E0,1.304866806896E0,-8.913682908375E0));
#3845=CARTESIAN_POINT('',(7.870989056902E0,1.352972856585E0,-8.900902272609E0));
#3846=CARTESIAN_POINT('',(7.865899406046E0,1.405693722829E0,-8.887865563522E0));
#3847=CARTESIAN_POINT('',(7.860412967654E0,1.463549779844E0,-8.874528069302E0));
#3848=CARTESIAN_POINT('',(7.854493198125E0,1.527063733034E0,-8.860860035307E0));
#3849=CARTESIAN_POINT('',(7.848098566877E0,1.596826595535E0,-8.846830657139E0));
#3850=CARTESIAN_POINT('',(7.841181144721E0,1.673517362415E0,-8.832407011309E0));
#3851=CARTESIAN_POINT('',(7.835750153737E0,1.734671482058E0,-8.821645069240E0));
#3852=CARTESIAN_POINT('',(7.832610464589E0,1.770346622052E0,-8.815610531029E0));
#3853=CARTESIAN_POINT('',(7.831940197155E0,1.777976965109E0,-8.814330568102E0));
#3854=(BOUNDED_SURFACE()B_SPLINE_SURFACE(3,3,((#3718,#3719,#3720,#3721,#3722,
#3723,#3724,#3725,#3726,#3727,#3728,#3729,#3730,#3731,#3732,#3733,#3734,#3735,
#3736,#3737,#3738,#3739,#3740,#3741,#3742,#3743,#3744,#3745,#3746,#3747,#3748,
#3749,#3750,#3751),(#3752,#3753,#3754,#3755,#3756,#3757,#3758,#3759,#3760,#3761,
#3762,#3763,#3764,#3765,#3766,#3767,#3768,#3769,#3770,#3771,#3772,#3773,#3774,
#3775,#3776,#3777,#3778,#3779,#3780,#3781,#3782,#3783,#3784,#3785),(#3786,#3787,
#3788,#3789,#3790,#3791,#3792,#3793,#3794,#3795,#3796,#3797,#3798,#3799,#3800,
#3801,#3802,#3803,#3804,#3805,#3806,#3807,#3808,#3809,#3810,#3811,#3812,#3813,
#3814,#3815,#3816,#3817,#3818,#3819),(#3820,#3821,#3822,#3823,#3824,#3825,#3826,
#3827,#3828,#3829,#3830,#3831,#3832,#3833,#3834,#3835,#3836,#3837,#3838,#3839,
#3840,#3841,#3842,#3843,#3844,#3845,#3846,#3847,#3848,#3849,#3850,#3851,#3852,
#3853)),.UNSPECIFIED.,.F.,.F.,.F.)B_SPLINE_SURFACE_WITH_KNOTS((4,4),(4,1,1,1,1,
1,1,1,1,1,1,1,1,1,1,1,1,1,1,1,1,1,1,1,1,1,1,1,1,1,1,4),(0.E0,1.E0),(
2.376860874288E-4,1.248783410909E-3,2.518982214169E-3,3.830601834559E-3,
5.202740345457E-3,6.654983014407E-3,8.216768916974E-3,9.920749283317E-3,
1.179707048227E-2,1.389377925793E-2,1.627678913703E-2,1.900576426482E-2,
2.208763204921E-2,2.548158113477E-2,2.918749299827E-2,3.328932713883E-2,
3.787898284236E-2,4.304413183859E-2,4.885932729096E-2,5.533996164007E-2,
6.245842339242E-2,7.018766322556E-2,7.856108352759E-2,8.768513985425E-2,
9.767060374872E-2,1.086273098530E-1,1.206624431362E-1,1.338780205268E-1,
1.483853637501E-1,1.643343748396E-1,1.818820609504E-1,1.866561413754E-1),
.UNSPECIFIED.)GEOMETRIC_REPRESENTATION_ITEM()RATIONAL_B_SPLINE_SURFACE(((
1.009053389286E0,1.009053389286E0,1.009053389286E0,1.009053389286E0,
1.009053389286E0,1.009053389286E0,1.009053389286E0,1.009053389286E0,
1.009053389286E0,1.009053389286E0,1.009053389286E0,1.009053389286E0,
1.009053389286E0,1.009053389286E0,1.009053389286E0,1.009053389286E0,
1.009053389286E0,1.009053389286E0,1.009053389286E0,1.009053389286E0,
1.009053389286E0,1.009053389286E0,1.009053389286E0,1.009053389286E0,
1.009053389286E0,1.009053389286E0,1.009053389286E0,1.009053389286E0,
1.009053389286E0,1.009053389286E0,1.009053389286E0,1.009053389286E0,
1.009053389286E0,1.009053389286E0),(9.969822035713E-1,9.969822035713E-1,
9.969822035713E-1,9.969822035713E-1,9.969822035713E-1,9.969822035713E-1,
9.969822035713E-1,9.969822035713E-1,9.969822035713E-1,9.969822035713E-1,
9.969822035713E-1,9.969822035713E-1,9.969822035713E-1,9.969822035713E-1,
9.969822035713E-1,9.969822035713E-1,9.969822035713E-1,9.969822035713E-1,
9.969822035713E-1,9.969822035713E-1,9.969822035713E-1,9.969822035713E-1,
9.969822035713E-1,9.969822035713E-1,9.969822035713E-1,9.969822035713E-1,
9.969822035713E-1,9.969822035713E-1,9.969822035713E-1,9.969822035713E-1,
9.969822035713E-1,9.969822035713E-1,9.969822035713E-1,9.969822035713E-1),(
9.969822035713E-1,9.969822035713E-1,9.969822035713E-1,9.969822035713E-1,
9.969822035713E-1,9.969822035713E-1,9.969822035713E-1,9.969822035713E-1,
9.969822035713E-1,9.969822035713E-1,9.969822035713E-1,9.969822035713E-1,
9.969822035713E-1,9.969822035713E-1,9.969822035713E-1,9.969822035713E-1,
9.969822035713E-1,9.969822035713E-1,9.969822035713E-1,9.969822035713E-1,
9.969822035713E-1,9.969822035713E-1,9.969822035713E-1,9.969822035713E-1,
9.969822035713E-1,9.969822035713E-1,9.969822035713E-1,9.969822035713E-1,
9.969822035713E-1,9.969822035713E-1,9.969822035713E-1,9.969822035713E-1,
9.969822035713E-1,9.969822035713E-1),(1.009053389286E0,1.009053389286E0,
1.009053389286E0,1.009053389286E0,1.009053389286E0,1.009053389286E0,
1.009053389286E0,1.009053389286E0,1.009053389286E0,1.009053389286E0,
1.009053389286E0,1.009053389286E0,1.009053389286E0,1.009053389286E0,
1.009053389286E0,1.009053389286E0,1.009053389286E0,1.009053389286E0,
1.009053389286E0,1.009053389286E0,1.009053389286E0,1.009053389286E0,
1.009053389286E0,1.009053389286E0,1.009053389286E0,1.009053389286E0,
1.009053389286E0,1.009053389286E0,1.009053389286E0,1.009053389286E0,
1.009053389286E0,1.009053389286E0,1.009053389286E0,1.009053389286E0)))REPRESENTATION_ITEM('')SURFACE());
#3855=ORIENTED_EDGE('',*,*,#3693,.T.);
#3856=ORIENTED_EDGE('',*,*,#3630,.F.);
#3857=ORIENTED_EDGE('',*,*,#3648,.F.);
#3858=ORIENTED_EDGE('',*,*,#3671,.T.);
#3859=EDGE_LOOP('',(#3855,#3856,#3857,#3858));
#3860=FACE_OUTER_BOUND('',#3859,.F.);
#3861=ADVANCED_FACE('',(#3860),#3854,.F.);
#3862=CARTESIAN_POINT('',(7.850394220124E0,1.805022093392E0,-1.977355089086E0));
#3863=CARTESIAN_POINT('',(7.850993320964E0,1.795537854085E0,-1.975734166447E0));
#3864=CARTESIAN_POINT('',(7.853324177522E0,1.758635951402E0,-1.969364892084E0));
#3865=CARTESIAN_POINT('',(7.857219895235E0,1.696941558161E0,-1.958289671022E0));
#3866=CARTESIAN_POINT('',(7.861927591460E0,1.622352679523E0,-1.944039712360E0));
#3867=CARTESIAN_POINT('',(7.866189902481E0,1.554786098673E0,-1.930296236206E0));
#3868=CARTESIAN_POINT('',(7.870049591038E0,1.493568584220E0,-1.917029620622E0));
#3869=CARTESIAN_POINT('',(7.873543709503E0,1.438116864215E0,-1.904214847934E0));
#3870=CARTESIAN_POINT('',(7.876704997104E0,1.387915603795E0,-1.891829990300E0));
#3871=CARTESIAN_POINT('',(7.879565946718E0,1.342452855647E0,-1.879840841406E0));
#3872=CARTESIAN_POINT('',(7.882159384163E0,1.301210728514E0,-1.868194982830E0));
#3873=CARTESIAN_POINT('',(7.884517288283E0,1.263683991612E0,-1.856822435351E0));
#3874=CARTESIAN_POINT('',(7.886663154425E0,1.229501576130E0,-1.845670628253E0));
#3875=CARTESIAN_POINT('',(7.888607268895E0,1.198502375824E0,-1.834741567827E0));
#3876=CARTESIAN_POINT('',(7.890348262693E0,1.170711526888E0,-1.824110641845E0));
#3877=CARTESIAN_POINT('',(7.891884814348E0,1.146154501161E0,-1.813880528367E0));
#3878=CARTESIAN_POINT('',(7.893225017098E0,1.124707347044E0,-1.804119351120E0));
#3879=CARTESIAN_POINT('',(7.894386259347E0,1.106097682726E0,-1.794836840892E0));
#3880=CARTESIAN_POINT('',(7.895390834023E0,1.089974072309E0,-1.785989891723E0));
#3881=CARTESIAN_POINT('',(7.896260616859E0,1.075990873554E0,-1.777509454421E0));
#3882=CARTESIAN_POINT('',(7.897012402321E0,1.063883170615E0,-1.769340275486E0));
#3883=CARTESIAN_POINT('',(7.897656858312E0,1.053484188551E0,-1.761468911383E0));
#3884=CARTESIAN_POINT('',(7.898200694630E0,1.044691090134E0,-1.753929547915E0));
#3885=CARTESIAN_POINT('',(7.898650927762E0,1.037396310026E0,-1.746767563356E0));
#3886=CARTESIAN_POINT('',(7.899016267361E0,1.031464753691E0,-1.740015941452E0));
#3887=CARTESIAN_POINT('',(7.899306797101E0,1.026738445869E0,-1.733687049503E0));
#3888=CARTESIAN_POINT('',(7.899533431961E0,1.023044862294E0,-1.727761087603E0));
#3889=CARTESIAN_POINT('',(7.899706809327E0,1.020214709494E0,-1.722181619185E0));
#3890=CARTESIAN_POINT('',(7.899835588854E0,1.018109712078E0,-1.716881820270E0));
#3891=CARTESIAN_POINT('',(7.899926136427E0,1.016628058768E0,-1.711803744935E0));
#3892=CARTESIAN_POINT('',(7.899983061566E0,1.015695863527E0,-1.706902772888E0));
#3893=CARTESIAN_POINT('',(7.900008658248E0,1.015276511924E0,-1.702330179703E0));
#3894=CARTESIAN_POINT('',(7.900008899374E0,1.015272556570E0,-1.699388133489E0));
#3895=CARTESIAN_POINT('',(7.900005570262E0,1.015327100381E0,-1.698032418E0));
#3896=CARTESIAN_POINT('',(7.837203380405E0,1.795744189312E0,-2.011956337674E0));
#3897=CARTESIAN_POINT('',(7.837881684726E0,1.786209319229E0,-2.010352031449E0));
#3898=CARTESIAN_POINT('',(7.840523902424E0,1.749105329946E0,-2.004045720501E0));
#3899=CARTESIAN_POINT('',(7.844961998883E0,1.687037334226E0,-1.993063721713E0));
#3900=CARTESIAN_POINT('',(7.850369724879E0,1.611917031247E0,-1.978897939627E0));
#3901=CARTESIAN_POINT('',(7.855309467233E0,1.543783412862E0,-1.965198144125E0));
#3902=CARTESIAN_POINT('',(7.859825482935E0,1.481959845655E0,-1.951933754390E0));
#3903=CARTESIAN_POINT('',(7.863956099153E0,1.425859398635E0,-1.939077982711E0));
#3904=CARTESIAN_POINT('',(7.867735179244E0,1.374962835301E0,-1.926606302079E0));
#3905=CARTESIAN_POINT('',(7.871196955175E0,1.328753086555E0,-1.914480782301E0));
#3906=CARTESIAN_POINT('',(7.874376917319E0,1.286704995864E0,-1.902643531002E0));
#3907=CARTESIAN_POINT('',(7.877310620638E0,1.248303092515E0,-1.891016432378E0));
#3908=CARTESIAN_POINT('',(7.880024285023E0,1.213164956491E0,-1.879535784727E0));
#3909=CARTESIAN_POINT('',(7.882528119373E0,1.181120963586E0,-1.868190423795E0));
#3910=CARTESIAN_POINT('',(7.884816770663E0,1.152195735685E0,-1.857043304210E0));
#3911=CARTESIAN_POINT('',(7.886883245845E0,1.126421875013E0,-1.846186904258E0));
#3912=CARTESIAN_POINT('',(7.888731420406E0,1.103685123549E0,-1.835680059257E0));
#3913=CARTESIAN_POINT('',(7.890377193425E0,1.083720766323E0,-1.825521267314E0));
#3914=CARTESIAN_POINT('',(7.891843833171E0,1.066180688589E0,-1.815651027171E0));
#3915=CARTESIAN_POINT('',(7.893155192166E0,1.050720138532E0,-1.805977582028E0));
#3916=CARTESIAN_POINT('',(7.894328816472E0,1.037079231358E0,-1.796419407322E0));
#3917=CARTESIAN_POINT('',(7.895373281744E0,1.025108609706E0,-1.786940551491E0));
#3918=CARTESIAN_POINT('',(7.896290150542E0,1.014740696006E0,-1.777567670647E0));
#3919=CARTESIAN_POINT('',(7.897080478516E0,1.005914368705E0,-1.768356020171E0));
#3920=CARTESIAN_POINT('',(7.897747869553E0,9.985435556755E-1,
-1.759364369142E0));
#3921=CARTESIAN_POINT('',(7.898299046543E0,9.925143026725E-1,
-1.750643705980E0));
#3922=CARTESIAN_POINT('',(7.898744026439E0,9.876852741595E-1,
-1.742215199046E0));
#3923=CARTESIAN_POINT('',(7.899094778635E0,9.839030560652E-1,
-1.734052935776E0));
#3924=CARTESIAN_POINT('',(7.899361891983E0,9.810369988387E-1,
-1.726112969351E0));
#3925=CARTESIAN_POINT('',(7.899553419172E0,9.789895040890E-1,
-1.718360115265E0));
#3926=CARTESIAN_POINT('',(7.899675514098E0,9.776875343067E-1,
-1.710775808478E0));
#3927=CARTESIAN_POINT('',(7.899730858700E0,9.770981634781E-1,
-1.703643090865E0));
#3928=CARTESIAN_POINT('',(7.899731383752E0,9.770926351834E-1,
-1.699043347567E0));
#3929=CARTESIAN_POINT('',(7.899724183563E0,9.771692749034E-1,
-1.696925828681E0));
#3930=CARTESIAN_POINT('',(7.830977558895E0,1.786620002050E0,-2.048498265736E0));
#3931=CARTESIAN_POINT('',(7.831739187020E0,1.777035340044E0,-2.046895721476E0));
#3932=CARTESIAN_POINT('',(7.834708744784E0,1.739732612343E0,-2.040594042066E0));
#3933=CARTESIAN_POINT('',(7.839715573824E0,1.677297204009E0,-2.029604096125E0));
#3934=CARTESIAN_POINT('',(7.845854460338E0,1.601654281357E0,-2.015392894886E0));
#3935=CARTESIAN_POINT('',(7.851499119214E0,1.532963020145E0,-2.001612392505E0));
#3936=CARTESIAN_POINT('',(7.856695662552E0,1.470543441298E0,-1.988230798095E0));
#3937=CARTESIAN_POINT('',(7.861484005317E0,1.413805015409E0,-1.975219357167E0));
#3938=CARTESIAN_POINT('',(7.865899411589E0,1.362224668978E0,-1.962550787922E0));
#3939=CARTESIAN_POINT('',(7.869978116933E0,1.315280295980E0,-1.950183188225E0));
#3940=CARTESIAN_POINT('',(7.873758528927E0,1.272439594979E0,-1.938052807864E0));
#3941=CARTESIAN_POINT('',(7.877280009045E0,1.233177024988E0,-1.926072895276E0));
#3942=CARTESIAN_POINT('',(7.880571669437E0,1.197099002852E0,-1.914168323325E0));
#3943=CARTESIAN_POINT('',(7.883643735413E0,1.164027527528E0,-1.902314986681E0));
#3944=CARTESIAN_POINT('',(7.886486921552E0,1.133986715113E0,-1.890564284869E0));
#3945=CARTESIAN_POINT('',(7.889088642376E0,1.107016180085E0,-1.878999584193E0));
#3946=CARTESIAN_POINT('',(7.891448696161E0,1.083011197391E0,-1.867671193746E0));
#3947=CARTESIAN_POINT('',(7.893581673056E0,1.061714591883E0,-1.856566646836E0));
#3948=CARTESIAN_POINT('',(7.895512001643E0,1.042781514939E0,-1.845609922145E0));
#3949=CARTESIAN_POINT('',(7.897265676379E0,1.025868090416E0,-1.834686298347E0));
#3950=CARTESIAN_POINT('',(7.898861133998E0,1.010719381218E0,-1.823687904257E0));
#3951=CARTESIAN_POINT('',(7.900304987499E0,9.972031589892E-1,
-1.812556520596E0));
#3952=CARTESIAN_POINT('',(7.901593795215E0,9.852865216302E-1,
-1.801311702311E0));
#3953=CARTESIAN_POINT('',(7.902722810787E0,9.749540218924E-1,
-1.790018831732E0));
#3954=CARTESIAN_POINT('',(7.903690692676E0,9.661677978522E-1,
-1.778762346206E0));
#3955=CARTESIAN_POINT('',(7.904500947685E0,9.588571869343E-1,
-1.767631346632E0));
#3956=CARTESIAN_POINT('',(7.905162807390E0,9.529115255967E-1,
-1.756687133828E0));
#3957=CARTESIAN_POINT('',(7.905689647538E0,9.481930160776E-1,
-1.745933321352E0));
#3958=CARTESIAN_POINT('',(7.906094033153E0,9.445785083207E-1,
-1.735347870931E0));
#3959=CARTESIAN_POINT('',(7.906385733934E0,9.419745470232E-1,
-1.724917472618E0));
#3960=CARTESIAN_POINT('',(7.906572464851E0,9.403089291437E-1,
-1.714648796824E0));
#3961=CARTESIAN_POINT('',(7.906657310223E0,9.395523559777E-1,
-1.704955898041E0));
#3962=CARTESIAN_POINT('',(7.906658116814E0,9.395452808024E-1,
-1.698698589547E0));
#3963=CARTESIAN_POINT('',(7.906647077725E0,9.396436503452E-1,
-1.695819294731E0));
#3964=CARTESIAN_POINT('',(7.831940191730E0,1.777976986088E0,-2.085669433925E0));
#3965=CARTESIAN_POINT('',(7.832786273608E0,1.768345157977E0,-2.084053733946E0));
#3966=CARTESIAN_POINT('',(7.836087402581E0,1.730854172487E0,-2.077698187978E0));
#3967=CARTESIAN_POINT('',(7.841668907010E0,1.668070727338E0,-2.066599410669E0));
#3968=CARTESIAN_POINT('',(7.848543844448E0,1.591932745777E0,-2.052214824578E0));
#3969=CARTESIAN_POINT('',(7.854895606553E0,1.522713249479E0,-2.038232124246E0));
#3970=CARTESIAN_POINT('',(7.860772454824E0,1.459729090142E0,-2.024618100948E0));
#3971=CARTESIAN_POINT('',(7.866216148031E0,1.402386329707E0,-2.011341907267E0));
#3972=CARTESIAN_POINT('',(7.871263577306E0,1.350158260028E0,-1.998373449859E0));
#3973=CARTESIAN_POINT('',(7.875953174415E0,1.302518003775E0,-1.985666749121E0));
#3974=CARTESIAN_POINT('',(7.880326412092E0,1.258926491401E0,-1.973152023357E0));
#3975=CARTESIAN_POINT('',(7.884426552111E0,1.218848642710E0,-1.960733695989E0));
#3976=CARTESIAN_POINT('',(7.888285662797E0,1.181880300107E0,-1.948325330049E0));
#3977=CARTESIAN_POINT('',(7.891914079095E0,1.147835527470E0,-1.935890573035E0));
#3978=CARTESIAN_POINT('',(7.895298775949E0,1.116737961781E0,-1.923470562106E0));
#3979=CARTESIAN_POINT('',(7.898421855305E0,1.088633859974E0,-1.911140966390E0));
#3980=CARTESIAN_POINT('',(7.901279325087E0,1.063427527239E0,-1.898944636938E0));
#3981=CARTESIAN_POINT('',(7.903884693890E0,1.040868930625E0,-1.886858803648E0));
#3982=CARTESIAN_POINT('',(7.906263693939E0,1.020616315397E0,-1.874791393266E0));
#3983=CARTESIAN_POINT('',(7.908444549894E0,1.002326634903E0,-1.862605287186E0));
#3984=CARTESIAN_POINT('',(7.910446696280E0,9.857496388256E-1,
-1.850167137584E0));
#3985=CARTESIAN_POINT('',(7.912274983467E0,9.707693244992E-1,
-1.837397496933E0));
#3986=CARTESIAN_POINT('',(7.913921288163E0,9.573856366604E-1,
-1.824309502391E0));
#3987=CARTESIAN_POINT('',(7.915375429058E0,9.456263936921E-1,
-1.810978549639E0));
#3988=CARTESIAN_POINT('',(7.916631457012E0,9.354994014711E-1,
-1.797513706028E0));
#3989=CARTESIAN_POINT('',(7.917689922859E0,9.269750060710E-1,
-1.784040308491E0));
#3990=CARTESIAN_POINT('',(7.918559413626E0,9.199715984325E-1,
-1.770657514191E0));
#3991=CARTESIAN_POINT('',(7.919254735298E0,9.143661735646E-1,
-1.757396405278E0));
#3992=CARTESIAN_POINT('',(7.919790405110E0,9.100426854137E-1,
-1.744255097143E0));
#3993=CARTESIAN_POINT('',(7.920177878370E0,9.069116032761E-1,
-1.731240482493E0));
#3994=CARTESIAN_POINT('',(7.920426391784E0,9.049015145722E-1,
-1.718382741720E0));
#3995=CARTESIAN_POINT('',(7.920539432033E0,9.039865566176E-1,
-1.706221486394E0));
#3996=CARTESIAN_POINT('',(7.920540507673E0,9.039780161377E-1,
-1.698366232320E0));
#3997=CARTESIAN_POINT('',(7.920525799634E0,9.040969695637E-1,
-1.694752528128E0));
#3998=(BOUNDED_SURFACE()B_SPLINE_SURFACE(3,3,((#3862,#3863,#3864,#3865,#3866,
#3867,#3868,#3869,#3870,#3871,#3872,#3873,#3874,#3875,#3876,#3877,#3878,#3879,
#3880,#3881,#3882,#3883,#3884,#3885,#3886,#3887,#3888,#3889,#3890,#3891,#3892,
#3893,#3894,#3895),(#3896,#3897,#3898,#3899,#3900,#3901,#3902,#3903,#3904,#3905,
#3906,#3907,#3908,#3909,#3910,#3911,#3912,#3913,#3914,#3915,#3916,#3917,#3918,
#3919,#3920,#3921,#3922,#3923,#3924,#3925,#3926,#3927,#3928,#3929),(#3930,#3931,
#3932,#3933,#3934,#3935,#3936,#3937,#3938,#3939,#3940,#3941,#3942,#3943,#3944,
#3945,#3946,#3947,#3948,#3949,#3950,#3951,#3952,#3953,#3954,#3955,#3956,#3957,
#3958,#3959,#3960,#3961,#3962,#3963),(#3964,#3965,#3966,#3967,#3968,#3969,#3970,
#3971,#3972,#3973,#3974,#3975,#3976,#3977,#3978,#3979,#3980,#3981,#3982,#3983,
#3984,#3985,#3986,#3987,#3988,#3989,#3990,#3991,#3992,#3993,#3994,#3995,#3996,
#3997)),.UNSPECIFIED.,.F.,.F.,.F.)B_SPLINE_SURFACE_WITH_KNOTS((4,4),(4,1,1,1,1,
1,1,1,1,1,1,1,1,1,1,1,1,1,1,1,1,1,1,1,1,1,1,1,1,1,1,4),(0.E0,1.E0),(
8.134067716601E-1,8.194335885359E-1,8.368667626677E-1,8.527009280977E-1,
8.670958174026E-1,8.802019716437E-1,8.921300187660E-1,9.029839541050E-1,
9.128723048815E-1,9.219058040731E-1,9.301958563560E-1,9.378478889790E-1,
9.448900190340E-1,9.512974075626E-1,9.570472380973E-1,9.621585457356E-1,
9.667006050085E-1,9.707514774659E-1,9.743913111121E-1,9.776954363150E-1,
9.806933238032E-1,9.833959293863E-1,9.858223282439E-1,9.879946599447E-1,
9.899375018864E-1,9.916846765384E-1,9.932766280189E-1,9.947545659565E-1,
9.961448794291E-1,9.974679978218E-1,9.987454860149E-1,9.998396299683E-1),
.UNSPECIFIED.)GEOMETRIC_REPRESENTATION_ITEM()RATIONAL_B_SPLINE_SURFACE(((
1.009053383204E0,1.009053383204E0,1.009053383204E0,1.009053383204E0,
1.009053383204E0,1.009053383204E0,1.009053383204E0,1.009053383204E0,
1.009053383204E0,1.009053383204E0,1.009053383204E0,1.009053383204E0,
1.009053383204E0,1.009053383204E0,1.009053383204E0,1.009053383204E0,
1.009053383204E0,1.009053383204E0,1.009053383204E0,1.009053383204E0,
1.009053383204E0,1.009053383204E0,1.009053383204E0,1.009053383204E0,
1.009053383204E0,1.009053383204E0,1.009053383204E0,1.009053383204E0,
1.009053383204E0,1.009053383204E0,1.009053383204E0,1.009053383204E0,
1.009053383204E0,1.009053383204E0),(9.969822055986E-1,9.969822055986E-1,
9.969822055985E-1,9.969822055986E-1,9.969822055986E-1,9.969822055986E-1,
9.969822055986E-1,9.969822055985E-1,9.969822055986E-1,9.969822055985E-1,
9.969822055986E-1,9.969822055986E-1,9.969822055986E-1,9.969822055986E-1,
9.969822055985E-1,9.969822055986E-1,9.969822055986E-1,9.969822055986E-1,
9.969822055985E-1,9.969822055986E-1,9.969822055986E-1,9.969822055985E-1,
9.969822055986E-1,9.969822055985E-1,9.969822055986E-1,9.969822055986E-1,
9.969822055985E-1,9.969822055986E-1,9.969822055986E-1,9.969822055986E-1,
9.969822055986E-1,9.969822055986E-1,9.969822055986E-1,9.969822055986E-1),(
9.969822055986E-1,9.969822055986E-1,9.969822055985E-1,9.969822055986E-1,
9.969822055986E-1,9.969822055986E-1,9.969822055986E-1,9.969822055985E-1,
9.969822055986E-1,9.969822055985E-1,9.969822055986E-1,9.969822055986E-1,
9.969822055986E-1,9.969822055986E-1,9.969822055985E-1,9.969822055986E-1,
9.969822055986E-1,9.969822055986E-1,9.969822055985E-1,9.969822055986E-1,
9.969822055986E-1,9.969822055985E-1,9.969822055986E-1,9.969822055985E-1,
9.969822055986E-1,9.969822055986E-1,9.969822055985E-1,9.969822055986E-1,
9.969822055986E-1,9.969822055986E-1,9.969822055986E-1,9.969822055986E-1,
9.969822055986E-1,9.969822055986E-1),(1.009053383204E0,1.009053383204E0,
1.009053383204E0,1.009053383204E0,1.009053383204E0,1.009053383204E0,
1.009053383204E0,1.009053383204E0,1.009053383204E0,1.009053383204E0,
1.009053383204E0,1.009053383204E0,1.009053383204E0,1.009053383204E0,
1.009053383204E0,1.009053383204E0,1.009053383204E0,1.009053383204E0,
1.009053383204E0,1.009053383204E0,1.009053383204E0,1.009053383204E0,
1.009053383204E0,1.009053383204E0,1.009053383204E0,1.009053383204E0,
1.009053383204E0,1.009053383204E0,1.009053383204E0,1.009053383204E0,
1.009053383204E0,1.009053383204E0,1.009053383204E0,1.009053383204E0)))REPRESENTATION_ITEM('')SURFACE());
#4000=ORIENTED_EDGE('',*,*,#3999,.F.);
#4002=ORIENTED_EDGE('',*,*,#4001,.T.);
#4003=ORIENTED_EDGE('',*,*,#3696,.T.);
#4004=ORIENTED_EDGE('',*,*,#3667,.T.);
#4005=EDGE_LOOP('',(#4000,#4002,#4003,#4004));
#4006=FACE_OUTER_BOUND('',#4005,.F.);
#4007=ADVANCED_FACE('',(#4006),#3998,.F.);
#4008=CARTESIAN_POINT('',(7.1E0,5.707909059508E0,-1.7E0));
#4009=DIRECTION('',(0.E0,-1.E0,0.E0));
#4010=DIRECTION('',(0.E0,0.E0,-1.E0));
#4011=AXIS2_PLACEMENT_3D('',#4008,#4009,#4010);
#4012=CYLINDRICAL_SURFACE('',#4011,8.E-1);
#4013=ORIENTED_EDGE('',*,*,#3999,.T.);
#4014=ORIENTED_EDGE('',*,*,#3665,.F.);
#4015=ORIENTED_EDGE('',*,*,#2867,.T.);
#4017=ORIENTED_EDGE('',*,*,#4016,.T.);
#4019=ORIENTED_EDGE('',*,*,#4018,.T.);
#4020=EDGE_LOOP('',(#4013,#4014,#4015,#4017,#4019));
#4021=FACE_OUTER_BOUND('',#4020,.F.);
#4022=ADVANCED_FACE('',(#4021),#4012,.T.);
#4023=CARTESIAN_POINT('',(7.9E0,0.E0,-2.5E0));
#4024=DIRECTION('',(0.E0,0.E0,-1.E0));
#4025=DIRECTION('',(-1.E0,0.E0,0.E0));
#4026=AXIS2_PLACEMENT_3D('',#4023,#4024,#4025);
#4027=PLANE('',#4026);
#4029=ORIENTED_EDGE('',*,*,#4028,.T.);
#4030=ORIENTED_EDGE('',*,*,#4016,.F.);
#4031=ORIENTED_EDGE('',*,*,#2865,.T.);
#4033=ORIENTED_EDGE('',*,*,#4032,.T.);
#4035=ORIENTED_EDGE('',*,*,#4034,.T.);
#4037=ORIENTED_EDGE('',*,*,#4036,.T.);
#4038=EDGE_LOOP('',(#4029,#4030,#4031,#4033,#4035,#4037));
#4039=FACE_OUTER_BOUND('',#4038,.F.);
#4040=ADVANCED_FACE('',(#4039),#4027,.T.);
#4041=CARTESIAN_POINT('',(7.035702065497E0,1.7E0,-2.8E0));
#4042=DIRECTION('',(0.E0,0.E0,-1.E0));
#4043=DIRECTION('',(-1.922098816477E-3,9.999981527664E-1,0.E0));
#4044=AXIS2_PLACEMENT_3D('',#4041,#4042,#4043);
#4045=TOROIDAL_SURFACE('',#4044,1.1E0,3.E-1);
#4046=ORIENTED_EDGE('',*,*,#4028,.F.);
#4048=ORIENTED_EDGE('',*,*,#4047,.T.);
#4050=ORIENTED_EDGE('',*,*,#4049,.T.);
#4052=ORIENTED_EDGE('',*,*,#4051,.F.);
#4053=EDGE_LOOP('',(#4046,#4048,#4050,#4052));
#4054=FACE_OUTER_BOUND('',#4053,.F.);
#4055=ADVANCED_FACE('',(#4054),#4045,.F.);
#4056=CARTESIAN_POINT('',(-7.037239745497E0,2.8E0,-2.8E0));
#4057=DIRECTION('',(1.E0,0.E0,0.E0));
#4058=DIRECTION('',(0.E0,0.E0,1.E0));
#4059=AXIS2_PLACEMENT_3D('',#4056,#4057,#4058);
#4060=CYLINDRICAL_SURFACE('',#4059,3.E-1);
#4061=ORIENTED_EDGE('',*,*,#4036,.F.);
#4063=ORIENTED_EDGE('',*,*,#4062,.T.);
#4065=ORIENTED_EDGE('',*,*,#4064,.T.);
#4066=ORIENTED_EDGE('',*,*,#4047,.F.);
#4067=EDGE_LOOP('',(#4061,#4063,#4065,#4066));
#4068=FACE_OUTER_BOUND('',#4067,.F.);
#4069=ADVANCED_FACE('',(#4068),#4060,.F.);
#4070=CARTESIAN_POINT('',(-7.035702065497E0,1.7E0,-2.8E0));
#4071=DIRECTION('',(0.E0,0.E0,1.E0));
#4072=DIRECTION('',(-5.979677682075E-2,9.982105717141E-1,0.E0));
#4073=AXIS2_PLACEMENT_3D('',#4070,#4071,#4072);
#4074=TOROIDAL_SURFACE('',#4073,1.1E0,3.E-1);
#4075=ORIENTED_EDGE('',*,*,#4034,.F.);
#4077=ORIENTED_EDGE('',*,*,#4076,.T.);
#4079=ORIENTED_EDGE('',*,*,#4078,.T.);
#4080=ORIENTED_EDGE('',*,*,#4062,.F.);
#4081=EDGE_LOOP('',(#4075,#4077,#4079,#4080));
#4082=FACE_OUTER_BOUND('',#4081,.F.);
#4083=ADVANCED_FACE('',(#4082),#4074,.F.);
#4084=CARTESIAN_POINT('',(-8.138147274241E0,1.836922438672E0,
-1.784106796958E0));
#4085=CARTESIAN_POINT('',(-8.137334747907E0,1.844792285966E0,
-1.785645045762E0));
#4086=CARTESIAN_POINT('',(-8.135041119108E0,1.865132226404E0,
-1.789969862377E0));
#4087=CARTESIAN_POINT('',(-8.130581996583E0,1.897557291026E0,
-1.798268381940E0));
#4088=CARTESIAN_POINT('',(-8.124341361479E0,1.934542064537E0,
-1.809651976111E0));
#4089=CARTESIAN_POINT('',(-8.116635027656E0,1.972644625855E0,
-1.823378103436E0));
#4090=CARTESIAN_POINT('',(-8.107127208106E0,2.012392746705E0,
-1.839840106882E0));
#4091=CARTESIAN_POINT('',(-8.095555891200E0,2.053673356863E0,
-1.859219269187E0));
#4092=CARTESIAN_POINT('',(-8.081625250775E0,2.096470975403E0,
-1.881679860368E0));
#4093=CARTESIAN_POINT('',(-8.064914449590E0,2.141009550128E0,
-1.907496360607E0));
#4094=CARTESIAN_POINT('',(-8.044715056646E0,2.187911483608E0,
-1.937231460076E0));
#4095=CARTESIAN_POINT('',(-8.020304845676E0,2.237377490096E0,
-1.971245190522E0));
#4096=CARTESIAN_POINT('',(-7.991314993642E0,2.288690625515E0,
-2.009200119630E0));
#4097=CARTESIAN_POINT('',(-7.957903677684E0,2.340474125765E0,
-2.050025924695E0));
#4098=CARTESIAN_POINT('',(-7.921062299473E0,2.390686265494E0,
-2.091827956100E0));
#4099=CARTESIAN_POINT('',(-7.881850487261E0,2.437987804818E0,
-2.133037183701E0));
#4100=CARTESIAN_POINT('',(-7.841392690540E0,2.481482889905E0,
-2.172393797993E0));
#4101=CARTESIAN_POINT('',(-7.800238931362E0,2.521135481511E0,
-2.209442555311E0));
#4102=CARTESIAN_POINT('',(-7.758926873863E0,2.556971929438E0,
-2.243860643908E0));
#4103=CARTESIAN_POINT('',(-7.717778393905E0,2.589216573744E0,
-2.275580567234E0));
#4104=CARTESIAN_POINT('',(-7.677107832490E0,2.618078046717E0,
-2.304577027480E0));
#4105=CARTESIAN_POINT('',(-7.637104881840E0,2.643828487329E0,
-2.330933667332E0));
#4106=CARTESIAN_POINT('',(-7.597959686271E0,2.666708010053E0,
-2.354738592011E0));
#4107=CARTESIAN_POINT('',(-7.559783770778E0,2.686975013056E0,
-2.376128127301E0));
#4108=CARTESIAN_POINT('',(-7.522673800341E0,2.704866803672E0,
-2.395240760804E0));
#4109=CARTESIAN_POINT('',(-7.486663726215E0,2.720622301976E0,
-2.412236989947E0));
#4110=CARTESIAN_POINT('',(-7.451760879479E0,2.734462921045E0,
-2.427275582436E0));
#4111=CARTESIAN_POINT('',(-7.417945221922E0,2.746593108772E0,
-2.440511182614E0));
#4112=CARTESIAN_POINT('',(-7.385178009946E0,2.757198232686E0,
-2.452089444022E0));
#4113=CARTESIAN_POINT('',(-7.353405391174E0,2.766445107585E0,
-2.462145507954E0));
#4114=CARTESIAN_POINT('',(-7.322561599634E0,2.774482155914E0,
-2.470802416542E0));
#4115=CARTESIAN_POINT('',(-7.292572618244E0,2.781440099858E0,
-2.478170382679E0));
#4116=CARTESIAN_POINT('',(-7.263353059317E0,2.787434286257E0,
-2.484348107954E0));
#4117=CARTESIAN_POINT('',(-7.234816261319E0,2.792563179260E0,
-2.489420089978E0));
#4118=CARTESIAN_POINT('',(-7.206870319534E0,2.796910806293E0,
-2.493458388290E0));
#4119=CARTESIAN_POINT('',(-7.179413731065E0,2.800548530217E0,
-2.496523761731E0));
#4120=CARTESIAN_POINT('',(-7.152349473257E0,2.803532955878E0,
-2.498662813137E0));
#4121=CARTESIAN_POINT('',(-7.125601062284E0,2.805906384215E0,
-2.499909165501E0));
#4122=CARTESIAN_POINT('',(-7.104080268603E0,2.807363901683E0,
-2.500216953581E0));
#4123=CARTESIAN_POINT('',(-7.091476502210E0,2.808031023247E0,
-2.500106581657E0));
#4124=CARTESIAN_POINT('',(-7.087689476657E0,2.808214558146E0,
-2.500047199969E0));
#4125=CARTESIAN_POINT('',(-7.954013415690E0,1.824808570273E0,
-1.778415617620E0));
#4126=CARTESIAN_POINT('',(-7.953248382803E0,1.831950607263E0,
-1.779965799885E0));
#4127=CARTESIAN_POINT('',(-7.951090322275E0,1.850386879880E0,
-1.784323725678E0));
#4128=CARTESIAN_POINT('',(-7.946903375227E0,1.879675071360E0,
-1.792683281830E0));
#4129=CARTESIAN_POINT('',(-7.941062049214E0,1.912912579304E0,
-1.804145464812E0));
#4130=CARTESIAN_POINT('',(-7.933875872114E0,1.946948671575E0,
-1.817959112646E0));
#4131=CARTESIAN_POINT('',(-7.925049352674E0,1.982203655031E0,
-1.834516062110E0));
#4132=CARTESIAN_POINT('',(-7.914363255680E0,2.018520563314E0,
-1.853993748324E0));
#4133=CARTESIAN_POINT('',(-7.901574049347E0,2.055836042825E0,
-1.876552123442E0));
#4134=CARTESIAN_POINT('',(-7.886331614932E0,2.094299987867E0,
-1.902461657885E0));
#4135=CARTESIAN_POINT('',(-7.868036787398E0,2.134400012140E0,
-1.932281549329E0));
#4136=CARTESIAN_POINT('',(-7.846096044107E0,2.176254201334E0,
-1.966367270995E0));
#4137=CARTESIAN_POINT('',(-7.820248754259E0,2.219214401725E0,
-2.004376171549E0));
#4138=CARTESIAN_POINT('',(-7.790704966665E0,2.262118612942E0,
-2.045234420669E0));
#4139=CARTESIAN_POINT('',(-7.758394140725E0,2.303303214041E0,
-2.087046691939E0));
#4140=CARTESIAN_POINT('',(-7.724273970162E0,2.341728223849E0,
-2.128246450481E0));
#4141=CARTESIAN_POINT('',(-7.689330996462E0,2.376734665449E0,
-2.167577639984E0));
#4142=CARTESIAN_POINT('',(-7.654038679836E0,2.408358967499E0,
-2.204588478567E0));
#4143=CARTESIAN_POINT('',(-7.618852060798E0,2.436680664049E0,
-2.238959167565E0));
#4144=CARTESIAN_POINT('',(-7.584037141174E0,2.461929619477E0,
-2.270624591756E0));
#4145=CARTESIAN_POINT('',(-7.549850521130E0,2.484317027781E0,
-2.299561499907E0));
#4146=CARTESIAN_POINT('',(-7.516441566438E0,2.504098180784E0,
-2.325855173075E0));
#4147=CARTESIAN_POINT('',(-7.483958297025E0,2.521498863494E0,
-2.349595186931E0));
#4148=CARTESIAN_POINT('',(-7.452481711250E0,2.536754656291E0,
-2.370919091353E0));
#4149=CARTESIAN_POINT('',(-7.422079104274E0,2.550081195489E0,
-2.389966479576E0));
#4150=CARTESIAN_POINT('',(-7.392765231248E0,2.561691333252E0,
-2.406898767331E0));
#4151=CARTESIAN_POINT('',(-7.364532440833E0,2.571780960522E0,
-2.421875524496E0));
#4152=CARTESIAN_POINT('',(-7.337350464276E0,2.580529617799E0,
-2.435052086691E0));
#4153=CARTESIAN_POINT('',(-7.311173690327E0,2.588099250849E0,
-2.446574708501E0));
#4154=CARTESIAN_POINT('',(-7.285944223899E0,2.594634906382E0,
-2.456579051379E0));
#4155=CARTESIAN_POINT('',(-7.261594668008E0,2.600265120976E0,
-2.465188605976E0));
#4156=CARTESIAN_POINT('',(-7.238051142438E0,2.605102733694E0,
-2.472513971221E0));
#4157=CARTESIAN_POINT('',(-7.215230920713E0,2.609246801132E0,
-2.478654170084E0));
#4158=CARTESIAN_POINT('',(-7.193050517072E0,2.612781807270E0,
-2.483693976997E0));
#4159=CARTESIAN_POINT('',(-7.171422569801E0,2.615779646205E0,
-2.487705681170E0));
#4160=CARTESIAN_POINT('',(-7.150252500619E0,2.618301060639E0,
-2.490750222284E0));
#4161=CARTESIAN_POINT('',(-7.129449517866E0,2.620394426808E0,
-2.492874359111E0));
#4162=CARTESIAN_POINT('',(-7.108938750866E0,2.622096183460E0,
-2.494111845980E0));
#4163=CARTESIAN_POINT('',(-7.092463985570E0,2.623182484545E0,
-2.494417407480E0));
#4164=CARTESIAN_POINT('',(-7.082821626220E0,2.623703376657E0,
-2.494307834274E0));
#4165=CARTESIAN_POINT('',(-7.079924758001E0,2.623849430723E0,
-2.494248886565E0));
#4166=CARTESIAN_POINT('',(-7.825599335782E0,1.790456151542E0,
-1.906533189511E0));
#4167=CARTESIAN_POINT('',(-7.825079895941E0,1.795677702972E0,
-1.907814730425E0));
#4168=CARTESIAN_POINT('',(-7.823612534205E0,1.809189094897E0,
-1.911427315517E0));
#4169=CARTESIAN_POINT('',(-7.820753661428E0,1.830801002255E0,
-1.918412840207E0));
#4170=CARTESIAN_POINT('',(-7.816739529310E0,1.855572413359E0,
-1.928105863034E0));
#4171=CARTESIAN_POINT('',(-7.811763377565E0,1.881238941169E0,
-1.939949283898E0));
#4172=CARTESIAN_POINT('',(-7.805595843492E0,1.908192466714E0,
-1.954368846249E0));
#4173=CARTESIAN_POINT('',(-7.798049897742E0,1.936396619936E0,
-1.971628601322E0));
#4174=CARTESIAN_POINT('',(-7.788911530903E0,1.965876190038E0,
-1.991985703241E0));
#4175=CARTESIAN_POINT('',(-7.777878909873E0,1.996817696E0,-2.015800888566E0));
#4176=CARTESIAN_POINT('',(-7.764450888363E0,2.029689012295E0,
-2.043711976711E0));
#4177=CARTESIAN_POINT('',(-7.748104252069E0,2.064668868415E0,
-2.076177060579E0));
#4178=CARTESIAN_POINT('',(-7.728541610267E0,2.101279812036E0,
-2.112970977363E0));
#4179=CARTESIAN_POINT('',(-7.705820623079E0,2.138546197655E0,
-2.153098858787E0));
#4180=CARTESIAN_POINT('',(-7.680577923178E0,2.174978763580E0,
-2.194680614259E0));
#4181=CARTESIAN_POINT('',(-7.653519362668E0,2.209564208591E0,
-2.236093536515E0));
#4182=CARTESIAN_POINT('',(-7.625415119851E0,2.241598614276E0,
-2.275997078790E0));
#4183=CARTESIAN_POINT('',(-7.596648400005E0,2.271008906746E0,
-2.313861528888E0));
#4184=CARTESIAN_POINT('',(-7.567599332343E0,2.297773016301E0,
-2.349299258850E0));
#4185=CARTESIAN_POINT('',(-7.538500042338E0,2.322021108137E0,
-2.382191545950E0));
#4186=CARTESIAN_POINT('',(-7.509579479178E0,2.343876065257E0,
-2.412469067252E0));
#4187=CARTESIAN_POINT('',(-7.480979702943E0,2.363512531926E0,
-2.440180221445E0));
#4188=CARTESIAN_POINT('',(-7.452844322464E0,2.381084220234E0,
-2.465381481990E0));
#4189=CARTESIAN_POINT('',(-7.425261706644E0,2.396761806984E0,
-2.488182842494E0));
#4190=CARTESIAN_POINT('',(-7.398310519563E0,2.410702546993E0,
-2.508699006578E0));
#4191=CARTESIAN_POINT('',(-7.372024705183E0,2.423067785708E0,
-2.527070717485E0));
#4192=CARTESIAN_POINT('',(-7.346419299555E0,2.434008016114E0,
-2.543439486939E0));
#4193=CARTESIAN_POINT('',(-7.321489600344E0,2.443663153532E0,
-2.557945088773E0));
#4194=CARTESIAN_POINT('',(-7.297217333175E0,2.452160652047E0,
-2.570720247152E0));
#4195=CARTESIAN_POINT('',(-7.273573183953E0,2.459615700379E0,
-2.581888913890E0));
#4196=CARTESIAN_POINT('',(-7.250519002561E0,2.466131155232E0,
-2.591564482742E0));
#4197=CARTESIAN_POINT('',(-7.228010449841E0,2.471797869260E0,
-2.599848862390E0));
#4198=CARTESIAN_POINT('',(-7.205994595070E0,2.476696372194E0,
-2.606833840940E0));
#4199=CARTESIAN_POINT('',(-7.184417380206E0,2.480895459859E0,
-2.612597961209E0));
#4200=CARTESIAN_POINT('',(-7.163220640986E0,2.484453985591E0,
-2.617208342089E0));
#4201=CARTESIAN_POINT('',(-7.142338782497E0,2.487422156787E0,
-2.620721852273E0));
#4202=CARTESIAN_POINT('',(-7.121709381014E0,2.489839658966E0,
-2.623181740197E0));
#4203=CARTESIAN_POINT('',(-7.101285573152E0,2.491735945080E0,
-2.624618803574E0));
#4204=CARTESIAN_POINT('',(-7.084833805463E0,2.492871113238E0,
-2.624974488938E0));
#4205=CARTESIAN_POINT('',(-7.075194350606E0,2.493373852814E0,
-2.624846935321E0));
#4206=CARTESIAN_POINT('',(-7.072297756257E0,2.493510208976E0,
-2.624778218046E0));
#4207=CARTESIAN_POINT('',(-7.833922276952E0,1.755538337313E0,
-2.087629338951E0));
#4208=CARTESIAN_POINT('',(-7.833691583573E0,1.758858374220E0,
-2.088531151202E0));
#4209=CARTESIAN_POINT('',(-7.833034284983E0,1.767530810470E0,
-2.091090185802E0));
#4210=CARTESIAN_POINT('',(-7.831721494948E0,1.781770038165E0,
-2.096133495983E0));
#4211=CARTESIAN_POINT('',(-7.829809653524E0,1.798697834359E0,
-2.103325783843E0));
#4212=CARTESIAN_POINT('',(-7.827339077010E0,1.816972112615E0,
-2.112384258720E0));
#4213=CARTESIAN_POINT('',(-7.824130643141E0,1.837053301208E0,
-2.123782591662E0));
#4214=CARTESIAN_POINT('',(-7.819998638997E0,1.859114033854E0,
-2.137907267109E0));
#4215=CARTESIAN_POINT('',(-7.814717179691E0,1.883347648196E0,
-2.155152835658E0));
#4216=CARTESIAN_POINT('',(-7.807979821188E0,1.910064859325E0,
-2.176007626438E0));
#4217=CARTESIAN_POINT('',(-7.799310348098E0,1.939841305736E0,
-2.201220591895E0));
#4218=CARTESIAN_POINT('',(-7.788153101192E0,1.973021372534E0,
-2.231394879422E0));
#4219=CARTESIAN_POINT('',(-7.774052169717E0,2.009292523265E0,
-2.266471398046E0));
#4220=CARTESIAN_POINT('',(-7.756804707728E0,2.047719485988E0,
-2.305566893549E0));
#4221=CARTESIAN_POINT('',(-7.736708382915E0,2.086673608770E0,
-2.346822811410E0));
#4222=CARTESIAN_POINT('',(-7.714226187119E0,2.124878859035E0,
-2.388537043841E0));
#4223=CARTESIAN_POINT('',(-7.689969985160E0,2.161332912338E0,
-2.429249615521E0));
#4224=CARTESIAN_POINT('',(-7.664275976688E0,2.195740307629E0,
-2.468320658566E0));
#4225=CARTESIAN_POINT('',(-7.637504353945E0,2.227886685905E0,
-2.505266667268E0));
#4226=CARTESIAN_POINT('',(-7.609896736536E0,2.257760190507E0,
-2.539893143873E0));
#4227=CARTESIAN_POINT('',(-7.581701957703E0,2.285360236695E0,
-2.572065642389E0));
#4228=CARTESIAN_POINT('',(-7.553092401795E0,2.310767901812E0,
-2.601780427716E0));
#4229=CARTESIAN_POINT('',(-7.524247762833E0,2.334052552834E0,
-2.629047182826E0));
#4230=CARTESIAN_POINT('',(-7.495297027320E0,2.355318825265E0,
-2.653936950124E0));
#4231=CARTESIAN_POINT('',(-7.466363794269E0,2.374665715198E0,
-2.676529251375E0));
#4232=CARTESIAN_POINT('',(-7.437527475030E0,2.392210118467E0,
-2.696935608947E0));
#4233=CARTESIAN_POINT('',(-7.408849149238E0,2.408065896129E0,
-2.715272009084E0));
#4234=CARTESIAN_POINT('',(-7.380369347919E0,2.422343620318E0,
-2.731656228796E0));
#4235=CARTESIAN_POINT('',(-7.352114091101E0,2.435146944528E0,
-2.746201866792E0));
#4236=CARTESIAN_POINT('',(-7.324097237451E0,2.446571947182E0,
-2.759016323134E0));
#4237=CARTESIAN_POINT('',(-7.296322309573E0,2.456706212698E0,
-2.770198719456E0));
#4238=CARTESIAN_POINT('',(-7.268785275919E0,2.465628375394E0,
-2.779838680646E0));
#4239=CARTESIAN_POINT('',(-7.241471337737E0,2.473409890231E0,
-2.788017768219E0));
#4240=CARTESIAN_POINT('',(-7.214363550515E0,2.480112054645E0,
-2.794805716506E0));
#4241=CARTESIAN_POINT('',(-7.187439181039E0,2.485788001276E0,
-2.800262336077E0));
#4242=CARTESIAN_POINT('',(-7.160665390728E0,2.490484133866E0,
-2.804438741222E0));
#4243=CARTESIAN_POINT('',(-7.134012363225E0,2.494236468130E0,
-2.807373218462E0));
#4244=CARTESIAN_POINT('',(-7.107469966604E0,2.497070755006E0,
-2.809092386288E0));
#4245=CARTESIAN_POINT('',(-7.086003656412E0,2.498644043152E0,
-2.809518922500E0));
#4246=CARTESIAN_POINT('',(-7.073406771034E0,2.499268159656E0,
-2.809365953297E0));
#4247=CARTESIAN_POINT('',(-7.069620394307E0,2.499428719310E0,
-2.809283426592E0));
#4248=(BOUNDED_SURFACE()B_SPLINE_SURFACE(3,3,((#4084,#4085,#4086,#4087,#4088,
#4089,#4090,#4091,#4092,#4093,#4094,#4095,#4096,#4097,#4098,#4099,#4100,#4101,
#4102,#4103,#4104,#4105,#4106,#4107,#4108,#4109,#4110,#4111,#4112,#4113,#4114,
#4115,#4116,#4117,#4118,#4119,#4120,#4121,#4122,#4123,#4124),(#4125,#4126,#4127,
#4128,#4129,#4130,#4131,#4132,#4133,#4134,#4135,#4136,#4137,#4138,#4139,#4140,
#4141,#4142,#4143,#4144,#4145,#4146,#4147,#4148,#4149,#4150,#4151,#4152,#4153,
#4154,#4155,#4156,#4157,#4158,#4159,#4160,#4161,#4162,#4163,#4164,#4165),(#4166,
#4167,#4168,#4169,#4170,#4171,#4172,#4173,#4174,#4175,#4176,#4177,#4178,#4179,
#4180,#4181,#4182,#4183,#4184,#4185,#4186,#4187,#4188,#4189,#4190,#4191,#4192,
#4193,#4194,#4195,#4196,#4197,#4198,#4199,#4200,#4201,#4202,#4203,#4204,#4205,
#4206),(#4207,#4208,#4209,#4210,#4211,#4212,#4213,#4214,#4215,#4216,#4217,#4218,
#4219,#4220,#4221,#4222,#4223,#4224,#4225,#4226,#4227,#4228,#4229,#4230,#4231,
#4232,#4233,#4234,#4235,#4236,#4237,#4238,#4239,#4240,#4241,#4242,#4243,#4244,
#4245,#4246,#4247)),.UNSPECIFIED.,.F.,.F.,.F.)B_SPLINE_SURFACE_WITH_KNOTS((4,4),
(4,1,1,1,1,1,1,1,1,1,1,1,1,1,1,1,1,1,1,1,1,1,1,1,1,1,1,1,1,1,1,1,1,1,1,1,1,1,4),
(0.E0,1.E0),(-8.559509364717E-3,0.E0,1.386147710712E-2,2.855601118269E-2,
4.467139424105E-2,6.278599144810E-2,8.323077672615E-2,1.059020602194E-1,
1.314838492576E-1,1.606991477357E-1,1.943337483035E-1,2.325405647750E-1,
2.741082248491E-1,3.177338254236E-1,3.610233770594E-1,4.035115332474E-1,
4.445275663883E-1,4.839911670727E-1,5.216921104197E-1,5.576880495286E-1,
5.919438625493E-1,6.245708628655E-1,6.555873036737E-1,6.851099663219E-1,
7.132326907635E-1,7.400676223273E-1,7.657373571954E-1,7.903455539686E-1,
8.139985113269E-1,8.368098015767E-1,8.588716549158E-1,8.802759343297E-1,
9.011333890767E-1,9.215153045533E-1,9.415056093654E-1,9.612203901736E-1,
9.807079932340E-1,1.E0,1.008289020569E0),.UNSPECIFIED.)GEOMETRIC_REPRESENTATION_ITEM()RATIONAL_B_SPLINE_SURFACE(((1.187262886559E0,1.187262886559E0,
1.187262886559E0,1.187262886559E0,1.187262886559E0,1.187262886559E0,
1.187262886559E0,1.187262886559E0,1.187262886559E0,1.187262886559E0,
1.187262886559E0,1.187262886559E0,1.187262886559E0,1.187262886559E0,
1.187262886559E0,1.187262886559E0,1.187262886559E0,1.187262886559E0,
1.187262886559E0,1.187262886559E0,1.187262886559E0,1.187262886559E0,
1.187262886559E0,1.187262886559E0,1.187262886559E0,1.187262886559E0,
1.187262886559E0,1.187262886559E0,1.187262886559E0,1.187262886559E0,
1.187262886559E0,1.187262886559E0,1.187262886559E0,1.187262886559E0,
1.187262886559E0,1.187262886559E0,1.187262886559E0,1.187262886559E0,
1.187262886559E0,1.187262886559E0,1.187262886559E0),(9.375790378135E-1,
9.375790378135E-1,9.375790378135E-1,9.375790378135E-1,9.375790378135E-1,
9.375790378135E-1,9.375790378135E-1,9.375790378135E-1,9.375790378135E-1,
9.375790378135E-1,9.375790378135E-1,9.375790378135E-1,9.375790378135E-1,
9.375790378135E-1,9.375790378135E-1,9.375790378135E-1,9.375790378135E-1,
9.375790378135E-1,9.375790378135E-1,9.375790378135E-1,9.375790378135E-1,
9.375790378135E-1,9.375790378135E-1,9.375790378135E-1,9.375790378135E-1,
9.375790378135E-1,9.375790378135E-1,9.375790378135E-1,9.375790378135E-1,
9.375790378135E-1,9.375790378135E-1,9.375790378135E-1,9.375790378135E-1,
9.375790378135E-1,9.375790378135E-1,9.375790378135E-1,9.375790378135E-1,
9.375790378135E-1,9.375790378135E-1,9.375790378135E-1,9.375790378135E-1),(
9.375790378135E-1,9.375790378135E-1,9.375790378135E-1,9.375790378135E-1,
9.375790378135E-1,9.375790378135E-1,9.375790378135E-1,9.375790378135E-1,
9.375790378135E-1,9.375790378135E-1,9.375790378135E-1,9.375790378135E-1,
9.375790378135E-1,9.375790378135E-1,9.375790378135E-1,9.375790378135E-1,
9.375790378135E-1,9.375790378135E-1,9.375790378135E-1,9.375790378135E-1,
9.375790378135E-1,9.375790378135E-1,9.375790378135E-1,9.375790378135E-1,
9.375790378135E-1,9.375790378135E-1,9.375790378135E-1,9.375790378135E-1,
9.375790378135E-1,9.375790378135E-1,9.375790378135E-1,9.375790378135E-1,
9.375790378135E-1,9.375790378135E-1,9.375790378135E-1,9.375790378135E-1,
9.375790378135E-1,9.375790378135E-1,9.375790378135E-1,9.375790378135E-1,
9.375790378135E-1),(1.187262886559E0,1.187262886559E0,1.187262886559E0,
1.187262886559E0,1.187262886559E0,1.187262886559E0,1.187262886559E0,
1.187262886559E0,1.187262886559E0,1.187262886559E0,1.187262886559E0,
1.187262886559E0,1.187262886559E0,1.187262886559E0,1.187262886559E0,
1.187262886559E0,1.187262886559E0,1.187262886559E0,1.187262886559E0,
1.187262886559E0,1.187262886559E0,1.187262886559E0,1.187262886559E0,
1.187262886559E0,1.187262886559E0,1.187262886559E0,1.187262886559E0,
1.187262886559E0,1.187262886559E0,1.187262886559E0,1.187262886559E0,
1.187262886559E0,1.187262886559E0,1.187262886559E0,1.187262886559E0,
1.187262886559E0,1.187262886559E0,1.187262886559E0,1.187262886559E0,
1.187262886559E0,1.187262886559E0)))REPRESENTATION_ITEM('')SURFACE());
#4250=ORIENTED_EDGE('',*,*,#4249,.F.);
#4252=ORIENTED_EDGE('',*,*,#4251,.T.);
#4254=ORIENTED_EDGE('',*,*,#4253,.T.);
#4255=ORIENTED_EDGE('',*,*,#4076,.F.);
#4256=EDGE_LOOP('',(#4250,#4252,#4254,#4255));
#4257=FACE_OUTER_BOUND('',#4256,.F.);
#4258=ADVANCED_FACE('',(#4257),#4248,.F.);
#4259=CARTESIAN_POINT('',(-7.1E0,5.710079487750E0,-1.7E0));
#4260=DIRECTION('',(0.E0,-1.E0,0.E0));
#4261=DIRECTION('',(-1.E0,0.E0,0.E0));
#4262=AXIS2_PLACEMENT_3D('',#4259,#4260,#4261);
#4263=CYLINDRICAL_SURFACE('',#4262,8.E-1);
#4264=ORIENTED_EDGE('',*,*,#4249,.T.);
#4265=ORIENTED_EDGE('',*,*,#4032,.F.);
#4266=ORIENTED_EDGE('',*,*,#2863,.T.);
#4267=ORIENTED_EDGE('',*,*,#2435,.T.);
#4269=ORIENTED_EDGE('',*,*,#4268,.T.);
#4270=EDGE_LOOP('',(#4264,#4265,#4266,#4267,#4269));
#4271=FACE_OUTER_BOUND('',#4270,.F.);
#4272=ADVANCED_FACE('',(#4271),#4263,.T.);
#4273=CARTESIAN_POINT('',(-7.900005568839E0,1.015327138722E0,
-1.698031954098E0));
#4274=CARTESIAN_POINT('',(-7.900008646164E0,1.015276719859E0,
-1.699284900804E0));
#4275=CARTESIAN_POINT('',(-7.900008962781E0,1.015271537684E0,
-1.702114875453E0));
#4276=CARTESIAN_POINT('',(-7.899985852595E0,1.015650158685E0,
-1.706563217250E0));
#4277=CARTESIAN_POINT('',(-7.899931560115E0,1.016539279967E0,
-1.711422787823E0));
#4278=CARTESIAN_POINT('',(-7.899844620395E0,1.017961997743E0,
-1.716440567479E0));
#4279=CARTESIAN_POINT('',(-7.899720819657E0,1.019985827873E0,
-1.721663101055E0));
#4280=CARTESIAN_POINT('',(-7.899554355151E0,1.022703536219E0,
-1.727143844721E0));
#4281=CARTESIAN_POINT('',(-7.899337685118E0,1.026235393107E0,
-1.732935987955E0));
#4282=CARTESIAN_POINT('',(-7.899061168605E0,1.030734838563E0,
-1.739098289307E0));
#4283=CARTESIAN_POINT('',(-7.898712007077E0,1.036405446435E0,
-1.745705818657E0));
#4284=CARTESIAN_POINT('',(-7.898273846674E0,1.043506968782E0,
-1.752837334470E0));
#4285=CARTESIAN_POINT('',(-7.897731377107E0,1.052280601332E0,
-1.760503114510E0));
#4286=CARTESIAN_POINT('',(-7.897076964669E0,1.062842580675E0,
-1.768604674613E0));
#4287=CARTESIAN_POINT('',(-7.896309783325E0,1.075199945219E0,
-1.777010544571E0));
#4288=CARTESIAN_POINT('',(-7.895425205520E0,1.089422120499E0,
-1.785676474228E0));
#4289=CARTESIAN_POINT('',(-7.894407944780E0,1.105750042379E0,
-1.794658746706E0));
#4290=CARTESIAN_POINT('',(-7.893234122522E0,1.124561672245E0,
-1.804053228938E0));
#4291=CARTESIAN_POINT('',(-7.891879340024E0,1.146242192241E0,
-1.813921844661E0));
#4292=CARTESIAN_POINT('',(-7.890325241305E0,1.171079369980E0,
-1.824260352230E0));
#4293=CARTESIAN_POINT('',(-7.888564029776E0,1.199192331782E0,
-1.834997281536E0));
#4294=CARTESIAN_POINT('',(-7.886598065120E0,1.230539025639E0,
-1.846024161142E0));
#4295=CARTESIAN_POINT('',(-7.884428967924E0,1.265090344955E0,
-1.857265798794E0));
#4296=CARTESIAN_POINT('',(-7.882046127992E0,1.303012580207E0,
-1.868722832254E0));
#4297=CARTESIAN_POINT('',(-7.879425537458E0,1.344684949413E0,
-1.880450311100E0));
#4298=CARTESIAN_POINT('',(-7.876535277076E0,1.390611718210E0,
-1.892517654498E0));
#4299=CARTESIAN_POINT('',(-7.873342811487E0,1.441306153222E0,
-1.904975955380E0));
#4300=CARTESIAN_POINT('',(-7.869816075641E0,1.497273411951E0,
-1.917857936370E0));
#4301=CARTESIAN_POINT('',(-7.865922609301E0,1.559024417508E0,
-1.931184964771E0));
#4302=CARTESIAN_POINT('',(-7.861625569266E0,1.627139142962E0,
-1.944981845296E0));
#4303=CARTESIAN_POINT('',(-7.856882473366E0,1.702286391038E0,
-1.959277796146E0));
#4304=CARTESIAN_POINT('',(-7.853087012101E0,1.762391185478E0,
-1.970022045689E0));
#4305=CARTESIAN_POINT('',(-7.850868833348E0,1.797508669298E0,
-1.976070956611E0));
#4306=CARTESIAN_POINT('',(-7.850394225242E0,1.805022090887E0,
-1.977355056197E0));
#4307=CARTESIAN_POINT('',(-7.899724178948E0,9.771693136305E-1,
-1.696925104372E0));
#4308=CARTESIAN_POINT('',(-7.899730834754E0,9.770984722853E-1,
-1.698882108147E0));
#4309=CARTESIAN_POINT('',(-7.899731517585E0,9.770911277030E-1,
-1.703306301904E0));
#4310=CARTESIAN_POINT('',(-7.899681534217E0,9.776233892809E-1,
-1.710247519056E0));
#4311=CARTESIAN_POINT('',(-7.899564996828E0,9.788659253830E-1,
-1.717773464389E0));
#4312=CARTESIAN_POINT('',(-7.899380864609E0,9.808339043455E-1,
-1.725444003982E0));
#4313=CARTESIAN_POINT('',(-7.899123578548E0,9.835934876271E-1,
-1.733283094240E0));
#4314=CARTESIAN_POINT('',(-7.898785895004E0,9.872327623806E-1,
-1.741321888575E0));
#4315=CARTESIAN_POINT('',(-7.898358953021E0,9.918623835232E-1,
-1.749588025629E0));
#4316=CARTESIAN_POINT('',(-7.897831913929E0,9.976211668566E-1,
-1.758115882097E0));
#4317=CARTESIAN_POINT('',(-7.897190364366E0,1.004695764628E0,
-1.766961679350E0));
#4318=CARTESIAN_POINT('',(-7.896416289461E0,1.013324482956E0,
-1.776184828099E0));
#4319=CARTESIAN_POINT('',(-7.895496365010E0,1.023707331493E0,
-1.785760418646E0));
#4320=CARTESIAN_POINT('',(-7.894431168642E0,1.035896680477E0,
-1.795548994647E0));
#4321=CARTESIAN_POINT('',(-7.893230278624E0,1.049839695326E0,
-1.805403387288E0));
#4322=CARTESIAN_POINT('',(-7.891894564466E0,1.065577008136E0,
-1.815298859796E0));
#4323=CARTESIAN_POINT('',(-7.890408177147E0,1.083346428036E0,
-1.825325409814E0));
#4324=CARTESIAN_POINT('',(-7.888743963468E0,1.103530752883E0,
-1.835608979342E0));
#4325=CARTESIAN_POINT('',(-7.886875613223E0,1.126515211744E0,
-1.846231595424E0));
#4326=CARTESIAN_POINT('',(-7.884786000714E0,1.152580857203E0,
-1.857201614602E0));
#4327=CARTESIAN_POINT('',(-7.882471731877E0,1.181837060048E0,
-1.868457449579E0));
#4328=CARTESIAN_POINT('',(-7.879941131554E0,1.214234611582E0,
-1.879901377107E0));
#4329=CARTESIAN_POINT('',(-7.877199780689E0,1.249745575549E0,
-1.891471334745E0));
#4330=CARTESIAN_POINT('',(-7.874236999599E0,1.288545433739E0,
-1.903181621038E0));
#4331=CARTESIAN_POINT('',(-7.871025921919E0,1.331025217663E0,
-1.915098690852E0));
#4332=CARTESIAN_POINT('',(-7.867531073578E0,1.377699595226E0,
-1.927300229399E0));
#4333=CARTESIAN_POINT('',(-7.863717314132E0,1.429089203475E0,
-1.939842901411E0));
#4334=CARTESIAN_POINT('',(-7.859550906332E0,1.485704420052E0,
-1.952763240983E0));
#4335=CARTESIAN_POINT('',(-7.854998286763E0,1.548060210017E0,
-1.966085295777E0));
#4336=CARTESIAN_POINT('',(-7.850021342033E0,1.616740333768E0,
-1.979835700759E0));
#4337=CARTESIAN_POINT('',(-7.844576110897E0,1.692417090542E0,
-1.994044677330E0));
#4338=CARTESIAN_POINT('',(-7.840254585682E0,1.752881859101E0,
-2.004696721239E0));
#4339=CARTESIAN_POINT('',(-7.837740734377E0,1.788190648524E0,
-2.010685377982E0));
#4340=CARTESIAN_POINT('',(-7.837203380954E0,1.795744180369E0,
-2.011956314246E0));
#4341=CARTESIAN_POINT('',(-7.906647074766E0,9.396436895556E-1,
-1.695818310009E0));
#4342=CARTESIAN_POINT('',(-7.906657279306E0,9.395527640899E-1,
-1.698479345451E0));
#4343=CARTESIAN_POINT('',(-7.906658325323E0,9.395432929265E-1,
-1.704497636787E0));
#4344=CARTESIAN_POINT('',(-7.906581692156E0,9.402266495554E-1,
-1.713931747322E0));
#4345=CARTESIAN_POINT('',(-7.906403420397E0,9.418167450808E-1,
-1.724125001359E0));
#4346=CARTESIAN_POINT('',(-7.906122873381E0,9.443209513121E-1,
-1.734450877201E0));
#4347=CARTESIAN_POINT('',(-7.905733130530E0,9.478040977445E-1,
-1.744911524299E0));
#4348=CARTESIAN_POINT('',(-7.905225478224E0,9.523496703416E-1,
-1.755516632397E0));
#4349=CARTESIAN_POINT('',(-7.904589689611E0,9.580588679174E-1,
-1.766269178127E0));
#4350=CARTESIAN_POINT('',(-7.903813660759E0,9.650561243470E-1,
-1.777180076511E0));
#4351=CARTESIAN_POINT('',(-7.902881274226E0,9.735114506339E-1,
-1.788287678568E0));
#4352=CARTESIAN_POINT('',(-7.901772733608E0,9.836420622728E-1,
-1.799633066625E0));
#4353=CARTESIAN_POINT('',(-7.900476531120E0,9.956074652138E-1,
-1.811156800842E0));
#4354=CARTESIAN_POINT('',(-7.899001255219E0,1.009397221488E0,
-1.822678224060E0));
#4355=CARTESIAN_POINT('',(-7.897366714030E0,1.024899615496E0,
-1.834033537660E0));
#4356=CARTESIAN_POINT('',(-7.895579144243E0,1.042126962951E0,
-1.845216806792E0));
#4357=CARTESIAN_POINT('',(-7.893622005746E0,1.061313998049E0,
-1.856351708966E0));
#4358=CARTESIAN_POINT('',(-7.891464708393E0,1.082848274989E0,
-1.867594641253E0));
#4359=CARTESIAN_POINT('',(-7.889078841592E0,1.107115068983E0,
-1.879047968597E0));
#4360=CARTESIAN_POINT('',(-7.886448324985E0,1.134388828839E0,
-1.890732405332E0));
#4361=CARTESIAN_POINT('',(-7.883574026198E0,1.164769331443E0,
-1.902595445127E0));
#4362=CARTESIAN_POINT('',(-7.880470160715E0,1.198200329985E0,
-1.914548964189E0));
#4363=CARTESIAN_POINT('',(-7.877146220849E0,1.234655039155E0,
-1.926543142427E0));
#4364=CARTESIAN_POINT('',(-7.873591363059E0,1.274317979776E0,
-1.938605725627E0));
#4365=CARTESIAN_POINT('',(-7.869775692303E0,1.317591801126E0,
-1.950814886293E0));
#4366=CARTESIAN_POINT('',(-7.865659949485E0,1.365001401031E0,
-1.963257067745E0));
#4367=CARTESIAN_POINT('',(-7.861206138084E0,1.417074664848E0,
-1.975994876894E0));
#4368=CARTESIAN_POINT('',(-7.856378586923E0,1.474327103869E0,
-1.989068892619E0));
#4369=CARTESIAN_POINT('',(-7.851142354984E0,1.537277658140E0,
-2.002505992212E0));
#4370=CARTESIAN_POINT('',(-7.845457747498E0,1.606513812636E0,
-2.016334834747E0));
#4371=CARTESIAN_POINT('',(-7.839278965562E0,1.682711305178E0,
-2.030586891676E0));
#4372=CARTESIAN_POINT('',(-7.834405662926E0,1.743530083785E0,
-2.041244904500E0));
#4373=CARTESIAN_POINT('',(-7.831580922359E0,1.779027009249E0,
-2.047228712333E0));
#4374=CARTESIAN_POINT('',(-7.830977559496E0,1.786619986800E0,
-2.048498253014E0));
#4375=CARTESIAN_POINT('',(-7.920525802956E0,9.040970102342E-1,
-1.694751292356E0));
#4376=CARTESIAN_POINT('',(-7.920539399124E0,9.039870598007E-1,
-1.698091067324E0));
#4377=CARTESIAN_POINT('',(-7.920540792262E0,9.039755742031E-1,
-1.705646124708E0));
#4378=CARTESIAN_POINT('',(-7.920438689106E0,9.048020577609E-1,
-1.717483680096E0));
#4379=CARTESIAN_POINT('',(-7.920201409076E0,9.067213838766E-1,
-1.730249450688E0));
#4380=CARTESIAN_POINT('',(-7.919828685161E0,9.097335389892E-1,
-1.743137942676E0));
#4381=CARTESIAN_POINT('',(-7.919312267751E0,9.139020908725E-1,
-1.756131062655E0));
#4382=CARTESIAN_POINT('',(-7.918641996906E0,9.193061669486E-1,
-1.769218646089E0));
#4383=CARTESIAN_POINT('',(-7.917806282203E0,9.260380086033E-1,
-1.782380781516E0));
#4384=CARTESIAN_POINT('',(-7.916791732318E0,9.342084262283E-1,
-1.795606684477E0));
#4385=CARTESIAN_POINT('',(-7.915580497624E0,9.439716671727E-1,
-1.808918455134E0));
#4386=CARTESIAN_POINT('',(-7.914150943602E0,9.555249685396E-1,
-1.822340524580E0));
#4387=CARTESIAN_POINT('',(-7.912493144033E0,9.689894685725E-1,
-1.835780819397E0));
#4388=CARTESIAN_POINT('',(-7.910623210193E0,9.842952333364E-1,
-1.849018731613E0));
#4389=CARTESIAN_POINT('',(-7.908570638489E0,1.001274771357E0,
-1.861873498432E0));
#4390=CARTESIAN_POINT('',(-7.906346710282E0,1.019913575251E0,
-1.874356600689E0));
#4391=CARTESIAN_POINT('',(-7.903934090630E0,1.040443466441E0,
-1.886624152379E0));
#4392=CARTESIAN_POINT('',(-7.901298713452E0,1.063256504635E0,
-1.898862292659E0));
#4393=CARTESIAN_POINT('',(-7.898409954254E0,1.088738008760E0,
-1.911193229070E0));
#4394=CARTESIAN_POINT('',(-7.895252555556E0,1.117156172103E0,
-1.923649349832E0));
#4395=CARTESIAN_POINT('',(-7.891831352892E0,1.148601683592E0,
-1.936186101835E0));
#4396=CARTESIAN_POINT('',(-7.888166166464E0,1.183011629460E0,
-1.948723467494E0));
#4397=CARTESIAN_POINT('',(-7.884270210594E0,1.220360314651E0,
-1.961222542245E0));
#4398=CARTESIAN_POINT('',(-7.880132389393E0,1.260840822340E0,
-1.973723822969E0));
#4399=CARTESIAN_POINT('',(-7.875719717655E0,1.304866806896E0,
-1.986317091625E0));
#4400=CARTESIAN_POINT('',(-7.870989056902E0,1.352972856585E0,
-1.999097727391E0));
#4401=CARTESIAN_POINT('',(-7.865899406046E0,1.405693722829E0,
-2.012134436478E0));
#4402=CARTESIAN_POINT('',(-7.860412967654E0,1.463549779844E0,
-2.025471930698E0));
#4403=CARTESIAN_POINT('',(-7.854493198125E0,1.527063733034E0,
-2.039139964693E0));
#4404=CARTESIAN_POINT('',(-7.848098566877E0,1.596826595535E0,
-2.053169342861E0));
#4405=CARTESIAN_POINT('',(-7.841181144721E0,1.673517362415E0,
-2.067592988691E0));
#4406=CARTESIAN_POINT('',(-7.835750153737E0,1.734671482058E0,
-2.078354930760E0));
#4407=CARTESIAN_POINT('',(-7.832610464589E0,1.770346622052E0,
-2.084389468971E0));
#4408=CARTESIAN_POINT('',(-7.831940197155E0,1.777976965109E0,
-2.085669431898E0));
#4409=(BOUNDED_SURFACE()B_SPLINE_SURFACE(3,3,((#4273,#4274,#4275,#4276,#4277,
#4278,#4279,#4280,#4281,#4282,#4283,#4284,#4285,#4286,#4287,#4288,#4289,#4290,
#4291,#4292,#4293,#4294,#4295,#4296,#4297,#4298,#4299,#4300,#4301,#4302,#4303,
#4304,#4305,#4306),(#4307,#4308,#4309,#4310,#4311,#4312,#4313,#4314,#4315,#4316,
#4317,#4318,#4319,#4320,#4321,#4322,#4323,#4324,#4325,#4326,#4327,#4328,#4329,
#4330,#4331,#4332,#4333,#4334,#4335,#4336,#4337,#4338,#4339,#4340),(#4341,#4342,
#4343,#4344,#4345,#4346,#4347,#4348,#4349,#4350,#4351,#4352,#4353,#4354,#4355,
#4356,#4357,#4358,#4359,#4360,#4361,#4362,#4363,#4364,#4365,#4366,#4367,#4368,
#4369,#4370,#4371,#4372,#4373,#4374),(#4375,#4376,#4377,#4378,#4379,#4380,#4381,
#4382,#4383,#4384,#4385,#4386,#4387,#4388,#4389,#4390,#4391,#4392,#4393,#4394,
#4395,#4396,#4397,#4398,#4399,#4400,#4401,#4402,#4403,#4404,#4405,#4406,#4407,
#4408)),.UNSPECIFIED.,.F.,.F.,.F.)B_SPLINE_SURFACE_WITH_KNOTS((4,4),(4,1,1,1,1,
1,1,1,1,1,1,1,1,1,1,1,1,1,1,1,1,1,1,1,1,1,1,1,1,1,1,4),(0.E0,1.E0),(
2.376860874271E-4,1.248783410910E-3,2.518982214172E-3,3.830601834562E-3,
5.202740345460E-3,6.654983014411E-3,8.216768916977E-3,9.920749283321E-3,
1.179707048227E-2,1.389377925793E-2,1.627678913704E-2,1.900576426482E-2,
2.208763204922E-2,2.548158113478E-2,2.918749299828E-2,3.328932713884E-2,
3.787898284237E-2,4.304413183861E-2,4.885932729098E-2,5.533996164009E-2,
6.245842339244E-2,7.018766322559E-2,7.856108352762E-2,8.768513985428E-2,
9.767060374875E-2,1.086273098531E-1,1.206624431362E-1,1.338780205269E-1,
1.483853637502E-1,1.643343748396E-1,1.818820609505E-1,1.866561413754E-1),
.UNSPECIFIED.)GEOMETRIC_REPRESENTATION_ITEM()RATIONAL_B_SPLINE_SURFACE(((
1.009053389286E0,1.009053389286E0,1.009053389286E0,1.009053389286E0,
1.009053389286E0,1.009053389286E0,1.009053389286E0,1.009053389286E0,
1.009053389286E0,1.009053389286E0,1.009053389286E0,1.009053389286E0,
1.009053389286E0,1.009053389286E0,1.009053389286E0,1.009053389286E0,
1.009053389286E0,1.009053389286E0,1.009053389286E0,1.009053389286E0,
1.009053389286E0,1.009053389286E0,1.009053389286E0,1.009053389286E0,
1.009053389286E0,1.009053389286E0,1.009053389286E0,1.009053389286E0,
1.009053389286E0,1.009053389286E0,1.009053389286E0,1.009053389286E0,
1.009053389286E0,1.009053389286E0),(9.969822035713E-1,9.969822035713E-1,
9.969822035713E-1,9.969822035713E-1,9.969822035713E-1,9.969822035713E-1,
9.969822035713E-1,9.969822035713E-1,9.969822035713E-1,9.969822035713E-1,
9.969822035713E-1,9.969822035713E-1,9.969822035713E-1,9.969822035713E-1,
9.969822035713E-1,9.969822035713E-1,9.969822035713E-1,9.969822035713E-1,
9.969822035713E-1,9.969822035713E-1,9.969822035713E-1,9.969822035713E-1,
9.969822035713E-1,9.969822035713E-1,9.969822035713E-1,9.969822035713E-1,
9.969822035713E-1,9.969822035713E-1,9.969822035713E-1,9.969822035713E-1,
9.969822035713E-1,9.969822035713E-1,9.969822035713E-1,9.969822035713E-1),(
9.969822035713E-1,9.969822035713E-1,9.969822035713E-1,9.969822035713E-1,
9.969822035713E-1,9.969822035713E-1,9.969822035713E-1,9.969822035713E-1,
9.969822035713E-1,9.969822035713E-1,9.969822035713E-1,9.969822035713E-1,
9.969822035713E-1,9.969822035713E-1,9.969822035713E-1,9.969822035713E-1,
9.969822035713E-1,9.969822035713E-1,9.969822035713E-1,9.969822035713E-1,
9.969822035713E-1,9.969822035713E-1,9.969822035713E-1,9.969822035713E-1,
9.969822035713E-1,9.969822035713E-1,9.969822035713E-1,9.969822035713E-1,
9.969822035713E-1,9.969822035713E-1,9.969822035713E-1,9.969822035713E-1,
9.969822035713E-1,9.969822035713E-1),(1.009053389286E0,1.009053389286E0,
1.009053389286E0,1.009053389286E0,1.009053389286E0,1.009053389286E0,
1.009053389286E0,1.009053389286E0,1.009053389286E0,1.009053389286E0,
1.009053389286E0,1.009053389286E0,1.009053389286E0,1.009053389286E0,
1.009053389286E0,1.009053389286E0,1.009053389286E0,1.009053389286E0,
1.009053389286E0,1.009053389286E0,1.009053389286E0,1.009053389286E0,
1.009053389286E0,1.009053389286E0,1.009053389286E0,1.009053389286E0,
1.009053389286E0,1.009053389286E0,1.009053389286E0,1.009053389286E0,
1.009053389286E0,1.009053389286E0,1.009053389286E0,1.009053389286E0)))REPRESENTATION_ITEM('')SURFACE());
#4410=ORIENTED_EDGE('',*,*,#3222,.T.);
#4411=ORIENTED_EDGE('',*,*,#4251,.F.);
#4412=ORIENTED_EDGE('',*,*,#4268,.F.);
#4413=ORIENTED_EDGE('',*,*,#2433,.T.);
#4414=EDGE_LOOP('',(#4410,#4411,#4412,#4413));
#4415=FACE_OUTER_BOUND('',#4414,.F.);
#4416=ADVANCED_FACE('',(#4415),#4409,.F.);
#4417=CARTESIAN_POINT('',(-7.035702065497E0,1.7E0,-1.09015648E1));
#4418=DIRECTION('',(0.E0,0.E0,1.E0));
#4419=DIRECTION('',(0.E0,1.E0,0.E0));
#4420=AXIS2_PLACEMENT_3D('',#4417,#4418,#4419);
#4421=CYLINDRICAL_SURFACE('',#4420,8.E-1);
#4423=ORIENTED_EDGE('',*,*,#4422,.F.);
#4424=ORIENTED_EDGE('',*,*,#3428,.F.);
#4426=ORIENTED_EDGE('',*,*,#4425,.T.);
#4427=ORIENTED_EDGE('',*,*,#4078,.F.);
#4428=ORIENTED_EDGE('',*,*,#4253,.F.);
#4429=ORIENTED_EDGE('',*,*,#3220,.T.);
#4430=EDGE_LOOP('',(#4423,#4424,#4426,#4427,#4428,#4429));
#4431=FACE_OUTER_BOUND('',#4430,.F.);
#4432=ADVANCED_FACE('',(#4431),#4421,.T.);
#4433=CARTESIAN_POINT('',(-7.035702065497E0,1.7E0,-1.09015648E1));
#4434=DIRECTION('',(0.E0,0.E0,1.E0));
#4435=DIRECTION('',(0.E0,1.E0,0.E0));
#4436=AXIS2_PLACEMENT_3D('',#4433,#4434,#4435);
#4437=CYLINDRICAL_SURFACE('',#4436,8.E-1);
#4438=ORIENTED_EDGE('',*,*,#2773,.F.);
#4439=ORIENTED_EDGE('',*,*,#2788,.F.);
#4441=ORIENTED_EDGE('',*,*,#4440,.T.);
#4443=ORIENTED_EDGE('',*,*,#4442,.F.);
#4444=ORIENTED_EDGE('',*,*,#3061,.F.);
#4445=ORIENTED_EDGE('',*,*,#3234,.T.);
#4446=EDGE_LOOP('',(#4438,#4439,#4441,#4443,#4444,#4445));
#4447=FACE_OUTER_BOUND('',#4446,.F.);
#4448=ADVANCED_FACE('',(#4447),#4437,.T.);
#4449=CARTESIAN_POINT('',(-7.087690267642E0,2.808214524594E0,
-8.399952789984E0));
#4450=CARTESIAN_POINT('',(-7.091432025912E0,2.808033178538E0,
-8.399894120426E0));
#4451=CARTESIAN_POINT('',(-7.103990982949E0,2.807369086076E0,
-8.399783111250E0));
#4452=CARTESIAN_POINT('',(-7.125467164096E0,2.805916856393E0,
-8.400086749073E0));
#4453=CARTESIAN_POINT('',(-7.152216407305E0,2.803546188074E0,
-8.401328824107E0));
#4454=CARTESIAN_POINT('',(-7.179281095137E0,2.800564618124E0,
-8.403463589648E0));
#4455=CARTESIAN_POINT('',(-7.206737715703E0,2.796929889635E0,
-8.406524627819E0));
#4456=CARTESIAN_POINT('',(-7.234683290604E0,2.792585450491E0,
-8.410558489348E0));
#4457=CARTESIAN_POINT('',(-7.263219350346E0,2.787459991390E0,
-8.415625880242E0));
#4458=CARTESIAN_POINT('',(-7.292437873069E0,2.781469522737E0,
-8.421798828133E0));
#4459=CARTESIAN_POINT('',(-7.322425560680E0,2.774515625834E0,
-8.429161792906E0));
#4460=CARTESIAN_POINT('',(-7.353267816038E0,2.766483010436E0,
-8.437813429051E0));
#4461=CARTESIAN_POINT('',(-7.385038745507E0,2.757240987953E0,
-8.447863931175E0));
#4462=CARTESIAN_POINT('',(-7.417804170106E0,2.746641179329E0,
-8.459436316089E0));
#4463=CARTESIAN_POINT('',(-7.451618008080E0,2.734516812549E0,
-8.472665704941E0));
#4464=CARTESIAN_POINT('',(-7.486519081784E0,2.720682554460E0,
-8.487697745346E0));
#4465=CARTESIAN_POINT('',(-7.522527540716E0,2.704933977619E0,
-8.504687096548E0));
#4466=CARTESIAN_POINT('',(-7.559636189003E0,2.687049673012E0,
-8.523792565670E0));
#4467=CARTESIAN_POINT('',(-7.597811188637E0,2.666790719879E0,
-8.545174701358E0));
#4468=CARTESIAN_POINT('',(-7.636956075265E0,2.643919747360E0,
-8.568972116393E0));
#4469=CARTESIAN_POINT('',(-7.676959312690E0,2.618178405334E0,
-8.595321156958E0));
#4470=CARTESIAN_POINT('',(-7.717631042535E0,2.589326422872E0,
-8.624310172037E0));
#4471=CARTESIAN_POINT('',(-7.758781550705E0,2.557091701602E0,
-8.656022869932E0));
#4472=CARTESIAN_POINT('',(-7.800096901249E0,2.521265270804E0,
-8.690434410828E0));
#4473=CARTESIAN_POINT('',(-7.841255222753E0,2.481622730324E0,
-8.727477512585E0));
#4474=CARTESIAN_POINT('',(-7.881719306741E0,2.438137098386E0,
-8.766830118659E0));
#4475=CARTESIAN_POINT('',(-7.920939620815E0,2.390843504761E0,
-8.808037965284E0));
#4476=CARTESIAN_POINT('',(-7.957793457347E0,2.340634389883E0,
-8.849844084348E0));
#4477=CARTESIAN_POINT('',(-7.991222455519E0,2.288844419657E0,
-8.890682447611E0));
#4478=CARTESIAN_POINT('',(-8.020232580682E0,2.237515192745E0,
-8.928656778299E0));
#4479=CARTESIAN_POINT('',(-8.044662422479E0,2.188026536388E0,
-8.962692812358E0));
#4480=CARTESIAN_POINT('',(-8.064878708278E0,2.141099523203E0,
-8.992449438080E0));
#4481=CARTESIAN_POINT('',(-8.081603813660E0,2.096533614214E0,
-9.018286045775E0));
#4482=CARTESIAN_POINT('',(-8.095545207E0,2.053709887983E0,-9.040763007408E0));
#4483=CARTESIAN_POINT('',(-8.107122527039E0,2.012411373690E0,
-9.060151864307E0));
#4484=CARTESIAN_POINT('',(-8.116632618839E0,1.972655636461E0,
-9.076617657442E0));
#4485=CARTESIAN_POINT('',(-8.124339611616E0,1.934551557160E0,
-9.090344864374E0));
#4486=CARTESIAN_POINT('',(-8.130581073706E0,1.897563651780E0,
-9.101729905309E0));
#4487=CARTESIAN_POINT('',(-8.135040303779E0,1.865138693571E0,
-9.110028612451E0));
#4488=CARTESIAN_POINT('',(-8.137333937777E0,1.844799475261E0,
-9.114353424848E0));
#4489=CARTESIAN_POINT('',(-8.138146149701E0,1.836933340326E0,
-9.115891072029E0));
#4490=CARTESIAN_POINT('',(-7.079925362924E0,2.623849404840E0,
-8.405751103761E0));
#4491=CARTESIAN_POINT('',(-7.082787604290E0,2.623705092929E0,
-8.405692862892E0));
#4492=CARTESIAN_POINT('',(-7.092395669278E0,2.623186457861E0,
-8.405582657056E0));
#4493=CARTESIAN_POINT('',(-7.108836175358E0,2.622103816765E0,
-8.405884098086E0));
#4494=CARTESIAN_POINT('',(-7.129347371503E0,2.620403795097E0,
-8.407117337279E0));
#4495=CARTESIAN_POINT('',(-7.150150402556E0,2.618312265644E0,
-8.409237216456E0));
#4496=CARTESIAN_POINT('',(-7.171320146014E0,2.615792828311E0,
-8.412277448886E0));
#4497=CARTESIAN_POINT('',(-7.192947395523E0,2.612797151079E0,
-8.416284741141E0));
#4498=CARTESIAN_POINT('',(-7.215126752643E0,2.609264536394E0,
-8.421319979971E0));
#4499=CARTESIAN_POINT('',(-7.237945639203E0,2.605123124774E0,
-8.427455422471E0));
#4500=CARTESIAN_POINT('',(-7.261487575497E0,2.600288472269E0,
-8.434775805188E0));
#4501=CARTESIAN_POINT('',(-7.285835302357E0,2.594661570700E0,
-8.443380103884E0));
#4502=CARTESIAN_POINT('',(-7.311062773978E0,2.588129613440E0,
-8.453378898961E0));
#4503=CARTESIAN_POINT('',(-7.337237434753E0,2.580564103435E0,
-8.464895655570E0));
#4504=CARTESIAN_POINT('',(-7.364417236057E0,2.571820033538E0,
-8.478066014826E0));
#4505=CARTESIAN_POINT('',(-7.392647856972E0,2.561735491427E0,
-8.493036225170E0));
#4506=CARTESIAN_POINT('',(-7.421959661075E0,2.550130959964E0,
-8.509961636858E0));
#4507=CARTESIAN_POINT('',(-7.452360415276E0,2.536810559326E0,
-8.529001858866E0));
#4508=CARTESIAN_POINT('',(-7.483835464062E0,2.521561443987E0,
-8.550318357865E0));
#4509=CARTESIAN_POINT('',(-7.516317685619E0,2.504167936024E0,
-8.574050851829E0));
#4510=CARTESIAN_POINT('',(-7.549726080184E0,2.484394498164E0,
-8.600336910898E0));
#4511=CARTESIAN_POINT('',(-7.583912875264E0,2.462015231719E0,
-8.629266353819E0));
#4512=CARTESIAN_POINT('',(-7.618728695368E0,2.436774884959E0,
-8.660924526886E0));
#4513=CARTESIAN_POINT('',(-7.653917294559E0,2.408462007530E0,
-8.695288635747E0));
#4514=CARTESIAN_POINT('',(-7.689212688563E0,2.376846699478E0,
-8.732293778735E0));
#4515=CARTESIAN_POINT('',(-7.724160248948E0,2.341848933017E0,
-8.771620911066E0));
#4516=CARTESIAN_POINT('',(-7.758286969413E0,2.303431555529E0,
-8.812819229755E0));
#4517=CARTESIAN_POINT('',(-7.790607895181E0,2.262250725460E0,
-8.854635521965E0));
#4518=CARTESIAN_POINT('',(-7.820166563882E0,2.219342516575E0,
-8.895506264994E0));
#4519=CARTESIAN_POINT('',(-7.846031321223E0,2.176370150020E0,
-8.933534522183E0));
#4520=CARTESIAN_POINT('',(-7.867989270732E0,2.134497925816E0,
-8.967642532196E0));
#4521=CARTESIAN_POINT('',(-7.886299104397E0,2.094377369914E0,
-8.997483962311E0));
#4522=CARTESIAN_POINT('',(-7.901554410498E0,2.055890478563E0,
-9.023413643090E0));
#4523=CARTESIAN_POINT('',(-7.914353404125E0,2.018552623921E0,
-9.045988441725E0));
#4524=CARTESIAN_POINT('',(-7.925045014111E0,1.982220137221E0,
-9.065475864510E0));
#4525=CARTESIAN_POINT('',(-7.933873630777E0,1.946958476526E0,
-9.082036622467E0));
#4526=CARTESIAN_POINT('',(-7.941060414569E0,1.912921087023E0,
-9.095851354735E0));
#4527=CARTESIAN_POINT('',(-7.946902509704E0,1.879680810526E0,
-9.107314993093E0));
#4528=CARTESIAN_POINT('',(-7.951089556666E0,1.850392730996E0,
-9.115674737897E0));
#4529=CARTESIAN_POINT('',(-7.953247621142E0,1.831957123676E0,
-9.120032659149E0));
#4530=CARTESIAN_POINT('',(-7.954012357400E0,1.824818463593E0,
-9.121582234954E0));
#4531=CARTESIAN_POINT('',(-7.072298361422E0,2.493510184603E0,
-8.275221768066E0));
#4532=CARTESIAN_POINT('',(-7.075160331933E0,2.493375454410E0,
-8.275153876718E0));
#4533=CARTESIAN_POINT('',(-7.084765525865E0,2.492875074416E0,
-8.275025586414E0));
#4534=CARTESIAN_POINT('',(-7.101183265242E0,2.491744224434E0,
-8.275376480767E0));
#4535=CARTESIAN_POINT('',(-7.121607857196E0,2.489850316961E0,
-8.276808628896E0));
#4536=CARTESIAN_POINT('',(-7.142237787165E0,2.487435246325E0,
-8.279263624001E0));
#4537=CARTESIAN_POINT('',(-7.163119919294E0,2.484469589720E0,
-8.282772226980E0));
#4538=CARTESIAN_POINT('',(-7.184316674514E0,2.480913699198E0,
-8.287377636177E0));
#4539=CARTESIAN_POINT('',(-7.205893667321E0,2.476717405358E0,
-8.293136669508E0));
#4540=CARTESIAN_POINT('',(-7.227909115330E0,2.471821879759E0,
-8.300116418465E0));
#4541=CARTESIAN_POINT('',(-7.250417104867E0,2.466158357602E0,
-8.308395391522E0));
#4542=CARTESIAN_POINT('',(-7.273470576306E0,2.459646348801E0,
-8.318065332049E0));
#4543=CARTESIAN_POINT('',(-7.297113933052E0,2.452195021600E0,
-8.329228135620E0));
#4544=CARTESIAN_POINT('',(-7.321385363556E0,2.443701547983E0,
-8.341997174531E0));
#4545=CARTESIAN_POINT('',(-7.346314228097E0,2.434050767090E0,
-8.356496384593E0));
#4546=CARTESIAN_POINT('',(-7.371918855895E0,2.423115246048E0,
-8.372858488686E0));
#4547=CARTESIAN_POINT('',(-7.398204027510E0,2.410755079685E0,
-8.391223281316E0));
#4548=CARTESIAN_POINT('',(-7.425154801671E0,2.396819772429E0,
-8.411732320421E0));
#4549=CARTESIAN_POINT('',(-7.452737311785E0,2.381147973215E0,
-8.434526406490E0));
#4550=CARTESIAN_POINT('',(-7.480873033087E0,2.363582373670E0,
-8.459720377802E0));
#4551=CARTESIAN_POINT('',(-7.509473583012E0,2.343952329221E0,
-8.487424251284E0));
#4552=CARTESIAN_POINT('',(-7.538395551025E0,2.322104003839E0,
-8.517694758944E0));
#4553=CARTESIAN_POINT('',(-7.567496855329E0,2.297862777889E0,
-8.550580373293E0));
#4554=CARTESIAN_POINT('',(-7.596548824983E0,2.271105507712E0,
-8.586012253279E0));
#4555=CARTESIAN_POINT('',(-7.625319327853E0,2.241701974756E0,
-8.623871908981E0));
#4556=CARTESIAN_POINT('',(-7.653428538075E0,2.209673772671E0,
-8.663772496091E0));
#4557=CARTESIAN_POINT('',(-7.680493568467E0,2.175093299810E0,
-8.705185303891E0));
#4558=CARTESIAN_POINT('',(-7.705745392210E0,2.138662011258E0,
-8.746772582274E0));
#4559=CARTESIAN_POINT('',(-7.728478940432E0,2.101390000251E0,
-8.786914404884E0));
#4560=CARTESIAN_POINT('',(-7.748055695138E0,2.064766646972E0,
-8.823728690107E0));
#4561=CARTESIAN_POINT('',(-7.764415789459E0,2.029769970755E0,
-8.856216406053E0));
#4562=CARTESIAN_POINT('',(-7.777855249945E0,1.996880429479E0,
-8.884148753368E0));
#4563=CARTESIAN_POINT('',(-7.788897439647E0,1.965919464791E0,
-8.907983209845E0));
#4564=CARTESIAN_POINT('',(-7.798042920456E0,1.936421635170E0,
-8.928355540782E0));
#4565=CARTESIAN_POINT('',(-7.805592802996E0,1.908205126307E0,
-8.945624087513E0));
#4566=CARTESIAN_POINT('',(-7.811761819730E0,1.881246380368E0,
-8.960047035136E0));
#4567=CARTESIAN_POINT('',(-7.816738402530E0,1.855578788176E0,
-8.971891431799E0));
#4568=CARTESIAN_POINT('',(-7.820753070119E0,1.830805246651E0,
-8.981585716224E0));
#4569=CARTESIAN_POINT('',(-7.823612012620E0,1.809193398898E0,
-8.988571405425E0));
#4570=CARTESIAN_POINT('',(-7.825079378359E0,1.795682478979E0,
-8.992183993286E0));
#4571=CARTESIAN_POINT('',(-7.825598617628E0,1.790463385043E0,
-8.993465036659E0));
#4572=CARTESIAN_POINT('',(-7.069621185841E0,2.499428688952E0,
-8.090716552994E0));
#4573=CARTESIAN_POINT('',(-7.073362302431E0,2.499270042885E0,
-8.090635020545E0));
#4574=CARTESIAN_POINT('',(-7.085914457666E0,2.498649198404E0,
-8.090481167568E0));
#4575=CARTESIAN_POINT('',(-7.107336702361E0,2.497082757350E0,
-8.090901964951E0));
#4576=CARTESIAN_POINT('',(-7.133880772119E0,2.494252755377E0,
-8.092615273907E0));
#4577=CARTESIAN_POINT('',(-7.160535367251E0,2.490504686022E0,
-8.095543960509E0));
#4578=CARTESIAN_POINT('',(-7.187310609604E0,2.485812822234E0,
-8.099714612433E0));
#4579=CARTESIAN_POINT('',(-7.214236303165E0,2.480141185271E0,
-8.105165469086E0));
#4580=CARTESIAN_POINT('',(-7.241345305361E0,2.473443408014E0,
-8.111947597032E0));
#4581=CARTESIAN_POINT('',(-7.268660406812E0,2.465666372624E0,
-8.120120786095E0));
#4582=CARTESIAN_POINT('',(-7.296198577595E0,2.456748805785E0,
-8.129754741280E0));
#4583=CARTESIAN_POINT('',(-7.323974620488E0,2.446619288352E0,
-8.140930982853E0));
#4584=CARTESIAN_POINT('',(-7.351992633263E0,2.435199192262E0,
-8.153739130258E0));
#4585=CARTESIAN_POINT('',(-7.380249126872E0,2.422400950821E0,
-8.168278289382E0));
#4586=CARTESIAN_POINT('',(-7.408730284565E0,2.408128500660E0,
-8.184655850410E0));
#4587=CARTESIAN_POINT('',(-7.437410134315E0,2.392278193681E0,
-8.202985417633E0));
#4588=CARTESIAN_POINT('',(-7.466248217055E0,2.374739446902E0,
-8.223384797269E0));
#4589=CARTESIAN_POINT('',(-7.495183539094E0,2.355398370851E0,
-8.245970031834E0));
#4590=CARTESIAN_POINT('',(-7.524136749582E0,2.334138039978E0,
-8.270852709859E0));
#4591=CARTESIAN_POINT('',(-7.552984369502E0,2.310859366365E0,
-8.298112501784E0));
#4592=CARTESIAN_POINT('',(-7.581597372105E0,2.285457736777E0,
-8.327820477652E0));
#4593=CARTESIAN_POINT('',(-7.609796232908E0,2.257863603482E0,
-8.359986600859E0));
#4594=CARTESIAN_POINT('',(-7.637408517251E0,2.227995893107E0,
-8.394607222260E0));
#4595=CARTESIAN_POINT('',(-7.664185616945E0,2.195854841770E0,
-8.431548413083E0));
#4596=CARTESIAN_POINT('',(-7.689885859464E0,2.161452203908E0,
-8.470615935595E0));
#4597=CARTESIAN_POINT('',(-7.714149250631E0,2.125001748457E0,
-8.511327109816E0));
#4598=CARTESIAN_POINT('',(-7.736639758694E0,2.086798141707E0,
-8.553043101261E0));
#4599=CARTESIAN_POINT('',(-7.756746229606E0,2.047841136084E0,
-8.594306665089E0));
#4600=CARTESIAN_POINT('',(-7.774005877321E0,2.009403847179E0,
-8.633418147524E0));
#4601=CARTESIAN_POINT('',(-7.788119134567E0,1.973116028113E0,
-8.668516464782E0));
#4602=CARTESIAN_POINT('',(-7.799287132468E0,1.939916189711E0,
-8.698713870248E0));
#4603=CARTESIAN_POINT('',(-7.807965047475E0,1.910120128281E0,
-8.723947699790E0));
#4604=CARTESIAN_POINT('',(-7.814708885012E0,1.883383845321E0,
-8.744820524625E0));
#4605=CARTESIAN_POINT('',(-7.819994763869E0,1.859133873584E0,
-8.762079633742E0));
#4606=CARTESIAN_POINT('',(-7.824129036964E0,1.837062871884E0,
-8.776211765188E0));
#4607=CARTESIAN_POINT('',(-7.827338287114E0,1.816977518338E0,
-8.787612885163E0));
#4608=CARTESIAN_POINT('',(-7.829809106476E0,1.798702273768E0,
-8.796672182271E0));
#4609=CARTESIAN_POINT('',(-7.831721221337E0,1.781772857527E0,
-8.803865457814E0));
#4610=CARTESIAN_POINT('',(-7.833034047396E0,1.767533612254E0,
-8.808908898377E0));
#4611=CARTESIAN_POINT('',(-7.833691351312E0,1.758861440224E0,
-8.811467946075E0));
#4612=CARTESIAN_POINT('',(-7.833921957847E0,1.755542937502E0,
-8.812369414744E0));
#4613=(BOUNDED_SURFACE()B_SPLINE_SURFACE(3,3,((#4449,#4450,#4451,#4452,#4453,
#4454,#4455,#4456,#4457,#4458,#4459,#4460,#4461,#4462,#4463,#4464,#4465,#4466,
#4467,#4468,#4469,#4470,#4471,#4472,#4473,#4474,#4475,#4476,#4477,#4478,#4479,
#4480,#4481,#4482,#4483,#4484,#4485,#4486,#4487,#4488,#4489),(#4490,#4491,#4492,
#4493,#4494,#4495,#4496,#4497,#4498,#4499,#4500,#4501,#4502,#4503,#4504,#4505,
#4506,#4507,#4508,#4509,#4510,#4511,#4512,#4513,#4514,#4515,#4516,#4517,#4518,
#4519,#4520,#4521,#4522,#4523,#4524,#4525,#4526,#4527,#4528,#4529,#4530),(#4531,
#4532,#4533,#4534,#4535,#4536,#4537,#4538,#4539,#4540,#4541,#4542,#4543,#4544,
#4545,#4546,#4547,#4548,#4549,#4550,#4551,#4552,#4553,#4554,#4555,#4556,#4557,
#4558,#4559,#4560,#4561,#4562,#4563,#4564,#4565,#4566,#4567,#4568,#4569,#4570,
#4571),(#4572,#4573,#4574,#4575,#4576,#4577,#4578,#4579,#4580,#4581,#4582,#4583,
#4584,#4585,#4586,#4587,#4588,#4589,#4590,#4591,#4592,#4593,#4594,#4595,#4596,
#4597,#4598,#4599,#4600,#4601,#4602,#4603,#4604,#4605,#4606,#4607,#4608,#4609,
#4610,#4611,#4612)),.UNSPECIFIED.,.F.,.F.,.F.)B_SPLINE_SURFACE_WITH_KNOTS((4,4),
(4,1,1,1,1,1,1,1,1,1,1,1,1,1,1,1,1,1,1,1,1,1,1,1,1,1,1,1,1,1,1,1,1,1,1,1,1,1,4),
(0.E0,1.E0),(-8.189122130110E-3,0.E0,1.929117761635E-2,3.877738391162E-2,
5.849046522655E-2,7.847887355300E-2,9.885828739311E-2,1.197128664092E-1,
1.411140505506E-1,1.631722714119E-1,1.859795391363E-1,2.096281660108E-1,
2.342315612835E-1,2.598960828012E-1,2.867254822712E-1,3.148422156768E-1,
3.443585580271E-1,3.753685021979E-1,4.079886570250E-1,4.422376596801E-1,
4.782264817001E-1,5.159206633296E-1,5.553775006718E-1,5.963877723467E-1,
6.388708896670E-1,6.821575112826E-1,7.257838919171E-1,7.673614208510E-1,
8.055887826039E-1,8.392425468679E-1,8.684750367998E-1,8.940747946045E-1,
9.167616868830E-1,9.372141348846E-1,9.553285939003E-1,9.714426913424E-1,
9.861366238216E-1,1.E0,1.008554684996E0),.UNSPECIFIED.)GEOMETRIC_REPRESENTATION_ITEM()RATIONAL_B_SPLINE_SURFACE(((1.187262885521E0,1.187262885521E0,
1.187262885521E0,1.187262885521E0,1.187262885521E0,1.187262885521E0,
1.187262885521E0,1.187262885521E0,1.187262885521E0,1.187262885521E0,
1.187262885521E0,1.187262885521E0,1.187262885521E0,1.187262885521E0,
1.187262885521E0,1.187262885521E0,1.187262885521E0,1.187262885521E0,
1.187262885521E0,1.187262885521E0,1.187262885521E0,1.187262885521E0,
1.187262885521E0,1.187262885521E0,1.187262885521E0,1.187262885521E0,
1.187262885521E0,1.187262885521E0,1.187262885521E0,1.187262885521E0,
1.187262885521E0,1.187262885521E0,1.187262885521E0,1.187262885521E0,
1.187262885521E0,1.187262885521E0,1.187262885521E0,1.187262885521E0,
1.187262885521E0,1.187262885521E0,1.187262885521E0),(9.375790381598E-1,
9.375790381598E-1,9.375790381598E-1,9.375790381598E-1,9.375790381598E-1,
9.375790381598E-1,9.375790381598E-1,9.375790381598E-1,9.375790381598E-1,
9.375790381598E-1,9.375790381598E-1,9.375790381598E-1,9.375790381598E-1,
9.375790381598E-1,9.375790381598E-1,9.375790381598E-1,9.375790381598E-1,
9.375790381598E-1,9.375790381598E-1,9.375790381598E-1,9.375790381598E-1,
9.375790381598E-1,9.375790381598E-1,9.375790381598E-1,9.375790381598E-1,
9.375790381598E-1,9.375790381598E-1,9.375790381598E-1,9.375790381598E-1,
9.375790381598E-1,9.375790381598E-1,9.375790381598E-1,9.375790381598E-1,
9.375790381598E-1,9.375790381598E-1,9.375790381598E-1,9.375790381598E-1,
9.375790381598E-1,9.375790381598E-1,9.375790381598E-1,9.375790381598E-1),(
9.375790381598E-1,9.375790381598E-1,9.375790381598E-1,9.375790381598E-1,
9.375790381598E-1,9.375790381598E-1,9.375790381598E-1,9.375790381598E-1,
9.375790381598E-1,9.375790381598E-1,9.375790381598E-1,9.375790381598E-1,
9.375790381598E-1,9.375790381598E-1,9.375790381598E-1,9.375790381598E-1,
9.375790381598E-1,9.375790381598E-1,9.375790381598E-1,9.375790381598E-1,
9.375790381598E-1,9.375790381598E-1,9.375790381598E-1,9.375790381598E-1,
9.375790381598E-1,9.375790381598E-1,9.375790381598E-1,9.375790381598E-1,
9.375790381598E-1,9.375790381598E-1,9.375790381598E-1,9.375790381598E-1,
9.375790381598E-1,9.375790381598E-1,9.375790381598E-1,9.375790381598E-1,
9.375790381598E-1,9.375790381598E-1,9.375790381598E-1,9.375790381598E-1,
9.375790381598E-1),(1.187262885521E0,1.187262885521E0,1.187262885521E0,
1.187262885521E0,1.187262885521E0,1.187262885521E0,1.187262885521E0,
1.187262885521E0,1.187262885521E0,1.187262885521E0,1.187262885521E0,
1.187262885521E0,1.187262885521E0,1.187262885521E0,1.187262885521E0,
1.187262885521E0,1.187262885521E0,1.187262885521E0,1.187262885521E0,
1.187262885521E0,1.187262885521E0,1.187262885521E0,1.187262885521E0,
1.187262885521E0,1.187262885521E0,1.187262885521E0,1.187262885521E0,
1.187262885521E0,1.187262885521E0,1.187262885521E0,1.187262885521E0,
1.187262885521E0,1.187262885521E0,1.187262885521E0,1.187262885521E0,
1.187262885521E0,1.187262885521E0,1.187262885521E0,1.187262885521E0,
1.187262885521E0,1.187262885521E0)))REPRESENTATION_ITEM('')SURFACE());
#4614=ORIENTED_EDGE('',*,*,#3397,.F.);
#4615=ORIENTED_EDGE('',*,*,#3430,.T.);
#4616=ORIENTED_EDGE('',*,*,#4422,.T.);
#4617=ORIENTED_EDGE('',*,*,#3380,.F.);
#4618=EDGE_LOOP('',(#4614,#4615,#4616,#4617));
#4619=FACE_OUTER_BOUND('',#4618,.F.);
#4620=ADVANCED_FACE('',(#4619),#4613,.F.);
#4621=CARTESIAN_POINT('',(0.E0,2.5E0,0.E0));
#4622=DIRECTION('',(0.E0,1.E0,0.E0));
#4623=DIRECTION('',(1.E0,0.E0,0.E0));
#4624=AXIS2_PLACEMENT_3D('',#4621,#4622,#4623);
#4625=PLANE('',#4624);
#4626=ORIENTED_EDGE('',*,*,#3443,.F.);
#4628=ORIENTED_EDGE('',*,*,#4627,.F.);
#4629=ORIENTED_EDGE('',*,*,#4064,.F.);
#4630=ORIENTED_EDGE('',*,*,#4425,.F.);
#4631=EDGE_LOOP('',(#4626,#4628,#4629,#4630));
#4632=FACE_OUTER_BOUND('',#4631,.F.);
#4633=ADVANCED_FACE('',(#4632),#4625,.T.);
#4634=CARTESIAN_POINT('',(0.E0,2.5E0,0.E0));
#4635=DIRECTION('',(0.E0,1.E0,0.E0));
#4636=DIRECTION('',(1.E0,0.E0,0.E0));
#4637=AXIS2_PLACEMENT_3D('',#4634,#4635,#4636);
#4638=PLANE('',#4637);
#4640=ORIENTED_EDGE('',*,*,#4639,.F.);
#4642=ORIENTED_EDGE('',*,*,#4641,.F.);
#4644=ORIENTED_EDGE('',*,*,#4643,.F.);
#4645=ORIENTED_EDGE('',*,*,#4440,.F.);
#4646=EDGE_LOOP('',(#4640,#4642,#4644,#4645));
#4647=FACE_OUTER_BOUND('',#4646,.F.);
#4648=ADVANCED_FACE('',(#4647),#4638,.T.);
#4649=CARTESIAN_POINT('',(7.035702065497E0,1.7E0,1.090133704E1));
#4650=DIRECTION('',(0.E0,0.E0,-1.E0));
#4651=DIRECTION('',(0.E0,1.E0,0.E0));
#4652=AXIS2_PLACEMENT_3D('',#4649,#4650,#4651);
#4653=CYLINDRICAL_SURFACE('',#4652,8.E-1);
#4654=ORIENTED_EDGE('',*,*,#3457,.F.);
#4655=ORIENTED_EDGE('',*,*,#3632,.F.);
#4656=ORIENTED_EDGE('',*,*,#3698,.F.);
#4658=ORIENTED_EDGE('',*,*,#4657,.F.);
#4659=ORIENTED_EDGE('',*,*,#4049,.F.);
#4660=ORIENTED_EDGE('',*,*,#4627,.T.);
#4661=EDGE_LOOP('',(#4654,#4655,#4656,#4658,#4659,#4660));
#4662=FACE_OUTER_BOUND('',#4661,.F.);
#4663=ADVANCED_FACE('',(#4662),#4653,.T.);
#4664=CARTESIAN_POINT('',(7.035702065497E0,1.7E0,1.090133704E1));
#4665=DIRECTION('',(0.E0,0.E0,-1.E0));
#4666=DIRECTION('',(0.E0,1.E0,0.E0));
#4667=AXIS2_PLACEMENT_3D('',#4664,#4665,#4666);
#4668=CYLINDRICAL_SURFACE('',#4667,8.E-1);
#4670=ORIENTED_EDGE('',*,*,#4669,.F.);
#4672=ORIENTED_EDGE('',*,*,#4671,.F.);
#4673=ORIENTED_EDGE('',*,*,#3713,.F.);
#4675=ORIENTED_EDGE('',*,*,#4674,.F.);
#4677=ORIENTED_EDGE('',*,*,#4676,.F.);
#4678=ORIENTED_EDGE('',*,*,#4641,.T.);
#4679=EDGE_LOOP('',(#4670,#4672,#4673,#4675,#4677,#4678));
#4680=FACE_OUTER_BOUND('',#4679,.F.);
#4681=ADVANCED_FACE('',(#4680),#4668,.T.);
#4682=CARTESIAN_POINT('',(7.087690267642E0,2.808214524594E0,-2.500047210016E0));
#4683=CARTESIAN_POINT('',(7.091432025912E0,2.808033178538E0,-2.500105879574E0));
#4684=CARTESIAN_POINT('',(7.103990982949E0,2.807369086076E0,-2.500216888750E0));
#4685=CARTESIAN_POINT('',(7.125467164096E0,2.805916856393E0,-2.499913250927E0));
#4686=CARTESIAN_POINT('',(7.152216407305E0,2.803546188074E0,-2.498671175893E0));
#4687=CARTESIAN_POINT('',(7.179281095137E0,2.800564618124E0,-2.496536410352E0));
#4688=CARTESIAN_POINT('',(7.206737715703E0,2.796929889635E0,-2.493475372181E0));
#4689=CARTESIAN_POINT('',(7.234683290604E0,2.792585450491E0,-2.489441510652E0));
#4690=CARTESIAN_POINT('',(7.263219350346E0,2.787459991391E0,-2.484374119758E0));
#4691=CARTESIAN_POINT('',(7.292437873069E0,2.781469522737E0,-2.478201171867E0));
#4692=CARTESIAN_POINT('',(7.322425560680E0,2.774515625834E0,-2.470838207094E0));
#4693=CARTESIAN_POINT('',(7.353267816037E0,2.766483010436E0,-2.462186570949E0));
#4694=CARTESIAN_POINT('',(7.385038745507E0,2.757240987953E0,-2.452136068825E0));
#4695=CARTESIAN_POINT('',(7.417804170106E0,2.746641179330E0,-2.440563683911E0));
#4696=CARTESIAN_POINT('',(7.451618008079E0,2.734516812549E0,-2.427334295059E0));
#4697=CARTESIAN_POINT('',(7.486519081783E0,2.720682554460E0,-2.412302254655E0));
#4698=CARTESIAN_POINT('',(7.522527540715E0,2.704933977620E0,-2.395312903452E0));
#4699=CARTESIAN_POINT('',(7.559636189002E0,2.687049673013E0,-2.376207434330E0));
#4700=CARTESIAN_POINT('',(7.597811188636E0,2.666790719879E0,-2.354825298643E0));
#4701=CARTESIAN_POINT('',(7.636956075264E0,2.643919747361E0,-2.331027883608E0));
#4702=CARTESIAN_POINT('',(7.676959312688E0,2.618178405335E0,-2.304678843043E0));
#4703=CARTESIAN_POINT('',(7.717631042533E0,2.589326422874E0,-2.275689827965E0));
#4704=CARTESIAN_POINT('',(7.758781550703E0,2.557091701603E0,-2.243977130069E0));
#4705=CARTESIAN_POINT('',(7.800096901248E0,2.521265270805E0,-2.209565589173E0));
#4706=CARTESIAN_POINT('',(7.841255222751E0,2.481622730326E0,-2.172522487416E0));
#4707=CARTESIAN_POINT('',(7.881719306739E0,2.438137098387E0,-2.133169881342E0));
#4708=CARTESIAN_POINT('',(7.920939620815E0,2.390843504762E0,-2.091962034717E0));
#4709=CARTESIAN_POINT('',(7.957793457347E0,2.340634389884E0,-2.050155915652E0));
#4710=CARTESIAN_POINT('',(7.991222455519E0,2.288844419657E0,-2.009317552389E0));
#4711=CARTESIAN_POINT('',(8.020232580682E0,2.237515192745E0,-1.971343221701E0));
#4712=CARTESIAN_POINT('',(8.044662422478E0,2.188026536388E0,-1.937307187642E0));
#4713=CARTESIAN_POINT('',(8.064878708278E0,2.141099523202E0,-1.907550561920E0));
#4714=CARTESIAN_POINT('',(8.081603813660E0,2.096533614214E0,-1.881713954225E0));
#4715=CARTESIAN_POINT('',(8.095545207E0,2.053709887983E0,-1.859236992592E0));
#4716=CARTESIAN_POINT('',(8.107122527040E0,2.012411373690E0,-1.839848135693E0));
#4717=CARTESIAN_POINT('',(8.116632618839E0,1.972655636461E0,-1.823382342558E0));
#4718=CARTESIAN_POINT('',(8.124339611616E0,1.934551557160E0,-1.809655135626E0));
#4719=CARTESIAN_POINT('',(8.130581073706E0,1.897563651780E0,-1.798270094691E0));
#4720=CARTESIAN_POINT('',(8.135040303779E0,1.865138693571E0,-1.789971387549E0));
#4721=CARTESIAN_POINT('',(8.137333937777E0,1.844799475261E0,-1.785646575152E0));
#4722=CARTESIAN_POINT('',(8.138146149701E0,1.836933340326E0,-1.784108927971E0));
#4723=CARTESIAN_POINT('',(7.079925362924E0,2.623849404840E0,-2.494248896239E0));
#4724=CARTESIAN_POINT('',(7.082787604290E0,2.623705092929E0,-2.494307137108E0));
#4725=CARTESIAN_POINT('',(7.092395669278E0,2.623186457861E0,-2.494417342944E0));
#4726=CARTESIAN_POINT('',(7.108836175358E0,2.622103816765E0,-2.494115901914E0));
#4727=CARTESIAN_POINT('',(7.129347371503E0,2.620403795097E0,-2.492882662721E0));
#4728=CARTESIAN_POINT('',(7.150150402555E0,2.618312265644E0,-2.490762783544E0));
#4729=CARTESIAN_POINT('',(7.171320146014E0,2.615792828311E0,-2.487722551114E0));
#4730=CARTESIAN_POINT('',(7.192947395523E0,2.612797151079E0,-2.483715258859E0));
#4731=CARTESIAN_POINT('',(7.215126752643E0,2.609264536394E0,-2.478680020030E0));
#4732=CARTESIAN_POINT('',(7.237945639203E0,2.605123124774E0,-2.472544577529E0));
#4733=CARTESIAN_POINT('',(7.261487575497E0,2.600288472269E0,-2.465224194813E0));
#4734=CARTESIAN_POINT('',(7.285835302357E0,2.594661570700E0,-2.456619896116E0));
#4735=CARTESIAN_POINT('',(7.311062773978E0,2.588129613440E0,-2.446621101039E0));
#4736=CARTESIAN_POINT('',(7.337237434752E0,2.580564103435E0,-2.435104344431E0));
#4737=CARTESIAN_POINT('',(7.364417236057E0,2.571820033538E0,-2.421933985175E0));
#4738=CARTESIAN_POINT('',(7.392647856971E0,2.561735491428E0,-2.406963774830E0));
#4739=CARTESIAN_POINT('',(7.421959661074E0,2.550130959964E0,-2.390038363143E0));
#4740=CARTESIAN_POINT('',(7.452360415275E0,2.536810559326E0,-2.370998141134E0));
#4741=CARTESIAN_POINT('',(7.483835464061E0,2.521561443988E0,-2.349681642136E0));
#4742=CARTESIAN_POINT('',(7.516317685618E0,2.504167936025E0,-2.325949148172E0));
#4743=CARTESIAN_POINT('',(7.549726080183E0,2.484394498165E0,-2.299663089103E0));
#4744=CARTESIAN_POINT('',(7.583912875262E0,2.462015231720E0,-2.270733646182E0));
#4745=CARTESIAN_POINT('',(7.618728695367E0,2.436774884960E0,-2.239075473116E0));
#4746=CARTESIAN_POINT('',(7.653917294558E0,2.408462007532E0,-2.204711364255E0));
#4747=CARTESIAN_POINT('',(7.689212688562E0,2.376846699479E0,-2.167706221267E0));
#4748=CARTESIAN_POINT('',(7.724160248947E0,2.341848933018E0,-2.128379088935E0));
#4749=CARTESIAN_POINT('',(7.758286969413E0,2.303431555530E0,-2.087180770246E0));
#4750=CARTESIAN_POINT('',(7.790607895181E0,2.262250725460E0,-2.045364478035E0));
#4751=CARTESIAN_POINT('',(7.820166563882E0,2.219342516576E0,-2.004493735006E0));
#4752=CARTESIAN_POINT('',(7.846031321223E0,2.176370150021E0,-1.966465477817E0));
#4753=CARTESIAN_POINT('',(7.867989270732E0,2.134497925817E0,-1.932357467804E0));
#4754=CARTESIAN_POINT('',(7.886299104397E0,2.094377369914E0,-1.902516037689E0));
#4755=CARTESIAN_POINT('',(7.901554410498E0,2.055890478563E0,-1.876586356909E0));
#4756=CARTESIAN_POINT('',(7.914353404125E0,2.018552623921E0,-1.854011558275E0));
#4757=CARTESIAN_POINT('',(7.925045014111E0,1.982220137221E0,-1.834524135490E0));
#4758=CARTESIAN_POINT('',(7.933873630777E0,1.946958476526E0,-1.817963377533E0));
#4759=CARTESIAN_POINT('',(7.941060414569E0,1.912921087022E0,-1.804148645264E0));
#4760=CARTESIAN_POINT('',(7.946902509704E0,1.879680810526E0,-1.792685006907E0));
#4761=CARTESIAN_POINT('',(7.951089556666E0,1.850392730996E0,-1.784325262103E0));
#4762=CARTESIAN_POINT('',(7.953247621142E0,1.831957123676E0,-1.779967340851E0));
#4763=CARTESIAN_POINT('',(7.954012357400E0,1.824818463593E0,-1.778417765046E0));
#4764=CARTESIAN_POINT('',(7.072298361422E0,2.493510184603E0,-2.624778231934E0));
#4765=CARTESIAN_POINT('',(7.075160331933E0,2.493375454410E0,-2.624846123282E0));
#4766=CARTESIAN_POINT('',(7.084765525864E0,2.492875074416E0,-2.624974413586E0));
#4767=CARTESIAN_POINT('',(7.101183265242E0,2.491744224434E0,-2.624623519233E0));
#4768=CARTESIAN_POINT('',(7.121607857196E0,2.489850316961E0,-2.623191371104E0));
#4769=CARTESIAN_POINT('',(7.142237787165E0,2.487435246325E0,-2.620736375999E0));
#4770=CARTESIAN_POINT('',(7.163119919294E0,2.484469589720E0,-2.617227773020E0));
#4771=CARTESIAN_POINT('',(7.184316674514E0,2.480913699198E0,-2.612622363823E0));
#4772=CARTESIAN_POINT('',(7.205893667321E0,2.476717405359E0,-2.606863330492E0));
#4773=CARTESIAN_POINT('',(7.227909115329E0,2.471821879759E0,-2.599883581535E0));
#4774=CARTESIAN_POINT('',(7.250417104867E0,2.466158357602E0,-2.591604608478E0));
#4775=CARTESIAN_POINT('',(7.273470576305E0,2.459646348801E0,-2.581934667951E0));
#4776=CARTESIAN_POINT('',(7.297113933051E0,2.452195021600E0,-2.570771864380E0));
#4777=CARTESIAN_POINT('',(7.321385363555E0,2.443701547984E0,-2.558002825469E0));
#4778=CARTESIAN_POINT('',(7.346314228096E0,2.434050767090E0,-2.543503615407E0));
#4779=CARTESIAN_POINT('',(7.371918855894E0,2.423115246048E0,-2.527141511315E0));
#4780=CARTESIAN_POINT('',(7.398204027510E0,2.410755079685E0,-2.508776718685E0));
#4781=CARTESIAN_POINT('',(7.425154801670E0,2.396819772430E0,-2.488267679580E0));
#4782=CARTESIAN_POINT('',(7.452737311784E0,2.381147973215E0,-2.465473593511E0));
#4783=CARTESIAN_POINT('',(7.480873033086E0,2.363582373671E0,-2.440279622199E0));
#4784=CARTESIAN_POINT('',(7.509473583011E0,2.343952329222E0,-2.412575748717E0));
#4785=CARTESIAN_POINT('',(7.538395551024E0,2.322104003840E0,-2.382305241057E0));
#4786=CARTESIAN_POINT('',(7.567496855327E0,2.297862777890E0,-2.349419626708E0));
#4787=CARTESIAN_POINT('',(7.596548824982E0,2.271105507713E0,-2.313987746723E0));
#4788=CARTESIAN_POINT('',(7.625319327852E0,2.241701974757E0,-2.276128091020E0));
#4789=CARTESIAN_POINT('',(7.653428538074E0,2.209673772672E0,-2.236227503910E0));
#4790=CARTESIAN_POINT('',(7.680493568467E0,2.175093299811E0,-2.194814696109E0));
#4791=CARTESIAN_POINT('',(7.705745392210E0,2.138662011258E0,-2.153227417727E0));
#4792=CARTESIAN_POINT('',(7.728478940432E0,2.101390000251E0,-2.113085595116E0));
#4793=CARTESIAN_POINT('',(7.748055695138E0,2.064766646972E0,-2.076271309893E0));
#4794=CARTESIAN_POINT('',(7.764415789459E0,2.029769970756E0,-2.043783593948E0));
#4795=CARTESIAN_POINT('',(7.777855249945E0,1.996880429479E0,-2.015851246631E0));
#4796=CARTESIAN_POINT('',(7.788897439647E0,1.965919464791E0,-1.992016790155E0));
#4797=CARTESIAN_POINT('',(7.798042920456E0,1.936421635170E0,-1.971644459218E0));
#4798=CARTESIAN_POINT('',(7.805592802996E0,1.908205126307E0,-1.954375912487E0));
#4799=CARTESIAN_POINT('',(7.811761819730E0,1.881246380368E0,-1.939952964864E0));
#4800=CARTESIAN_POINT('',(7.816738402531E0,1.855578788176E0,-1.928108568201E0));
#4801=CARTESIAN_POINT('',(7.820753070119E0,1.830805246651E0,-1.918414283776E0));
#4802=CARTESIAN_POINT('',(7.823612012620E0,1.809193398898E0,-1.911428594575E0));
#4803=CARTESIAN_POINT('',(7.825079378359E0,1.795682478979E0,-1.907816006714E0));
#4804=CARTESIAN_POINT('',(7.825598617628E0,1.790463385043E0,-1.906534963341E0));
#4805=CARTESIAN_POINT('',(7.069621185841E0,2.499428688952E0,-2.809283447006E0));
#4806=CARTESIAN_POINT('',(7.073362302431E0,2.499270042885E0,-2.809364979455E0));
#4807=CARTESIAN_POINT('',(7.085914457666E0,2.498649198404E0,-2.809518832432E0));
#4808=CARTESIAN_POINT('',(7.107336702361E0,2.497082757350E0,-2.809098035049E0));
#4809=CARTESIAN_POINT('',(7.133880772119E0,2.494252755377E0,-2.807384726093E0));
#4810=CARTESIAN_POINT('',(7.160535367251E0,2.490504686022E0,-2.804456039491E0));
#4811=CARTESIAN_POINT('',(7.187310609604E0,2.485812822234E0,-2.800285387567E0));
#4812=CARTESIAN_POINT('',(7.214236303165E0,2.480141185271E0,-2.794834530914E0));
#4813=CARTESIAN_POINT('',(7.241345305361E0,2.473443408014E0,-2.788052402968E0));
#4814=CARTESIAN_POINT('',(7.268660406811E0,2.465666372624E0,-2.779879213905E0));
#4815=CARTESIAN_POINT('',(7.296198577595E0,2.456748805785E0,-2.770245258720E0));
#4816=CARTESIAN_POINT('',(7.323974620487E0,2.446619288352E0,-2.759069017147E0));
#4817=CARTESIAN_POINT('',(7.351992633263E0,2.435199192262E0,-2.746260869743E0));
#4818=CARTESIAN_POINT('',(7.380249126871E0,2.422400950822E0,-2.731721710619E0));
#4819=CARTESIAN_POINT('',(7.408730284564E0,2.408128500660E0,-2.715344149590E0));
#4820=CARTESIAN_POINT('',(7.437410134314E0,2.392278193682E0,-2.697014582368E0));
#4821=CARTESIAN_POINT('',(7.466248217054E0,2.374739446902E0,-2.676615202731E0));
#4822=CARTESIAN_POINT('',(7.495183539093E0,2.355398370852E0,-2.654029968167E0));
#4823=CARTESIAN_POINT('',(7.524136749581E0,2.334138039979E0,-2.629147290142E0));
#4824=CARTESIAN_POINT('',(7.552984369501E0,2.310859366365E0,-2.601887498217E0));
#4825=CARTESIAN_POINT('',(7.581597372104E0,2.285457736778E0,-2.572179522349E0));
#4826=CARTESIAN_POINT('',(7.609796232907E0,2.257863603484E0,-2.540013399142E0));
#4827=CARTESIAN_POINT('',(7.637408517250E0,2.227995893109E0,-2.505392777741E0));
#4828=CARTESIAN_POINT('',(7.664185616944E0,2.195854841771E0,-2.468451586919E0));
#4829=CARTESIAN_POINT('',(7.689885859463E0,2.161452203909E0,-2.429384064407E0));
#4830=CARTESIAN_POINT('',(7.714149250631E0,2.125001748458E0,-2.388672890185E0));
#4831=CARTESIAN_POINT('',(7.736639758693E0,2.086798141708E0,-2.346956898740E0));
#4832=CARTESIAN_POINT('',(7.756746229606E0,2.047841136084E0,-2.305693334911E0));
#4833=CARTESIAN_POINT('',(7.774005877321E0,2.009403847180E0,-2.266581852476E0));
#4834=CARTESIAN_POINT('',(7.788119134567E0,1.973116028113E0,-2.231483535218E0));
#4835=CARTESIAN_POINT('',(7.799287132468E0,1.939916189711E0,-2.201286129752E0));
#4836=CARTESIAN_POINT('',(7.807965047475E0,1.910120128281E0,-2.176052300210E0));
#4837=CARTESIAN_POINT('',(7.814708885012E0,1.883383845320E0,-2.155179475375E0));
#4838=CARTESIAN_POINT('',(7.819994763869E0,1.859133873583E0,-2.137920366258E0));
#4839=CARTESIAN_POINT('',(7.824129036964E0,1.837062871884E0,-2.123788234812E0));
#4840=CARTESIAN_POINT('',(7.827338287114E0,1.816977518338E0,-2.112387114837E0));
#4841=CARTESIAN_POINT('',(7.829809106476E0,1.798702273767E0,-2.103327817729E0));
#4842=CARTESIAN_POINT('',(7.831721221337E0,1.781772857527E0,-2.096134542186E0));
#4843=CARTESIAN_POINT('',(7.833034047396E0,1.767533612254E0,-2.091091101623E0));
#4844=CARTESIAN_POINT('',(7.833691351312E0,1.758861440224E0,-2.088532053925E0));
#4845=CARTESIAN_POINT('',(7.833921957847E0,1.755542937502E0,-2.087630585256E0));
#4846=(BOUNDED_SURFACE()B_SPLINE_SURFACE(3,3,((#4682,#4683,#4684,#4685,#4686,
#4687,#4688,#4689,#4690,#4691,#4692,#4693,#4694,#4695,#4696,#4697,#4698,#4699,
#4700,#4701,#4702,#4703,#4704,#4705,#4706,#4707,#4708,#4709,#4710,#4711,#4712,
#4713,#4714,#4715,#4716,#4717,#4718,#4719,#4720,#4721,#4722),(#4723,#4724,#4725,
#4726,#4727,#4728,#4729,#4730,#4731,#4732,#4733,#4734,#4735,#4736,#4737,#4738,
#4739,#4740,#4741,#4742,#4743,#4744,#4745,#4746,#4747,#4748,#4749,#4750,#4751,
#4752,#4753,#4754,#4755,#4756,#4757,#4758,#4759,#4760,#4761,#4762,#4763),(#4764,
#4765,#4766,#4767,#4768,#4769,#4770,#4771,#4772,#4773,#4774,#4775,#4776,#4777,
#4778,#4779,#4780,#4781,#4782,#4783,#4784,#4785,#4786,#4787,#4788,#4789,#4790,
#4791,#4792,#4793,#4794,#4795,#4796,#4797,#4798,#4799,#4800,#4801,#4802,#4803,
#4804),(#4805,#4806,#4807,#4808,#4809,#4810,#4811,#4812,#4813,#4814,#4815,#4816,
#4817,#4818,#4819,#4820,#4821,#4822,#4823,#4824,#4825,#4826,#4827,#4828,#4829,
#4830,#4831,#4832,#4833,#4834,#4835,#4836,#4837,#4838,#4839,#4840,#4841,#4842,
#4843,#4844,#4845)),.UNSPECIFIED.,.F.,.F.,.F.)B_SPLINE_SURFACE_WITH_KNOTS((4,4),
(4,1,1,1,1,1,1,1,1,1,1,1,1,1,1,1,1,1,1,1,1,1,1,1,1,1,1,1,1,1,1,1,1,1,1,1,1,1,4),
(0.E0,1.E0),(-8.189122130086E-3,0.E0,1.929117761630E-2,3.877738391154E-2,
5.849046522642E-2,7.847887355280E-2,9.885828739285E-2,1.197128664089E-1,
1.411140505504E-1,1.631722714116E-1,1.859795391360E-1,2.096281660104E-1,
2.342315612831E-1,2.598960828007E-1,2.867254822706E-1,3.148422156761E-1,
3.443585580262E-1,3.753685021968E-1,4.079886570238E-1,4.422376596788E-1,
4.782264816986E-1,5.159206633280E-1,5.553775006700E-1,5.963877723450E-1,
6.388708896657E-1,6.821575112819E-1,7.257838919170E-1,7.673614208509E-1,
8.055887826037E-1,8.392425468678E-1,8.684750367998E-1,8.940747946046E-1,
9.167616868832E-1,9.372141348848E-1,9.553285939005E-1,9.714426913425E-1,
9.861366238216E-1,1.E0,1.008554684996E0),.UNSPECIFIED.)GEOMETRIC_REPRESENTATION_ITEM()RATIONAL_B_SPLINE_SURFACE(((1.187262885521E0,1.187262885521E0,
1.187262885521E0,1.187262885521E0,1.187262885521E0,1.187262885521E0,
1.187262885521E0,1.187262885521E0,1.187262885521E0,1.187262885521E0,
1.187262885521E0,1.187262885521E0,1.187262885521E0,1.187262885521E0,
1.187262885521E0,1.187262885521E0,1.187262885521E0,1.187262885521E0,
1.187262885521E0,1.187262885521E0,1.187262885521E0,1.187262885521E0,
1.187262885521E0,1.187262885521E0,1.187262885521E0,1.187262885521E0,
1.187262885521E0,1.187262885521E0,1.187262885521E0,1.187262885521E0,
1.187262885521E0,1.187262885521E0,1.187262885521E0,1.187262885521E0,
1.187262885521E0,1.187262885521E0,1.187262885521E0,1.187262885521E0,
1.187262885521E0,1.187262885521E0,1.187262885521E0),(9.375790381598E-1,
9.375790381598E-1,9.375790381598E-1,9.375790381598E-1,9.375790381598E-1,
9.375790381598E-1,9.375790381598E-1,9.375790381598E-1,9.375790381598E-1,
9.375790381598E-1,9.375790381598E-1,9.375790381598E-1,9.375790381598E-1,
9.375790381598E-1,9.375790381598E-1,9.375790381598E-1,9.375790381598E-1,
9.375790381598E-1,9.375790381598E-1,9.375790381598E-1,9.375790381598E-1,
9.375790381598E-1,9.375790381598E-1,9.375790381598E-1,9.375790381598E-1,
9.375790381598E-1,9.375790381598E-1,9.375790381598E-1,9.375790381598E-1,
9.375790381598E-1,9.375790381598E-1,9.375790381598E-1,9.375790381598E-1,
9.375790381598E-1,9.375790381598E-1,9.375790381598E-1,9.375790381598E-1,
9.375790381598E-1,9.375790381598E-1,9.375790381598E-1,9.375790381598E-1),(
9.375790381598E-1,9.375790381598E-1,9.375790381598E-1,9.375790381598E-1,
9.375790381598E-1,9.375790381598E-1,9.375790381598E-1,9.375790381598E-1,
9.375790381598E-1,9.375790381598E-1,9.375790381598E-1,9.375790381598E-1,
9.375790381598E-1,9.375790381598E-1,9.375790381598E-1,9.375790381598E-1,
9.375790381598E-1,9.375790381598E-1,9.375790381598E-1,9.375790381598E-1,
9.375790381598E-1,9.375790381598E-1,9.375790381598E-1,9.375790381598E-1,
9.375790381598E-1,9.375790381598E-1,9.375790381598E-1,9.375790381598E-1,
9.375790381598E-1,9.375790381598E-1,9.375790381598E-1,9.375790381598E-1,
9.375790381598E-1,9.375790381598E-1,9.375790381598E-1,9.375790381598E-1,
9.375790381598E-1,9.375790381598E-1,9.375790381598E-1,9.375790381598E-1,
9.375790381598E-1),(1.187262885521E0,1.187262885521E0,1.187262885521E0,
1.187262885521E0,1.187262885521E0,1.187262885521E0,1.187262885521E0,
1.187262885521E0,1.187262885521E0,1.187262885521E0,1.187262885521E0,
1.187262885521E0,1.187262885521E0,1.187262885521E0,1.187262885521E0,
1.187262885521E0,1.187262885521E0,1.187262885521E0,1.187262885521E0,
1.187262885521E0,1.187262885521E0,1.187262885521E0,1.187262885521E0,
1.187262885521E0,1.187262885521E0,1.187262885521E0,1.187262885521E0,
1.187262885521E0,1.187262885521E0,1.187262885521E0,1.187262885521E0,
1.187262885521E0,1.187262885521E0,1.187262885521E0,1.187262885521E0,
1.187262885521E0,1.187262885521E0,1.187262885521E0,1.187262885521E0,
1.187262885521E0,1.187262885521E0)))REPRESENTATION_ITEM('')SURFACE());
#4847=ORIENTED_EDGE('',*,*,#4018,.F.);
#4848=ORIENTED_EDGE('',*,*,#4051,.T.);
#4849=ORIENTED_EDGE('',*,*,#4657,.T.);
#4850=ORIENTED_EDGE('',*,*,#4001,.F.);
#4851=EDGE_LOOP('',(#4847,#4848,#4849,#4850));
#4852=FACE_OUTER_BOUND('',#4851,.F.);
#4853=ADVANCED_FACE('',(#4852),#4846,.F.);
#4854=CARTESIAN_POINT('',(7.035702065497E0,1.7E0,2.8E0));
#4855=DIRECTION('',(0.E0,0.E0,-1.E0));
#4856=DIRECTION('',(5.979677682075E-2,9.982105717141E-1,0.E0));
#4857=AXIS2_PLACEMENT_3D('',#4854,#4855,#4856);
#4858=TOROIDAL_SURFACE('',#4857,1.1E0,3.E-1);
#4859=ORIENTED_EDGE('',*,*,#2805,.F.);
#4861=ORIENTED_EDGE('',*,*,#4860,.T.);
#4862=ORIENTED_EDGE('',*,*,#4669,.T.);
#4864=ORIENTED_EDGE('',*,*,#4863,.F.);
#4865=EDGE_LOOP('',(#4859,#4861,#4862,#4864));
#4866=FACE_OUTER_BOUND('',#4865,.F.);
#4867=ADVANCED_FACE('',(#4866),#4858,.F.);
#4868=CARTESIAN_POINT('',(8.138147274241E0,1.836922438672E0,1.784106796958E0));
#4869=CARTESIAN_POINT('',(8.137334747907E0,1.844792285966E0,1.785645045762E0));
#4870=CARTESIAN_POINT('',(8.135041119108E0,1.865132226404E0,1.789969862377E0));
#4871=CARTESIAN_POINT('',(8.130581996583E0,1.897557291026E0,1.798268381940E0));
#4872=CARTESIAN_POINT('',(8.124341361479E0,1.934542064538E0,1.809651976111E0));
#4873=CARTESIAN_POINT('',(8.116635027655E0,1.972644625855E0,1.823378103436E0));
#4874=CARTESIAN_POINT('',(8.107127208105E0,2.012392746705E0,1.839840106882E0));
#4875=CARTESIAN_POINT('',(8.095555891200E0,2.053673356863E0,1.859219269187E0));
#4876=CARTESIAN_POINT('',(8.081625250775E0,2.096470975403E0,1.881679860368E0));
#4877=CARTESIAN_POINT('',(8.064914449590E0,2.141009550127E0,1.907496360606E0));
#4878=CARTESIAN_POINT('',(8.044715056647E0,2.187911483607E0,1.937231460075E0));
#4879=CARTESIAN_POINT('',(8.020304845677E0,2.237377490094E0,1.971245190520E0));
#4880=CARTESIAN_POINT('',(7.991314993643E0,2.288690625513E0,2.009200119628E0));
#4881=CARTESIAN_POINT('',(7.957903677686E0,2.340474125762E0,2.050025924693E0));
#4882=CARTESIAN_POINT('',(7.921062299475E0,2.390686265492E0,2.091827956098E0));
#4883=CARTESIAN_POINT('',(7.881850487263E0,2.437987804815E0,2.133037183699E0));
#4884=CARTESIAN_POINT('',(7.841392690542E0,2.481482889903E0,2.172393797992E0));
#4885=CARTESIAN_POINT('',(7.800238931364E0,2.521135481509E0,2.209442555309E0));
#4886=CARTESIAN_POINT('',(7.758926873865E0,2.556971929436E0,2.243860643906E0));
#4887=CARTESIAN_POINT('',(7.717778393907E0,2.589216573743E0,2.275580567233E0));
#4888=CARTESIAN_POINT('',(7.677107832492E0,2.618078046716E0,2.304577027479E0));
#4889=CARTESIAN_POINT('',(7.637104881841E0,2.643828487328E0,2.330933667331E0));
#4890=CARTESIAN_POINT('',(7.597959686272E0,2.666708010052E0,2.354738592011E0));
#4891=CARTESIAN_POINT('',(7.559783770779E0,2.686975013056E0,2.376128127301E0));
#4892=CARTESIAN_POINT('',(7.522673800343E0,2.704866803672E0,2.395240760804E0));
#4893=CARTESIAN_POINT('',(7.486663726216E0,2.720622301975E0,2.412236989947E0));
#4894=CARTESIAN_POINT('',(7.451760879480E0,2.734462921045E0,2.427275582436E0));
#4895=CARTESIAN_POINT('',(7.417945221923E0,2.746593108772E0,2.440511182613E0));
#4896=CARTESIAN_POINT('',(7.385178009947E0,2.757198232686E0,2.452089444021E0));
#4897=CARTESIAN_POINT('',(7.353405391175E0,2.766445107584E0,2.462145507954E0));
#4898=CARTESIAN_POINT('',(7.322561599634E0,2.774482155914E0,2.470802416542E0));
#4899=CARTESIAN_POINT('',(7.292572618245E0,2.781440099858E0,2.478170382679E0));
#4900=CARTESIAN_POINT('',(7.263353059318E0,2.787434286257E0,2.484348107954E0));
#4901=CARTESIAN_POINT('',(7.234816261319E0,2.792563179260E0,2.489420089978E0));
#4902=CARTESIAN_POINT('',(7.206870319534E0,2.796910806293E0,2.493458388290E0));
#4903=CARTESIAN_POINT('',(7.179413731065E0,2.800548530217E0,2.496523761731E0));
#4904=CARTESIAN_POINT('',(7.152349473258E0,2.803532955878E0,2.498662813137E0));
#4905=CARTESIAN_POINT('',(7.125601062284E0,2.805906384215E0,2.499909165501E0));
#4906=CARTESIAN_POINT('',(7.104080268603E0,2.807363901683E0,2.500216953581E0));
#4907=CARTESIAN_POINT('',(7.091476502210E0,2.808031023247E0,2.500106581657E0));
#4908=CARTESIAN_POINT('',(7.087689476657E0,2.808214558146E0,2.500047199969E0));
#4909=CARTESIAN_POINT('',(7.954013415690E0,1.824808570273E0,1.778415617620E0));
#4910=CARTESIAN_POINT('',(7.953248382803E0,1.831950607263E0,1.779965799885E0));
#4911=CARTESIAN_POINT('',(7.951090322275E0,1.850386879880E0,1.784323725678E0));
#4912=CARTESIAN_POINT('',(7.946903375226E0,1.879675071361E0,1.792683281830E0));
#4913=CARTESIAN_POINT('',(7.941062049214E0,1.912912579305E0,1.804145464812E0));
#4914=CARTESIAN_POINT('',(7.933875872114E0,1.946948671575E0,1.817959112646E0));
#4915=CARTESIAN_POINT('',(7.925049352674E0,1.982203655031E0,1.834516062110E0));
#4916=CARTESIAN_POINT('',(7.914363255680E0,2.018520563314E0,1.853993748324E0));
#4917=CARTESIAN_POINT('',(7.901574049347E0,2.055836042824E0,1.876552123442E0));
#4918=CARTESIAN_POINT('',(7.886331614933E0,2.094299987867E0,1.902461657885E0));
#4919=CARTESIAN_POINT('',(7.868036787399E0,2.134400012139E0,1.932281549328E0));
#4920=CARTESIAN_POINT('',(7.846096044108E0,2.176254201332E0,1.966367270994E0));
#4921=CARTESIAN_POINT('',(7.820248754261E0,2.219214401723E0,2.004376171547E0));
#4922=CARTESIAN_POINT('',(7.790704966667E0,2.262118612939E0,2.045234420667E0));
#4923=CARTESIAN_POINT('',(7.758394140727E0,2.303303214039E0,2.087046691937E0));
#4924=CARTESIAN_POINT('',(7.724273970164E0,2.341728223847E0,2.128246450478E0));
#4925=CARTESIAN_POINT('',(7.689330996464E0,2.376734665447E0,2.167577639982E0));
#4926=CARTESIAN_POINT('',(7.654038679838E0,2.408358967498E0,2.204588478565E0));
#4927=CARTESIAN_POINT('',(7.618852060800E0,2.436680664048E0,2.238959167564E0));
#4928=CARTESIAN_POINT('',(7.584037141175E0,2.461929619476E0,2.270624591755E0));
#4929=CARTESIAN_POINT('',(7.549850521131E0,2.484317027780E0,2.299561499906E0));
#4930=CARTESIAN_POINT('',(7.516441566439E0,2.504098180783E0,2.325855173074E0));
#4931=CARTESIAN_POINT('',(7.483958297027E0,2.521498863493E0,2.349595186931E0));
#4932=CARTESIAN_POINT('',(7.452481711251E0,2.536754656291E0,2.370919091352E0));
#4933=CARTESIAN_POINT('',(7.422079104275E0,2.550081195489E0,2.389966479575E0));
#4934=CARTESIAN_POINT('',(7.392765231249E0,2.561691333252E0,2.406898767331E0));
#4935=CARTESIAN_POINT('',(7.364532440834E0,2.571780960522E0,2.421875524496E0));
#4936=CARTESIAN_POINT('',(7.337350464277E0,2.580529617799E0,2.435052086691E0));
#4937=CARTESIAN_POINT('',(7.311173690327E0,2.588099250849E0,2.446574708501E0));
#4938=CARTESIAN_POINT('',(7.285944223900E0,2.594634906382E0,2.456579051379E0));
#4939=CARTESIAN_POINT('',(7.261594668008E0,2.600265120976E0,2.465188605976E0));
#4940=CARTESIAN_POINT('',(7.238051142439E0,2.605102733694E0,2.472513971221E0));
#4941=CARTESIAN_POINT('',(7.215230920713E0,2.609246801132E0,2.478654170084E0));
#4942=CARTESIAN_POINT('',(7.193050517072E0,2.612781807270E0,2.483693976997E0));
#4943=CARTESIAN_POINT('',(7.171422569801E0,2.615779646205E0,2.487705681170E0));
#4944=CARTESIAN_POINT('',(7.150252500619E0,2.618301060639E0,2.490750222284E0));
#4945=CARTESIAN_POINT('',(7.129449517866E0,2.620394426808E0,2.492874359111E0));
#4946=CARTESIAN_POINT('',(7.108938750867E0,2.622096183460E0,2.494111845980E0));
#4947=CARTESIAN_POINT('',(7.092463985570E0,2.623182484545E0,2.494417407480E0));
#4948=CARTESIAN_POINT('',(7.082821626220E0,2.623703376657E0,2.494307834274E0));
#4949=CARTESIAN_POINT('',(7.079924758001E0,2.623849430723E0,2.494248886565E0));
#4950=CARTESIAN_POINT('',(7.825599335782E0,1.790456151542E0,1.906533189511E0));
#4951=CARTESIAN_POINT('',(7.825079895941E0,1.795677702972E0,1.907814730425E0));
#4952=CARTESIAN_POINT('',(7.823612534205E0,1.809189094897E0,1.911427315517E0));
#4953=CARTESIAN_POINT('',(7.820753661428E0,1.830801002255E0,1.918412840207E0));
#4954=CARTESIAN_POINT('',(7.816739529310E0,1.855572413360E0,1.928105863034E0));
#4955=CARTESIAN_POINT('',(7.811763377564E0,1.881238941169E0,1.939949283898E0));
#4956=CARTESIAN_POINT('',(7.805595843492E0,1.908192466714E0,1.954368846250E0));
#4957=CARTESIAN_POINT('',(7.798049897742E0,1.936396619936E0,1.971628601322E0));
#4958=CARTESIAN_POINT('',(7.788911530903E0,1.965876190037E0,1.991985703241E0));
#4959=CARTESIAN_POINT('',(7.777878909873E0,1.996817695999E0,2.015800888565E0));
#4960=CARTESIAN_POINT('',(7.764450888363E0,2.029689012294E0,2.043711976710E0));
#4961=CARTESIAN_POINT('',(7.748104252070E0,2.064668868414E0,2.076177060577E0));
#4962=CARTESIAN_POINT('',(7.728541610268E0,2.101279812034E0,2.112970977361E0));
#4963=CARTESIAN_POINT('',(7.705820623080E0,2.138546197653E0,2.153098858785E0));
#4964=CARTESIAN_POINT('',(7.680577923179E0,2.174978763578E0,2.194680614257E0));
#4965=CARTESIAN_POINT('',(7.653519362670E0,2.209564208589E0,2.236093536513E0));
#4966=CARTESIAN_POINT('',(7.625415119853E0,2.241598614274E0,2.275997078788E0));
#4967=CARTESIAN_POINT('',(7.596648400007E0,2.271008906744E0,2.313861528886E0));
#4968=CARTESIAN_POINT('',(7.567599332345E0,2.297773016300E0,2.349299258849E0));
#4969=CARTESIAN_POINT('',(7.538500042339E0,2.322021108136E0,2.382191545949E0));
#4970=CARTESIAN_POINT('',(7.509579479179E0,2.343876065257E0,2.412469067250E0));
#4971=CARTESIAN_POINT('',(7.480979702944E0,2.363512531925E0,2.440180221444E0));
#4972=CARTESIAN_POINT('',(7.452844322465E0,2.381084220233E0,2.465381481989E0));
#4973=CARTESIAN_POINT('',(7.425261706645E0,2.396761806983E0,2.488182842493E0));
#4974=CARTESIAN_POINT('',(7.398310519564E0,2.410702546993E0,2.508699006577E0));
#4975=CARTESIAN_POINT('',(7.372024705183E0,2.423067785708E0,2.527070717485E0));
#4976=CARTESIAN_POINT('',(7.346419299555E0,2.434008016113E0,2.543439486939E0));
#4977=CARTESIAN_POINT('',(7.321489600344E0,2.443663153532E0,2.557945088773E0));
#4978=CARTESIAN_POINT('',(7.297217333176E0,2.452160652047E0,2.570720247151E0));
#4979=CARTESIAN_POINT('',(7.273573183953E0,2.459615700379E0,2.581888913890E0));
#4980=CARTESIAN_POINT('',(7.250519002561E0,2.466131155232E0,2.591564482742E0));
#4981=CARTESIAN_POINT('',(7.228010449841E0,2.471797869260E0,2.599848862390E0));
#4982=CARTESIAN_POINT('',(7.205994595071E0,2.476696372194E0,2.606833840940E0));
#4983=CARTESIAN_POINT('',(7.184417380207E0,2.480895459859E0,2.612597961209E0));
#4984=CARTESIAN_POINT('',(7.163220640987E0,2.484453985591E0,2.617208342089E0));
#4985=CARTESIAN_POINT('',(7.142338782497E0,2.487422156787E0,2.620721852273E0));
#4986=CARTESIAN_POINT('',(7.121709381014E0,2.489839658966E0,2.623181740197E0));
#4987=CARTESIAN_POINT('',(7.101285573152E0,2.491735945080E0,2.624618803574E0));
#4988=CARTESIAN_POINT('',(7.084833805463E0,2.492871113238E0,2.624974488938E0));
#4989=CARTESIAN_POINT('',(7.075194350606E0,2.493373852814E0,2.624846935321E0));
#4990=CARTESIAN_POINT('',(7.072297756257E0,2.493510208976E0,2.624778218046E0));
#4991=CARTESIAN_POINT('',(7.833922276952E0,1.755538337313E0,2.087629338951E0));
#4992=CARTESIAN_POINT('',(7.833691583573E0,1.758858374220E0,2.088531151202E0));
#4993=CARTESIAN_POINT('',(7.833034284983E0,1.767530810470E0,2.091090185802E0));
#4994=CARTESIAN_POINT('',(7.831721494948E0,1.781770038165E0,2.096133495983E0));
#4995=CARTESIAN_POINT('',(7.829809653524E0,1.798697834359E0,2.103325783843E0));
#4996=CARTESIAN_POINT('',(7.827339077010E0,1.816972112616E0,2.112384258720E0));
#4997=CARTESIAN_POINT('',(7.824130643141E0,1.837053301208E0,2.123782591662E0));
#4998=CARTESIAN_POINT('',(7.819998638997E0,1.859114033854E0,2.137907267109E0));
#4999=CARTESIAN_POINT('',(7.814717179691E0,1.883347648196E0,2.155152835658E0));
#5000=CARTESIAN_POINT('',(7.807979821189E0,1.910064859324E0,2.176007626437E0));
#5001=CARTESIAN_POINT('',(7.799310348099E0,1.939841305735E0,2.201220591894E0));
#5002=CARTESIAN_POINT('',(7.788153101193E0,1.973021372533E0,2.231394879421E0));
#5003=CARTESIAN_POINT('',(7.774052169718E0,2.009292523263E0,2.266471398044E0));
#5004=CARTESIAN_POINT('',(7.756804707729E0,2.047719485986E0,2.305566893547E0));
#5005=CARTESIAN_POINT('',(7.736708382916E0,2.086673608767E0,2.346822811408E0));
#5006=CARTESIAN_POINT('',(7.714226187120E0,2.124878859032E0,2.388537043839E0));
#5007=CARTESIAN_POINT('',(7.689969985161E0,2.161332912336E0,2.429249615519E0));
#5008=CARTESIAN_POINT('',(7.664275976689E0,2.195740307628E0,2.468320658564E0));
#5009=CARTESIAN_POINT('',(7.637504353947E0,2.227886685904E0,2.505266667266E0));
#5010=CARTESIAN_POINT('',(7.609896736537E0,2.257760190506E0,2.539893143871E0));
#5011=CARTESIAN_POINT('',(7.581701957705E0,2.285360236694E0,2.572065642387E0));
#5012=CARTESIAN_POINT('',(7.553092401796E0,2.310767901811E0,2.601780427715E0));
#5013=CARTESIAN_POINT('',(7.524247762834E0,2.334052552833E0,2.629047182825E0));
#5014=CARTESIAN_POINT('',(7.495297027321E0,2.355318825264E0,2.653936950123E0));
#5015=CARTESIAN_POINT('',(7.466363794270E0,2.374665715198E0,2.676529251375E0));
#5016=CARTESIAN_POINT('',(7.437527475031E0,2.392210118466E0,2.696935608947E0));
#5017=CARTESIAN_POINT('',(7.408849149238E0,2.408065896128E0,2.715272009083E0));
#5018=CARTESIAN_POINT('',(7.380369347919E0,2.422343620318E0,2.731656228795E0));
#5019=CARTESIAN_POINT('',(7.352114091102E0,2.435146944528E0,2.746201866791E0));
#5020=CARTESIAN_POINT('',(7.324097237452E0,2.446571947182E0,2.759016323134E0));
#5021=CARTESIAN_POINT('',(7.296322309574E0,2.456706212698E0,2.770198719456E0));
#5022=CARTESIAN_POINT('',(7.268785275919E0,2.465628375394E0,2.779838680646E0));
#5023=CARTESIAN_POINT('',(7.241471337737E0,2.473409890231E0,2.788017768218E0));
#5024=CARTESIAN_POINT('',(7.214363550515E0,2.480112054644E0,2.794805716505E0));
#5025=CARTESIAN_POINT('',(7.187439181040E0,2.485788001276E0,2.800262336077E0));
#5026=CARTESIAN_POINT('',(7.160665390728E0,2.490484133866E0,2.804438741222E0));
#5027=CARTESIAN_POINT('',(7.134012363225E0,2.494236468130E0,2.807373218462E0));
#5028=CARTESIAN_POINT('',(7.107469966604E0,2.497070755006E0,2.809092386288E0));
#5029=CARTESIAN_POINT('',(7.086003656412E0,2.498644043152E0,2.809518922500E0));
#5030=CARTESIAN_POINT('',(7.073406771034E0,2.499268159656E0,2.809365953297E0));
#5031=CARTESIAN_POINT('',(7.069620394307E0,2.499428719310E0,2.809283426592E0));
#5032=(BOUNDED_SURFACE()B_SPLINE_SURFACE(3,3,((#4868,#4869,#4870,#4871,#4872,
#4873,#4874,#4875,#4876,#4877,#4878,#4879,#4880,#4881,#4882,#4883,#4884,#4885,
#4886,#4887,#4888,#4889,#4890,#4891,#4892,#4893,#4894,#4895,#4896,#4897,#4898,
#4899,#4900,#4901,#4902,#4903,#4904,#4905,#4906,#4907,#4908),(#4909,#4910,#4911,
#4912,#4913,#4914,#4915,#4916,#4917,#4918,#4919,#4920,#4921,#4922,#4923,#4924,
#4925,#4926,#4927,#4928,#4929,#4930,#4931,#4932,#4933,#4934,#4935,#4936,#4937,
#4938,#4939,#4940,#4941,#4942,#4943,#4944,#4945,#4946,#4947,#4948,#4949),(#4950,
#4951,#4952,#4953,#4954,#4955,#4956,#4957,#4958,#4959,#4960,#4961,#4962,#4963,
#4964,#4965,#4966,#4967,#4968,#4969,#4970,#4971,#4972,#4973,#4974,#4975,#4976,
#4977,#4978,#4979,#4980,#4981,#4982,#4983,#4984,#4985,#4986,#4987,#4988,#4989,
#4990),(#4991,#4992,#4993,#4994,#4995,#4996,#4997,#4998,#4999,#5000,#5001,#5002,
#5003,#5004,#5005,#5006,#5007,#5008,#5009,#5010,#5011,#5012,#5013,#5014,#5015,
#5016,#5017,#5018,#5019,#5020,#5021,#5022,#5023,#5024,#5025,#5026,#5027,#5028,
#5029,#5030,#5031)),.UNSPECIFIED.,.F.,.F.,.F.)B_SPLINE_SURFACE_WITH_KNOTS((4,4),
(4,1,1,1,1,1,1,1,1,1,1,1,1,1,1,1,1,1,1,1,1,1,1,1,1,1,1,1,1,1,1,1,1,1,1,1,1,1,4),
(0.E0,1.E0),(-8.559509364719E-3,0.E0,1.386147710722E-2,2.855601118289E-2,
4.467139424131E-2,6.278599144829E-2,8.323077672615E-2,1.059020602192E-1,
1.314838492570E-1,1.606991477348E-1,1.943337483021E-1,2.325405647732E-1,
2.741082248466E-1,3.177338254209E-1,3.610233770571E-1,4.035115332453E-1,
4.445275663864E-1,4.839911670710E-1,5.216921104182E-1,5.576880495273E-1,
5.919438625480E-1,6.245708628644E-1,6.555873036727E-1,6.851099663210E-1,
7.132326907628E-1,7.400676223267E-1,7.657373571948E-1,7.903455539681E-1,
8.139985113264E-1,8.368098015763E-1,8.588716549155E-1,8.802759343295E-1,
9.011333890765E-1,9.215153045531E-1,9.415056093653E-1,9.612203901736E-1,
9.807079932340E-1,1.E0,1.008289020569E0),.UNSPECIFIED.)GEOMETRIC_REPRESENTATION_ITEM()RATIONAL_B_SPLINE_SURFACE(((1.187262886559E0,1.187262886559E0,
1.187262886559E0,1.187262886559E0,1.187262886559E0,1.187262886559E0,
1.187262886559E0,1.187262886559E0,1.187262886559E0,1.187262886559E0,
1.187262886559E0,1.187262886559E0,1.187262886559E0,1.187262886559E0,
1.187262886559E0,1.187262886559E0,1.187262886559E0,1.187262886559E0,
1.187262886559E0,1.187262886559E0,1.187262886559E0,1.187262886559E0,
1.187262886559E0,1.187262886559E0,1.187262886559E0,1.187262886559E0,
1.187262886559E0,1.187262886559E0,1.187262886559E0,1.187262886559E0,
1.187262886559E0,1.187262886559E0,1.187262886559E0,1.187262886559E0,
1.187262886559E0,1.187262886559E0,1.187262886559E0,1.187262886559E0,
1.187262886559E0,1.187262886559E0,1.187262886559E0),(9.375790378135E-1,
9.375790378135E-1,9.375790378135E-1,9.375790378135E-1,9.375790378135E-1,
9.375790378135E-1,9.375790378135E-1,9.375790378135E-1,9.375790378135E-1,
9.375790378135E-1,9.375790378135E-1,9.375790378135E-1,9.375790378135E-1,
9.375790378135E-1,9.375790378135E-1,9.375790378135E-1,9.375790378135E-1,
9.375790378135E-1,9.375790378135E-1,9.375790378135E-1,9.375790378135E-1,
9.375790378135E-1,9.375790378135E-1,9.375790378135E-1,9.375790378135E-1,
9.375790378135E-1,9.375790378135E-1,9.375790378135E-1,9.375790378135E-1,
9.375790378135E-1,9.375790378135E-1,9.375790378135E-1,9.375790378135E-1,
9.375790378135E-1,9.375790378135E-1,9.375790378135E-1,9.375790378135E-1,
9.375790378135E-1,9.375790378135E-1,9.375790378135E-1,9.375790378135E-1),(
9.375790378135E-1,9.375790378135E-1,9.375790378135E-1,9.375790378135E-1,
9.375790378135E-1,9.375790378135E-1,9.375790378135E-1,9.375790378135E-1,
9.375790378135E-1,9.375790378135E-1,9.375790378135E-1,9.375790378135E-1,
9.375790378135E-1,9.375790378135E-1,9.375790378135E-1,9.375790378135E-1,
9.375790378135E-1,9.375790378135E-1,9.375790378135E-1,9.375790378135E-1,
9.375790378135E-1,9.375790378135E-1,9.375790378135E-1,9.375790378135E-1,
9.375790378135E-1,9.375790378135E-1,9.375790378135E-1,9.375790378135E-1,
9.375790378135E-1,9.375790378135E-1,9.375790378135E-1,9.375790378135E-1,
9.375790378135E-1,9.375790378135E-1,9.375790378135E-1,9.375790378135E-1,
9.375790378135E-1,9.375790378135E-1,9.375790378135E-1,9.375790378135E-1,
9.375790378135E-1),(1.187262886559E0,1.187262886559E0,1.187262886559E0,
1.187262886559E0,1.187262886559E0,1.187262886559E0,1.187262886559E0,
1.187262886559E0,1.187262886559E0,1.187262886559E0,1.187262886559E0,
1.187262886559E0,1.187262886559E0,1.187262886559E0,1.187262886559E0,
1.187262886559E0,1.187262886559E0,1.187262886559E0,1.187262886559E0,
1.187262886559E0,1.187262886559E0,1.187262886559E0,1.187262886559E0,
1.187262886559E0,1.187262886559E0,1.187262886559E0,1.187262886559E0,
1.187262886559E0,1.187262886559E0,1.187262886559E0,1.187262886559E0,
1.187262886559E0,1.187262886559E0,1.187262886559E0,1.187262886559E0,
1.187262886559E0,1.187262886559E0,1.187262886559E0,1.187262886559E0,
1.187262886559E0,1.187262886559E0)))REPRESENTATION_ITEM('')SURFACE());
#5034=ORIENTED_EDGE('',*,*,#5033,.F.);
#5036=ORIENTED_EDGE('',*,*,#5035,.T.);
#5037=ORIENTED_EDGE('',*,*,#4671,.T.);
#5038=ORIENTED_EDGE('',*,*,#4860,.F.);
#5039=EDGE_LOOP('',(#5034,#5036,#5037,#5038));
#5040=FACE_OUTER_BOUND('',#5039,.F.);
#5041=ADVANCED_FACE('',(#5040),#5032,.F.);
#5042=CARTESIAN_POINT('',(7.1E0,5.710079487750E0,1.7E0));
#5043=DIRECTION('',(0.E0,-1.E0,0.E0));
#5044=DIRECTION('',(1.E0,0.E0,0.E0));
#5045=AXIS2_PLACEMENT_3D('',#5042,#5043,#5044);
#5046=CYLINDRICAL_SURFACE('',#5045,8.E-1);
#5047=ORIENTED_EDGE('',*,*,#5033,.T.);
#5048=ORIENTED_EDGE('',*,*,#2803,.F.);
#5049=ORIENTED_EDGE('',*,*,#2871,.T.);
#5050=ORIENTED_EDGE('',*,*,#3662,.T.);
#5052=ORIENTED_EDGE('',*,*,#5051,.T.);
#5053=EDGE_LOOP('',(#5047,#5048,#5049,#5050,#5052));
#5054=FACE_OUTER_BOUND('',#5053,.F.);
#5055=ADVANCED_FACE('',(#5054),#5046,.T.);
#5056=CARTESIAN_POINT('',(7.900005568839E0,1.015327138722E0,1.698031954098E0));
#5057=CARTESIAN_POINT('',(7.900008646164E0,1.015276719859E0,1.699284900804E0));
#5058=CARTESIAN_POINT('',(7.900008962781E0,1.015271537684E0,1.702114875453E0));
#5059=CARTESIAN_POINT('',(7.899985852595E0,1.015650158685E0,1.706563217250E0));
#5060=CARTESIAN_POINT('',(7.899931560115E0,1.016539279967E0,1.711422787823E0));
#5061=CARTESIAN_POINT('',(7.899844620395E0,1.017961997742E0,1.716440567478E0));
#5062=CARTESIAN_POINT('',(7.899720819657E0,1.019985827873E0,1.721663101055E0));
#5063=CARTESIAN_POINT('',(7.899554355151E0,1.022703536218E0,1.727143844721E0));
#5064=CARTESIAN_POINT('',(7.899337685118E0,1.026235393107E0,1.732935987955E0));
#5065=CARTESIAN_POINT('',(7.899061168605E0,1.030734838563E0,1.739098289307E0));
#5066=CARTESIAN_POINT('',(7.898712007077E0,1.036405446435E0,1.745705818657E0));
#5067=CARTESIAN_POINT('',(7.898273846674E0,1.043506968782E0,1.752837334470E0));
#5068=CARTESIAN_POINT('',(7.897731377107E0,1.052280601332E0,1.760503114510E0));
#5069=CARTESIAN_POINT('',(7.897076964669E0,1.062842580675E0,1.768604674612E0));
#5070=CARTESIAN_POINT('',(7.896309783325E0,1.075199945219E0,1.777010544571E0));
#5071=CARTESIAN_POINT('',(7.895425205520E0,1.089422120499E0,1.785676474228E0));
#5072=CARTESIAN_POINT('',(7.894407944780E0,1.105750042379E0,1.794658746706E0));
#5073=CARTESIAN_POINT('',(7.893234122522E0,1.124561672245E0,1.804053228937E0));
#5074=CARTESIAN_POINT('',(7.891879340024E0,1.146242192240E0,1.813921844661E0));
#5075=CARTESIAN_POINT('',(7.890325241305E0,1.171079369979E0,1.824260352230E0));
#5076=CARTESIAN_POINT('',(7.888564029776E0,1.199192331782E0,1.834997281536E0));
#5077=CARTESIAN_POINT('',(7.886598065120E0,1.230539025638E0,1.846024161142E0));
#5078=CARTESIAN_POINT('',(7.884428967925E0,1.265090344955E0,1.857265798794E0));
#5079=CARTESIAN_POINT('',(7.882046127992E0,1.303012580206E0,1.868722832254E0));
#5080=CARTESIAN_POINT('',(7.879425537458E0,1.344684949413E0,1.880450311100E0));
#5081=CARTESIAN_POINT('',(7.876535277076E0,1.390611718209E0,1.892517654498E0));
#5082=CARTESIAN_POINT('',(7.873342811487E0,1.441306153221E0,1.904975955380E0));
#5083=CARTESIAN_POINT('',(7.869816075641E0,1.497273411951E0,1.917857936370E0));
#5084=CARTESIAN_POINT('',(7.865922609301E0,1.559024417507E0,1.931184964771E0));
#5085=CARTESIAN_POINT('',(7.861625569266E0,1.627139142961E0,1.944981845296E0));
#5086=CARTESIAN_POINT('',(7.856882473366E0,1.702286391037E0,1.959277796146E0));
#5087=CARTESIAN_POINT('',(7.853087012101E0,1.762391185477E0,1.970022045689E0));
#5088=CARTESIAN_POINT('',(7.850868833348E0,1.797508669298E0,1.976070956611E0));
#5089=CARTESIAN_POINT('',(7.850394225242E0,1.805022090887E0,1.977355056197E0));
#5090=CARTESIAN_POINT('',(7.899724178948E0,9.771693136305E-1,1.696925104372E0));
#5091=CARTESIAN_POINT('',(7.899730834754E0,9.770984722853E-1,1.698882108146E0));
#5092=CARTESIAN_POINT('',(7.899731517585E0,9.770911277030E-1,1.703306301904E0));
#5093=CARTESIAN_POINT('',(7.899681534217E0,9.776233892808E-1,1.710247519055E0));
#5094=CARTESIAN_POINT('',(7.899564996828E0,9.788659253830E-1,1.717773464389E0));
#5095=CARTESIAN_POINT('',(7.899380864609E0,9.808339043454E-1,1.725444003981E0));
#5096=CARTESIAN_POINT('',(7.899123578548E0,9.835934876270E-1,1.733283094240E0));
#5097=CARTESIAN_POINT('',(7.898785895004E0,9.872327623805E-1,1.741321888575E0));
#5098=CARTESIAN_POINT('',(7.898358953021E0,9.918623835231E-1,1.749588025629E0));
#5099=CARTESIAN_POINT('',(7.897831913929E0,9.976211668565E-1,1.758115882097E0));
#5100=CARTESIAN_POINT('',(7.897190364366E0,1.004695764628E0,1.766961679350E0));
#5101=CARTESIAN_POINT('',(7.896416289461E0,1.013324482956E0,1.776184828099E0));
#5102=CARTESIAN_POINT('',(7.895496365010E0,1.023707331493E0,1.785760418645E0));
#5103=CARTESIAN_POINT('',(7.894431168642E0,1.035896680477E0,1.795548994647E0));
#5104=CARTESIAN_POINT('',(7.893230278624E0,1.049839695326E0,1.805403387288E0));
#5105=CARTESIAN_POINT('',(7.891894564466E0,1.065577008135E0,1.815298859795E0));
#5106=CARTESIAN_POINT('',(7.890408177147E0,1.083346428035E0,1.825325409814E0));
#5107=CARTESIAN_POINT('',(7.888743963468E0,1.103530752882E0,1.835608979342E0));
#5108=CARTESIAN_POINT('',(7.886875613223E0,1.126515211744E0,1.846231595424E0));
#5109=CARTESIAN_POINT('',(7.884786000714E0,1.152580857203E0,1.857201614601E0));
#5110=CARTESIAN_POINT('',(7.882471731877E0,1.181837060048E0,1.868457449579E0));
#5111=CARTESIAN_POINT('',(7.879941131554E0,1.214234611581E0,1.879901377107E0));
#5112=CARTESIAN_POINT('',(7.877199780689E0,1.249745575548E0,1.891471334745E0));
#5113=CARTESIAN_POINT('',(7.874236999599E0,1.288545433738E0,1.903181621038E0));
#5114=CARTESIAN_POINT('',(7.871025921919E0,1.331025217663E0,1.915098690852E0));
#5115=CARTESIAN_POINT('',(7.867531073578E0,1.377699595225E0,1.927300229399E0));
#5116=CARTESIAN_POINT('',(7.863717314132E0,1.429089203475E0,1.939842901411E0));
#5117=CARTESIAN_POINT('',(7.859550906332E0,1.485704420052E0,1.952763240983E0));
#5118=CARTESIAN_POINT('',(7.854998286763E0,1.548060210016E0,1.966085295777E0));
#5119=CARTESIAN_POINT('',(7.850021342033E0,1.616740333767E0,1.979835700759E0));
#5120=CARTESIAN_POINT('',(7.844576110897E0,1.692417090541E0,1.994044677330E0));
#5121=CARTESIAN_POINT('',(7.840254585682E0,1.752881859100E0,2.004696721239E0));
#5122=CARTESIAN_POINT('',(7.837740734377E0,1.788190648524E0,2.010685377982E0));
#5123=CARTESIAN_POINT('',(7.837203380954E0,1.795744180369E0,2.011956314246E0));
#5124=CARTESIAN_POINT('',(7.906647074766E0,9.396436895556E-1,1.695818310009E0));
#5125=CARTESIAN_POINT('',(7.906657279306E0,9.395527640899E-1,1.698479345451E0));
#5126=CARTESIAN_POINT('',(7.906658325323E0,9.395432929265E-1,1.704497636787E0));
#5127=CARTESIAN_POINT('',(7.906581692156E0,9.402266495554E-1,1.713931747322E0));
#5128=CARTESIAN_POINT('',(7.906403420397E0,9.418167450808E-1,1.724125001359E0));
#5129=CARTESIAN_POINT('',(7.906122873381E0,9.443209513120E-1,1.734450877201E0));
#5130=CARTESIAN_POINT('',(7.905733130530E0,9.478040977444E-1,1.744911524299E0));
#5131=CARTESIAN_POINT('',(7.905225478224E0,9.523496703415E-1,1.755516632396E0));
#5132=CARTESIAN_POINT('',(7.904589689611E0,9.580588679172E-1,1.766269178126E0));
#5133=CARTESIAN_POINT('',(7.903813660759E0,9.650561243468E-1,1.777180076511E0));
#5134=CARTESIAN_POINT('',(7.902881274226E0,9.735114506337E-1,1.788287678568E0));
#5135=CARTESIAN_POINT('',(7.901772733608E0,9.836420622726E-1,1.799633066625E0));
#5136=CARTESIAN_POINT('',(7.900476531120E0,9.956074652135E-1,1.811156800841E0));
#5137=CARTESIAN_POINT('',(7.899001255219E0,1.009397221487E0,1.822678224060E0));
#5138=CARTESIAN_POINT('',(7.897366714030E0,1.024899615496E0,1.834033537659E0));
#5139=CARTESIAN_POINT('',(7.895579144243E0,1.042126962951E0,1.845216806791E0));
#5140=CARTESIAN_POINT('',(7.893622005746E0,1.061313998049E0,1.856351708966E0));
#5141=CARTESIAN_POINT('',(7.891464708393E0,1.082848274988E0,1.867594641253E0));
#5142=CARTESIAN_POINT('',(7.889078841592E0,1.107115068982E0,1.879047968597E0));
#5143=CARTESIAN_POINT('',(7.886448324985E0,1.134388828838E0,1.890732405331E0));
#5144=CARTESIAN_POINT('',(7.883574026199E0,1.164769331443E0,1.902595445127E0));
#5145=CARTESIAN_POINT('',(7.880470160715E0,1.198200329984E0,1.914548964189E0));
#5146=CARTESIAN_POINT('',(7.877146220849E0,1.234655039154E0,1.926543142427E0));
#5147=CARTESIAN_POINT('',(7.873591363059E0,1.274317979776E0,1.938605725627E0));
#5148=CARTESIAN_POINT('',(7.869775692303E0,1.317591801126E0,1.950814886292E0));
#5149=CARTESIAN_POINT('',(7.865659949485E0,1.365001401030E0,1.963257067744E0));
#5150=CARTESIAN_POINT('',(7.861206138084E0,1.417074664847E0,1.975994876894E0));
#5151=CARTESIAN_POINT('',(7.856378586923E0,1.474327103868E0,1.989068892619E0));
#5152=CARTESIAN_POINT('',(7.851142354984E0,1.537277658139E0,2.002505992211E0));
#5153=CARTESIAN_POINT('',(7.845457747498E0,1.606513812635E0,2.016334834747E0));
#5154=CARTESIAN_POINT('',(7.839278965562E0,1.682711305177E0,2.030586891676E0));
#5155=CARTESIAN_POINT('',(7.834405662926E0,1.743530083784E0,2.041244904500E0));
#5156=CARTESIAN_POINT('',(7.831580922359E0,1.779027009248E0,2.047228712333E0));
#5157=CARTESIAN_POINT('',(7.830977559496E0,1.786619986800E0,2.048498253014E0));
#5158=CARTESIAN_POINT('',(7.920525802956E0,9.040970102342E-1,1.694751292356E0));
#5159=CARTESIAN_POINT('',(7.920539399124E0,9.039870598007E-1,1.698091067324E0));
#5160=CARTESIAN_POINT('',(7.920540792262E0,9.039755742031E-1,1.705646124708E0));
#5161=CARTESIAN_POINT('',(7.920438689106E0,9.048020577609E-1,1.717483680096E0));
#5162=CARTESIAN_POINT('',(7.920201409076E0,9.067213838766E-1,1.730249450688E0));
#5163=CARTESIAN_POINT('',(7.919828685161E0,9.097335389891E-1,1.743137942676E0));
#5164=CARTESIAN_POINT('',(7.919312267751E0,9.139020908724E-1,1.756131062654E0));
#5165=CARTESIAN_POINT('',(7.918641996906E0,9.193061669484E-1,1.769218646089E0));
#5166=CARTESIAN_POINT('',(7.917806282203E0,9.260380086031E-1,1.782380781516E0));
#5167=CARTESIAN_POINT('',(7.916791732319E0,9.342084262281E-1,1.795606684476E0));
#5168=CARTESIAN_POINT('',(7.915580497624E0,9.439716671725E-1,1.808918455134E0));
#5169=CARTESIAN_POINT('',(7.914150943602E0,9.555249685394E-1,1.822340524580E0));
#5170=CARTESIAN_POINT('',(7.912493144033E0,9.689894685722E-1,1.835780819397E0));
#5171=CARTESIAN_POINT('',(7.910623210193E0,9.842952333360E-1,1.849018731613E0));
#5172=CARTESIAN_POINT('',(7.908570638489E0,1.001274771357E0,1.861873498432E0));
#5173=CARTESIAN_POINT('',(7.906346710282E0,1.019913575251E0,1.874356600688E0));
#5174=CARTESIAN_POINT('',(7.903934090630E0,1.040443466440E0,1.886624152378E0));
#5175=CARTESIAN_POINT('',(7.901298713452E0,1.063256504634E0,1.898862292659E0));
#5176=CARTESIAN_POINT('',(7.898409954254E0,1.088738008759E0,1.911193229070E0));
#5177=CARTESIAN_POINT('',(7.895252555556E0,1.117156172103E0,1.923649349832E0));
#5178=CARTESIAN_POINT('',(7.891831352892E0,1.148601683591E0,1.936186101835E0));
#5179=CARTESIAN_POINT('',(7.888166166464E0,1.183011629459E0,1.948723467494E0));
#5180=CARTESIAN_POINT('',(7.884270210594E0,1.220360314651E0,1.961222542245E0));
#5181=CARTESIAN_POINT('',(7.880132389393E0,1.260840822340E0,1.973723822968E0));
#5182=CARTESIAN_POINT('',(7.875719717655E0,1.304866806895E0,1.986317091625E0));
#5183=CARTESIAN_POINT('',(7.870989056902E0,1.352972856584E0,1.999097727390E0));
#5184=CARTESIAN_POINT('',(7.865899406046E0,1.405693722829E0,2.012134436478E0));
#5185=CARTESIAN_POINT('',(7.860412967655E0,1.463549779843E0,2.025471930698E0));
#5186=CARTESIAN_POINT('',(7.854493198125E0,1.527063733033E0,2.039139964693E0));
#5187=CARTESIAN_POINT('',(7.848098566877E0,1.596826595535E0,2.053169342861E0));
#5188=CARTESIAN_POINT('',(7.841181144721E0,1.673517362414E0,2.067592988691E0));
#5189=CARTESIAN_POINT('',(7.835750153737E0,1.734671482057E0,2.078354930760E0));
#5190=CARTESIAN_POINT('',(7.832610464589E0,1.770346622052E0,2.084389468971E0));
#5191=CARTESIAN_POINT('',(7.831940197155E0,1.777976965109E0,2.085669431898E0));
#5192=(BOUNDED_SURFACE()B_SPLINE_SURFACE(3,3,((#5056,#5057,#5058,#5059,#5060,
#5061,#5062,#5063,#5064,#5065,#5066,#5067,#5068,#5069,#5070,#5071,#5072,#5073,
#5074,#5075,#5076,#5077,#5078,#5079,#5080,#5081,#5082,#5083,#5084,#5085,#5086,
#5087,#5088,#5089),(#5090,#5091,#5092,#5093,#5094,#5095,#5096,#5097,#5098,#5099,
#5100,#5101,#5102,#5103,#5104,#5105,#5106,#5107,#5108,#5109,#5110,#5111,#5112,
#5113,#5114,#5115,#5116,#5117,#5118,#5119,#5120,#5121,#5122,#5123),(#5124,#5125,
#5126,#5127,#5128,#5129,#5130,#5131,#5132,#5133,#5134,#5135,#5136,#5137,#5138,
#5139,#5140,#5141,#5142,#5143,#5144,#5145,#5146,#5147,#5148,#5149,#5150,#5151,
#5152,#5153,#5154,#5155,#5156,#5157),(#5158,#5159,#5160,#5161,#5162,#5163,#5164,
#5165,#5166,#5167,#5168,#5169,#5170,#5171,#5172,#5173,#5174,#5175,#5176,#5177,
#5178,#5179,#5180,#5181,#5182,#5183,#5184,#5185,#5186,#5187,#5188,#5189,#5190,
#5191)),.UNSPECIFIED.,.F.,.F.,.F.)B_SPLINE_SURFACE_WITH_KNOTS((4,4),(4,1,1,1,1,
1,1,1,1,1,1,1,1,1,1,1,1,1,1,1,1,1,1,1,1,1,1,1,1,1,1,4),(0.E0,1.E0),(
2.376860874240E-4,1.248783410886E-3,2.518982214133E-3,3.830601834516E-3,
5.202740345412E-3,6.654983014365E-3,8.216768916935E-3,9.920749283281E-3,
1.179707048223E-2,1.389377925789E-2,1.627678913698E-2,1.900576426476E-2,
2.208763204915E-2,2.548158113471E-2,2.918749299820E-2,3.328932713876E-2,
3.787898284228E-2,4.304413183851E-2,4.885932729087E-2,5.533996163997E-2,
6.245842339232E-2,7.018766322546E-2,7.856108352748E-2,8.768513985414E-2,
9.767060374860E-2,1.086273098529E-1,1.206624431361E-1,1.338780205267E-1,
1.483853637500E-1,1.643343748394E-1,1.818820609503E-1,1.866561413754E-1),
.UNSPECIFIED.)GEOMETRIC_REPRESENTATION_ITEM()RATIONAL_B_SPLINE_SURFACE(((
1.009053389286E0,1.009053389286E0,1.009053389286E0,1.009053389286E0,
1.009053389286E0,1.009053389286E0,1.009053389286E0,1.009053389286E0,
1.009053389286E0,1.009053389286E0,1.009053389286E0,1.009053389286E0,
1.009053389286E0,1.009053389286E0,1.009053389286E0,1.009053389286E0,
1.009053389286E0,1.009053389286E0,1.009053389286E0,1.009053389286E0,
1.009053389286E0,1.009053389286E0,1.009053389286E0,1.009053389286E0,
1.009053389286E0,1.009053389286E0,1.009053389286E0,1.009053389286E0,
1.009053389286E0,1.009053389286E0,1.009053389286E0,1.009053389286E0,
1.009053389286E0,1.009053389286E0),(9.969822035713E-1,9.969822035713E-1,
9.969822035713E-1,9.969822035713E-1,9.969822035713E-1,9.969822035713E-1,
9.969822035713E-1,9.969822035713E-1,9.969822035713E-1,9.969822035713E-1,
9.969822035713E-1,9.969822035713E-1,9.969822035713E-1,9.969822035713E-1,
9.969822035713E-1,9.969822035713E-1,9.969822035713E-1,9.969822035713E-1,
9.969822035713E-1,9.969822035713E-1,9.969822035713E-1,9.969822035713E-1,
9.969822035713E-1,9.969822035713E-1,9.969822035713E-1,9.969822035713E-1,
9.969822035713E-1,9.969822035713E-1,9.969822035713E-1,9.969822035713E-1,
9.969822035713E-1,9.969822035713E-1,9.969822035713E-1,9.969822035713E-1),(
9.969822035713E-1,9.969822035713E-1,9.969822035713E-1,9.969822035713E-1,
9.969822035713E-1,9.969822035713E-1,9.969822035713E-1,9.969822035713E-1,
9.969822035713E-1,9.969822035713E-1,9.969822035713E-1,9.969822035713E-1,
9.969822035713E-1,9.969822035713E-1,9.969822035713E-1,9.969822035713E-1,
9.969822035713E-1,9.969822035713E-1,9.969822035713E-1,9.969822035713E-1,
9.969822035713E-1,9.969822035713E-1,9.969822035713E-1,9.969822035713E-1,
9.969822035713E-1,9.969822035713E-1,9.969822035713E-1,9.969822035713E-1,
9.969822035713E-1,9.969822035713E-1,9.969822035713E-1,9.969822035713E-1,
9.969822035713E-1,9.969822035713E-1),(1.009053389286E0,1.009053389286E0,
1.009053389286E0,1.009053389286E0,1.009053389286E0,1.009053389286E0,
1.009053389286E0,1.009053389286E0,1.009053389286E0,1.009053389286E0,
1.009053389286E0,1.009053389286E0,1.009053389286E0,1.009053389286E0,
1.009053389286E0,1.009053389286E0,1.009053389286E0,1.009053389286E0,
1.009053389286E0,1.009053389286E0,1.009053389286E0,1.009053389286E0,
1.009053389286E0,1.009053389286E0,1.009053389286E0,1.009053389286E0,
1.009053389286E0,1.009053389286E0,1.009053389286E0,1.009053389286E0,
1.009053389286E0,1.009053389286E0,1.009053389286E0,1.009053389286E0)))REPRESENTATION_ITEM('')SURFACE());
#5193=ORIENTED_EDGE('',*,*,#3708,.T.);
#5194=ORIENTED_EDGE('',*,*,#5035,.F.);
#5195=ORIENTED_EDGE('',*,*,#5051,.F.);
#5196=ORIENTED_EDGE('',*,*,#3660,.T.);
#5197=EDGE_LOOP('',(#5193,#5194,#5195,#5196));
#5198=FACE_OUTER_BOUND('',#5197,.F.);
#5199=ADVANCED_FACE('',(#5198),#5192,.F.);
#5200=CARTESIAN_POINT('',(7.037886425497E0,2.8E0,2.8E0));
#5201=DIRECTION('',(-1.E0,0.E0,0.E0));
#5202=DIRECTION('',(0.E0,0.E0,-1.E0));
#5203=AXIS2_PLACEMENT_3D('',#5200,#5201,#5202);
#5204=CYLINDRICAL_SURFACE('',#5203,3.E-1);
#5205=ORIENTED_EDGE('',*,*,#2807,.F.);
#5206=ORIENTED_EDGE('',*,*,#4863,.T.);
#5207=ORIENTED_EDGE('',*,*,#4639,.T.);
#5208=ORIENTED_EDGE('',*,*,#2786,.F.);
#5209=EDGE_LOOP('',(#5205,#5206,#5207,#5208));
#5210=FACE_OUTER_BOUND('',#5209,.F.);
#5211=ADVANCED_FACE('',(#5210),#5204,.F.);
#5212=CARTESIAN_POINT('',(7.087690267642E0,2.808214524594E0,8.399952789984E0));
#5213=CARTESIAN_POINT('',(7.091432025912E0,2.808033178538E0,8.399894120426E0));
#5214=CARTESIAN_POINT('',(7.103990982949E0,2.807369086076E0,8.399783111250E0));
#5215=CARTESIAN_POINT('',(7.125467164096E0,2.805916856393E0,8.400086749073E0));
#5216=CARTESIAN_POINT('',(7.152216407305E0,2.803546188074E0,8.401328824107E0));
#5217=CARTESIAN_POINT('',(7.179281095137E0,2.800564618124E0,8.403463589648E0));
#5218=CARTESIAN_POINT('',(7.206737715703E0,2.796929889635E0,8.406524627819E0));
#5219=CARTESIAN_POINT('',(7.234683290604E0,2.792585450491E0,8.410558489348E0));
#5220=CARTESIAN_POINT('',(7.263219350346E0,2.787459991390E0,8.415625880242E0));
#5221=CARTESIAN_POINT('',(7.292437873069E0,2.781469522737E0,8.421798828133E0));
#5222=CARTESIAN_POINT('',(7.322425560680E0,2.774515625834E0,8.429161792906E0));
#5223=CARTESIAN_POINT('',(7.353267816037E0,2.766483010436E0,8.437813429051E0));
#5224=CARTESIAN_POINT('',(7.385038745507E0,2.757240987953E0,8.447863931175E0));
#5225=CARTESIAN_POINT('',(7.417804170106E0,2.746641179330E0,8.459436316089E0));
#5226=CARTESIAN_POINT('',(7.451618008080E0,2.734516812549E0,8.472665704941E0));
#5227=CARTESIAN_POINT('',(7.486519081783E0,2.720682554460E0,8.487697745345E0));
#5228=CARTESIAN_POINT('',(7.522527540715E0,2.704933977619E0,8.504687096548E0));
#5229=CARTESIAN_POINT('',(7.559636189002E0,2.687049673012E0,8.523792565670E0));
#5230=CARTESIAN_POINT('',(7.597811188637E0,2.666790719879E0,8.545174701358E0));
#5231=CARTESIAN_POINT('',(7.636956075265E0,2.643919747360E0,8.568972116393E0));
#5232=CARTESIAN_POINT('',(7.676959312689E0,2.618178405335E0,8.595321156958E0));
#5233=CARTESIAN_POINT('',(7.717631042534E0,2.589326422873E0,8.624310172036E0));
#5234=CARTESIAN_POINT('',(7.758781550704E0,2.557091701602E0,8.656022869932E0));
#5235=CARTESIAN_POINT('',(7.800096901249E0,2.521265270804E0,8.690434410828E0));
#5236=CARTESIAN_POINT('',(7.841255222752E0,2.481622730325E0,8.727477512584E0));
#5237=CARTESIAN_POINT('',(7.881719306740E0,2.438137098386E0,8.766830118658E0));
#5238=CARTESIAN_POINT('',(7.920939620815E0,2.390843504762E0,8.808037965283E0));
#5239=CARTESIAN_POINT('',(7.957793457347E0,2.340634389884E0,8.849844084347E0));
#5240=CARTESIAN_POINT('',(7.991222455519E0,2.288844419658E0,8.890682447611E0));
#5241=CARTESIAN_POINT('',(8.020232580682E0,2.237515192746E0,8.928656778299E0));
#5242=CARTESIAN_POINT('',(8.044662422478E0,2.188026536389E0,8.962692812358E0));
#5243=CARTESIAN_POINT('',(8.064878708278E0,2.141099523203E0,8.992449438080E0));
#5244=CARTESIAN_POINT('',(8.081603813659E0,2.096533614214E0,9.018286045775E0));
#5245=CARTESIAN_POINT('',(8.095545207E0,2.053709887983E0,9.040763007408E0));
#5246=CARTESIAN_POINT('',(8.107122527039E0,2.012411373690E0,9.060151864307E0));
#5247=CARTESIAN_POINT('',(8.116632618839E0,1.972655636461E0,9.076617657442E0));
#5248=CARTESIAN_POINT('',(8.124339611616E0,1.934551557160E0,9.090344864374E0));
#5249=CARTESIAN_POINT('',(8.130581073706E0,1.897563651780E0,9.101729905309E0));
#5250=CARTESIAN_POINT('',(8.135040303779E0,1.865138693571E0,9.110028612451E0));
#5251=CARTESIAN_POINT('',(8.137333937777E0,1.844799475261E0,9.114353424848E0));
#5252=CARTESIAN_POINT('',(8.138146149701E0,1.836933340326E0,9.115891072029E0));
#5253=CARTESIAN_POINT('',(7.079925362924E0,2.623849404840E0,8.405751103761E0));
#5254=CARTESIAN_POINT('',(7.082787604290E0,2.623705092929E0,8.405692862892E0));
#5255=CARTESIAN_POINT('',(7.092395669278E0,2.623186457861E0,8.405582657056E0));
#5256=CARTESIAN_POINT('',(7.108836175358E0,2.622103816765E0,8.405884098086E0));
#5257=CARTESIAN_POINT('',(7.129347371503E0,2.620403795097E0,8.407117337279E0));
#5258=CARTESIAN_POINT('',(7.150150402556E0,2.618312265644E0,8.409237216456E0));
#5259=CARTESIAN_POINT('',(7.171320146014E0,2.615792828311E0,8.412277448886E0));
#5260=CARTESIAN_POINT('',(7.192947395523E0,2.612797151079E0,8.416284741141E0));
#5261=CARTESIAN_POINT('',(7.215126752643E0,2.609264536394E0,8.421319979971E0));
#5262=CARTESIAN_POINT('',(7.237945639203E0,2.605123124774E0,8.427455422471E0));
#5263=CARTESIAN_POINT('',(7.261487575497E0,2.600288472269E0,8.434775805188E0));
#5264=CARTESIAN_POINT('',(7.285835302357E0,2.594661570700E0,8.443380103884E0));
#5265=CARTESIAN_POINT('',(7.311062773978E0,2.588129613440E0,8.453378898961E0));
#5266=CARTESIAN_POINT('',(7.337237434752E0,2.580564103435E0,8.464895655570E0));
#5267=CARTESIAN_POINT('',(7.364417236057E0,2.571820033538E0,8.478066014825E0));
#5268=CARTESIAN_POINT('',(7.392647856972E0,2.561735491427E0,8.493036225170E0));
#5269=CARTESIAN_POINT('',(7.421959661074E0,2.550130959964E0,8.509961636858E0));
#5270=CARTESIAN_POINT('',(7.452360415276E0,2.536810559326E0,8.529001858866E0));
#5271=CARTESIAN_POINT('',(7.483835464062E0,2.521561443988E0,8.550318357864E0));
#5272=CARTESIAN_POINT('',(7.516317685619E0,2.504167936024E0,8.574050851829E0));
#5273=CARTESIAN_POINT('',(7.549726080184E0,2.484394498164E0,8.600336910898E0));
#5274=CARTESIAN_POINT('',(7.583912875263E0,2.462015231720E0,8.629266353819E0));
#5275=CARTESIAN_POINT('',(7.618728695368E0,2.436774884959E0,8.660924526885E0));
#5276=CARTESIAN_POINT('',(7.653917294559E0,2.408462007531E0,8.695288635746E0));
#5277=CARTESIAN_POINT('',(7.689212688563E0,2.376846699479E0,8.732293778734E0));
#5278=CARTESIAN_POINT('',(7.724160248948E0,2.341848933017E0,8.771620911065E0));
#5279=CARTESIAN_POINT('',(7.758286969413E0,2.303431555530E0,8.812819229754E0));
#5280=CARTESIAN_POINT('',(7.790607895180E0,2.262250725460E0,8.854635521965E0));
#5281=CARTESIAN_POINT('',(7.820166563882E0,2.219342516576E0,8.895506264994E0));
#5282=CARTESIAN_POINT('',(7.846031321223E0,2.176370150021E0,8.933534522183E0));
#5283=CARTESIAN_POINT('',(7.867989270732E0,2.134497925817E0,8.967642532196E0));
#5284=CARTESIAN_POINT('',(7.886299104397E0,2.094377369914E0,8.997483962311E0));
#5285=CARTESIAN_POINT('',(7.901554410498E0,2.055890478563E0,9.023413643090E0));
#5286=CARTESIAN_POINT('',(7.914353404125E0,2.018552623921E0,9.045988441725E0));
#5287=CARTESIAN_POINT('',(7.925045014111E0,1.982220137221E0,9.065475864510E0));
#5288=CARTESIAN_POINT('',(7.933873630777E0,1.946958476526E0,9.082036622467E0));
#5289=CARTESIAN_POINT('',(7.941060414569E0,1.912921087023E0,9.095851354735E0));
#5290=CARTESIAN_POINT('',(7.946902509704E0,1.879680810526E0,9.107314993093E0));
#5291=CARTESIAN_POINT('',(7.951089556666E0,1.850392730996E0,9.115674737897E0));
#5292=CARTESIAN_POINT('',(7.953247621142E0,1.831957123676E0,9.120032659149E0));
#5293=CARTESIAN_POINT('',(7.954012357400E0,1.824818463593E0,9.121582234954E0));
#5294=CARTESIAN_POINT('',(7.072298361422E0,2.493510184603E0,8.275221768066E0));
#5295=CARTESIAN_POINT('',(7.075160331933E0,2.493375454410E0,8.275153876718E0));
#5296=CARTESIAN_POINT('',(7.084765525865E0,2.492875074416E0,8.275025586414E0));
#5297=CARTESIAN_POINT('',(7.101183265242E0,2.491744224434E0,8.275376480767E0));
#5298=CARTESIAN_POINT('',(7.121607857196E0,2.489850316961E0,8.276808628896E0));
#5299=CARTESIAN_POINT('',(7.142237787165E0,2.487435246325E0,8.279263624001E0));
#5300=CARTESIAN_POINT('',(7.163119919294E0,2.484469589720E0,8.282772226980E0));
#5301=CARTESIAN_POINT('',(7.184316674514E0,2.480913699198E0,8.287377636177E0));
#5302=CARTESIAN_POINT('',(7.205893667321E0,2.476717405359E0,8.293136669508E0));
#5303=CARTESIAN_POINT('',(7.227909115330E0,2.471821879759E0,8.300116418465E0));
#5304=CARTESIAN_POINT('',(7.250417104867E0,2.466158357602E0,8.308395391522E0));
#5305=CARTESIAN_POINT('',(7.273470576305E0,2.459646348801E0,8.318065332049E0));
#5306=CARTESIAN_POINT('',(7.297113933051E0,2.452195021600E0,8.329228135620E0));
#5307=CARTESIAN_POINT('',(7.321385363556E0,2.443701547983E0,8.341997174531E0));
#5308=CARTESIAN_POINT('',(7.346314228097E0,2.434050767090E0,8.356496384593E0));
#5309=CARTESIAN_POINT('',(7.371918855894E0,2.423115246048E0,8.372858488686E0));
#5310=CARTESIAN_POINT('',(7.398204027510E0,2.410755079685E0,8.391223281316E0));
#5311=CARTESIAN_POINT('',(7.425154801671E0,2.396819772429E0,8.411732320420E0));
#5312=CARTESIAN_POINT('',(7.452737311785E0,2.381147973215E0,8.434526406490E0));
#5313=CARTESIAN_POINT('',(7.480873033087E0,2.363582373670E0,8.459720377802E0));
#5314=CARTESIAN_POINT('',(7.509473583011E0,2.343952329221E0,8.487424251284E0));
#5315=CARTESIAN_POINT('',(7.538395551025E0,2.322104003839E0,8.517694758943E0));
#5316=CARTESIAN_POINT('',(7.567496855328E0,2.297862777889E0,8.550580373293E0));
#5317=CARTESIAN_POINT('',(7.596548824982E0,2.271105507712E0,8.586012253278E0));
#5318=CARTESIAN_POINT('',(7.625319327853E0,2.241701974756E0,8.623871908981E0));
#5319=CARTESIAN_POINT('',(7.653428538075E0,2.209673772672E0,8.663772496090E0));
#5320=CARTESIAN_POINT('',(7.680493568467E0,2.175093299810E0,8.705185303891E0));
#5321=CARTESIAN_POINT('',(7.705745392210E0,2.138662011258E0,8.746772582273E0));
#5322=CARTESIAN_POINT('',(7.728478940432E0,2.101390000252E0,8.786914404883E0));
#5323=CARTESIAN_POINT('',(7.748055695138E0,2.064766646972E0,8.823728690107E0));
#5324=CARTESIAN_POINT('',(7.764415789458E0,2.029769970756E0,8.856216406052E0));
#5325=CARTESIAN_POINT('',(7.777855249945E0,1.996880429479E0,8.884148753368E0));
#5326=CARTESIAN_POINT('',(7.788897439647E0,1.965919464791E0,8.907983209845E0));
#5327=CARTESIAN_POINT('',(7.798042920456E0,1.936421635170E0,8.928355540782E0));
#5328=CARTESIAN_POINT('',(7.805592802996E0,1.908205126307E0,8.945624087513E0));
#5329=CARTESIAN_POINT('',(7.811761819730E0,1.881246380368E0,8.960047035136E0));
#5330=CARTESIAN_POINT('',(7.816738402530E0,1.855578788176E0,8.971891431799E0));
#5331=CARTESIAN_POINT('',(7.820753070119E0,1.830805246651E0,8.981585716224E0));
#5332=CARTESIAN_POINT('',(7.823612012620E0,1.809193398898E0,8.988571405425E0));
#5333=CARTESIAN_POINT('',(7.825079378359E0,1.795682478979E0,8.992183993286E0));
#5334=CARTESIAN_POINT('',(7.825598617628E0,1.790463385043E0,8.993465036659E0));
#5335=CARTESIAN_POINT('',(7.069621185841E0,2.499428688952E0,8.090716552994E0));
#5336=CARTESIAN_POINT('',(7.073362302431E0,2.499270042885E0,8.090635020545E0));
#5337=CARTESIAN_POINT('',(7.085914457666E0,2.498649198404E0,8.090481167568E0));
#5338=CARTESIAN_POINT('',(7.107336702361E0,2.497082757350E0,8.090901964951E0));
#5339=CARTESIAN_POINT('',(7.133880772119E0,2.494252755377E0,8.092615273907E0));
#5340=CARTESIAN_POINT('',(7.160535367251E0,2.490504686022E0,8.095543960509E0));
#5341=CARTESIAN_POINT('',(7.187310609604E0,2.485812822234E0,8.099714612433E0));
#5342=CARTESIAN_POINT('',(7.214236303165E0,2.480141185271E0,8.105165469086E0));
#5343=CARTESIAN_POINT('',(7.241345305361E0,2.473443408014E0,8.111947597032E0));
#5344=CARTESIAN_POINT('',(7.268660406811E0,2.465666372624E0,8.120120786095E0));
#5345=CARTESIAN_POINT('',(7.296198577595E0,2.456748805785E0,8.129754741280E0));
#5346=CARTESIAN_POINT('',(7.323974620487E0,2.446619288352E0,8.140930982853E0));
#5347=CARTESIAN_POINT('',(7.351992633263E0,2.435199192262E0,8.153739130258E0));
#5348=CARTESIAN_POINT('',(7.380249126872E0,2.422400950821E0,8.168278289382E0));
#5349=CARTESIAN_POINT('',(7.408730284565E0,2.408128500660E0,8.184655850410E0));
#5350=CARTESIAN_POINT('',(7.437410134315E0,2.392278193681E0,8.202985417633E0));
#5351=CARTESIAN_POINT('',(7.466248217055E0,2.374739446902E0,8.223384797269E0));
#5352=CARTESIAN_POINT('',(7.495183539094E0,2.355398370852E0,8.245970031834E0));
#5353=CARTESIAN_POINT('',(7.524136749582E0,2.334138039978E0,8.270852709858E0));
#5354=CARTESIAN_POINT('',(7.552984369502E0,2.310859366365E0,8.298112501783E0));
#5355=CARTESIAN_POINT('',(7.581597372105E0,2.285457736777E0,8.327820477652E0));
#5356=CARTESIAN_POINT('',(7.609796232908E0,2.257863603483E0,8.359986600859E0));
#5357=CARTESIAN_POINT('',(7.637408517250E0,2.227995893108E0,8.394607222260E0));
#5358=CARTESIAN_POINT('',(7.664185616945E0,2.195854841770E0,8.431548413082E0));
#5359=CARTESIAN_POINT('',(7.689885859464E0,2.161452203908E0,8.470615935594E0));
#5360=CARTESIAN_POINT('',(7.714149250631E0,2.125001748457E0,8.511327109815E0));
#5361=CARTESIAN_POINT('',(7.736639758693E0,2.086798141707E0,8.553043101260E0));
#5362=CARTESIAN_POINT('',(7.756746229606E0,2.047841136084E0,8.594306665089E0));
#5363=CARTESIAN_POINT('',(7.774005877320E0,2.009403847180E0,8.633418147524E0));
#5364=CARTESIAN_POINT('',(7.788119134567E0,1.973116028113E0,8.668516464781E0));
#5365=CARTESIAN_POINT('',(7.799287132468E0,1.939916189711E0,8.698713870248E0));
#5366=CARTESIAN_POINT('',(7.807965047474E0,1.910120128281E0,8.723947699790E0));
#5367=CARTESIAN_POINT('',(7.814708885012E0,1.883383845321E0,8.744820524625E0));
#5368=CARTESIAN_POINT('',(7.819994763869E0,1.859133873584E0,8.762079633742E0));
#5369=CARTESIAN_POINT('',(7.824129036964E0,1.837062871884E0,8.776211765188E0));
#5370=CARTESIAN_POINT('',(7.827338287114E0,1.816977518338E0,8.787612885163E0));
#5371=CARTESIAN_POINT('',(7.829809106476E0,1.798702273768E0,8.796672182271E0));
#5372=CARTESIAN_POINT('',(7.831721221337E0,1.781772857527E0,8.803865457814E0));
#5373=CARTESIAN_POINT('',(7.833034047396E0,1.767533612254E0,8.808908898377E0));
#5374=CARTESIAN_POINT('',(7.833691351312E0,1.758861440224E0,8.811467946075E0));
#5375=CARTESIAN_POINT('',(7.833921957847E0,1.755542937502E0,8.812369414744E0));
#5376=(BOUNDED_SURFACE()B_SPLINE_SURFACE(3,3,((#5212,#5213,#5214,#5215,#5216,
#5217,#5218,#5219,#5220,#5221,#5222,#5223,#5224,#5225,#5226,#5227,#5228,#5229,
#5230,#5231,#5232,#5233,#5234,#5235,#5236,#5237,#5238,#5239,#5240,#5241,#5242,
#5243,#5244,#5245,#5246,#5247,#5248,#5249,#5250,#5251,#5252),(#5253,#5254,#5255,
#5256,#5257,#5258,#5259,#5260,#5261,#5262,#5263,#5264,#5265,#5266,#5267,#5268,
#5269,#5270,#5271,#5272,#5273,#5274,#5275,#5276,#5277,#5278,#5279,#5280,#5281,
#5282,#5283,#5284,#5285,#5286,#5287,#5288,#5289,#5290,#5291,#5292,#5293),(#5294,
#5295,#5296,#5297,#5298,#5299,#5300,#5301,#5302,#5303,#5304,#5305,#5306,#5307,
#5308,#5309,#5310,#5311,#5312,#5313,#5314,#5315,#5316,#5317,#5318,#5319,#5320,
#5321,#5322,#5323,#5324,#5325,#5326,#5327,#5328,#5329,#5330,#5331,#5332,#5333,
#5334),(#5335,#5336,#5337,#5338,#5339,#5340,#5341,#5342,#5343,#5344,#5345,#5346,
#5347,#5348,#5349,#5350,#5351,#5352,#5353,#5354,#5355,#5356,#5357,#5358,#5359,
#5360,#5361,#5362,#5363,#5364,#5365,#5366,#5367,#5368,#5369,#5370,#5371,#5372,
#5373,#5374,#5375)),.UNSPECIFIED.,.F.,.F.,.F.)B_SPLINE_SURFACE_WITH_KNOTS((4,4),
(4,1,1,1,1,1,1,1,1,1,1,1,1,1,1,1,1,1,1,1,1,1,1,1,1,1,1,1,1,1,1,1,1,1,1,1,1,1,4),
(0.E0,1.E0),(-8.189122130106E-3,0.E0,1.929117761634E-2,3.877738391160E-2,
5.849046522652E-2,7.847887355296E-2,9.885828739307E-2,1.197128664091E-1,
1.411140505505E-1,1.631722714118E-1,1.859795391361E-1,2.096281660106E-1,
2.342315612833E-1,2.598960828010E-1,2.867254822710E-1,3.148422156766E-1,
3.443585580268E-1,3.753685021976E-1,4.079886570246E-1,4.422376596797E-1,
4.782264816996E-1,5.159206633292E-1,5.553775006713E-1,5.963877723462E-1,
6.388708896665E-1,6.821575112820E-1,7.257838919165E-1,7.673614208505E-1,
8.055887826035E-1,8.392425468676E-1,8.684750367997E-1,8.940747946045E-1,
9.167616868830E-1,9.372141348846E-1,9.553285939003E-1,9.714426913424E-1,
9.861366238216E-1,1.E0,1.008554684996E0),.UNSPECIFIED.)GEOMETRIC_REPRESENTATION_ITEM()RATIONAL_B_SPLINE_SURFACE(((1.187262885521E0,1.187262885521E0,
1.187262885521E0,1.187262885521E0,1.187262885521E0,1.187262885521E0,
1.187262885521E0,1.187262885521E0,1.187262885521E0,1.187262885521E0,
1.187262885521E0,1.187262885521E0,1.187262885521E0,1.187262885521E0,
1.187262885521E0,1.187262885521E0,1.187262885521E0,1.187262885521E0,
1.187262885521E0,1.187262885521E0,1.187262885521E0,1.187262885521E0,
1.187262885521E0,1.187262885521E0,1.187262885521E0,1.187262885521E0,
1.187262885521E0,1.187262885521E0,1.187262885521E0,1.187262885521E0,
1.187262885521E0,1.187262885521E0,1.187262885521E0,1.187262885521E0,
1.187262885521E0,1.187262885521E0,1.187262885521E0,1.187262885521E0,
1.187262885521E0,1.187262885521E0,1.187262885521E0),(9.375790381598E-1,
9.375790381598E-1,9.375790381598E-1,9.375790381598E-1,9.375790381598E-1,
9.375790381598E-1,9.375790381598E-1,9.375790381598E-1,9.375790381598E-1,
9.375790381598E-1,9.375790381598E-1,9.375790381598E-1,9.375790381598E-1,
9.375790381598E-1,9.375790381598E-1,9.375790381598E-1,9.375790381598E-1,
9.375790381598E-1,9.375790381598E-1,9.375790381598E-1,9.375790381598E-1,
9.375790381598E-1,9.375790381598E-1,9.375790381598E-1,9.375790381598E-1,
9.375790381598E-1,9.375790381598E-1,9.375790381598E-1,9.375790381598E-1,
9.375790381598E-1,9.375790381598E-1,9.375790381598E-1,9.375790381598E-1,
9.375790381598E-1,9.375790381598E-1,9.375790381598E-1,9.375790381598E-1,
9.375790381598E-1,9.375790381598E-1,9.375790381598E-1,9.375790381598E-1),(
9.375790381598E-1,9.375790381598E-1,9.375790381598E-1,9.375790381598E-1,
9.375790381598E-1,9.375790381598E-1,9.375790381598E-1,9.375790381598E-1,
9.375790381598E-1,9.375790381598E-1,9.375790381598E-1,9.375790381598E-1,
9.375790381598E-1,9.375790381598E-1,9.375790381598E-1,9.375790381598E-1,
9.375790381598E-1,9.375790381598E-1,9.375790381598E-1,9.375790381598E-1,
9.375790381598E-1,9.375790381598E-1,9.375790381598E-1,9.375790381598E-1,
9.375790381598E-1,9.375790381598E-1,9.375790381598E-1,9.375790381598E-1,
9.375790381598E-1,9.375790381598E-1,9.375790381598E-1,9.375790381598E-1,
9.375790381598E-1,9.375790381598E-1,9.375790381598E-1,9.375790381598E-1,
9.375790381598E-1,9.375790381598E-1,9.375790381598E-1,9.375790381598E-1,
9.375790381598E-1),(1.187262885521E0,1.187262885521E0,1.187262885521E0,
1.187262885521E0,1.187262885521E0,1.187262885521E0,1.187262885521E0,
1.187262885521E0,1.187262885521E0,1.187262885521E0,1.187262885521E0,
1.187262885521E0,1.187262885521E0,1.187262885521E0,1.187262885521E0,
1.187262885521E0,1.187262885521E0,1.187262885521E0,1.187262885521E0,
1.187262885521E0,1.187262885521E0,1.187262885521E0,1.187262885521E0,
1.187262885521E0,1.187262885521E0,1.187262885521E0,1.187262885521E0,
1.187262885521E0,1.187262885521E0,1.187262885521E0,1.187262885521E0,
1.187262885521E0,1.187262885521E0,1.187262885521E0,1.187262885521E0,
1.187262885521E0,1.187262885521E0,1.187262885521E0,1.187262885521E0,
1.187262885521E0,1.187262885521E0)))REPRESENTATION_ITEM('')SURFACE());
#5378=ORIENTED_EDGE('',*,*,#5377,.F.);
#5380=ORIENTED_EDGE('',*,*,#5379,.T.);
#5381=ORIENTED_EDGE('',*,*,#4674,.T.);
#5383=ORIENTED_EDGE('',*,*,#5382,.F.);
#5384=EDGE_LOOP('',(#5378,#5380,#5381,#5383));
#5385=FACE_OUTER_BOUND('',#5384,.F.);
#5386=ADVANCED_FACE('',(#5385),#5376,.F.);
#5387=CARTESIAN_POINT('',(7.1E0,5.707909059508E0,9.2E0));
#5388=DIRECTION('',(0.E0,-1.E0,0.E0));
#5389=DIRECTION('',(0.E0,0.E0,-1.E0));
#5390=AXIS2_PLACEMENT_3D('',#5387,#5388,#5389);
#5391=CYLINDRICAL_SURFACE('',#5390,8.E-1);
#5393=ORIENTED_EDGE('',*,*,#5392,.T.);
#5394=ORIENTED_EDGE('',*,*,#3681,.F.);
#5395=ORIENTED_EDGE('',*,*,#2821,.T.);
#5397=ORIENTED_EDGE('',*,*,#5396,.T.);
#5398=ORIENTED_EDGE('',*,*,#5377,.T.);
#5399=EDGE_LOOP('',(#5393,#5394,#5395,#5397,#5398));
#5400=FACE_OUTER_BOUND('',#5399,.F.);
#5401=ADVANCED_FACE('',(#5400),#5391,.T.);
#5402=CARTESIAN_POINT('',(7.850394220124E0,1.805022093392E0,8.922644910914E0));
#5403=CARTESIAN_POINT('',(7.850993320964E0,1.795537854085E0,8.924265833553E0));
#5404=CARTESIAN_POINT('',(7.853324177522E0,1.758635951401E0,8.930635107916E0));
#5405=CARTESIAN_POINT('',(7.857219895235E0,1.696941558160E0,8.941710328978E0));
#5406=CARTESIAN_POINT('',(7.861927591460E0,1.622352679523E0,8.955960287640E0));
#5407=CARTESIAN_POINT('',(7.866189902481E0,1.554786098672E0,8.969703763794E0));
#5408=CARTESIAN_POINT('',(7.870049591038E0,1.493568584220E0,8.982970379378E0));
#5409=CARTESIAN_POINT('',(7.873543709503E0,1.438116864214E0,8.995785152066E0));
#5410=CARTESIAN_POINT('',(7.876704997104E0,1.387915603794E0,9.008170009700E0));
#5411=CARTESIAN_POINT('',(7.879565946718E0,1.342452855646E0,9.020159158594E0));
#5412=CARTESIAN_POINT('',(7.882159384163E0,1.301210728514E0,9.031805017170E0));
#5413=CARTESIAN_POINT('',(7.884517288283E0,1.263683991612E0,9.043177564649E0));
#5414=CARTESIAN_POINT('',(7.886663154425E0,1.229501576130E0,9.054329371747E0));
#5415=CARTESIAN_POINT('',(7.888607268895E0,1.198502375823E0,9.065258432173E0));
#5416=CARTESIAN_POINT('',(7.890348262693E0,1.170711526888E0,9.075889358156E0));
#5417=CARTESIAN_POINT('',(7.891884814348E0,1.146154501161E0,9.086119471633E0));
#5418=CARTESIAN_POINT('',(7.893225017098E0,1.124707347044E0,9.095880648880E0));
#5419=CARTESIAN_POINT('',(7.894386259347E0,1.106097682726E0,9.105163159108E0));
#5420=CARTESIAN_POINT('',(7.895390834023E0,1.089974072309E0,9.114010108277E0));
#5421=CARTESIAN_POINT('',(7.896260616859E0,1.075990873554E0,9.122490545579E0));
#5422=CARTESIAN_POINT('',(7.897012402321E0,1.063883170615E0,9.130659724514E0));
#5423=CARTESIAN_POINT('',(7.897656858312E0,1.053484188551E0,9.138531088617E0));
#5424=CARTESIAN_POINT('',(7.898200694630E0,1.044691090134E0,9.146070452085E0));
#5425=CARTESIAN_POINT('',(7.898650927762E0,1.037396310026E0,9.153232436644E0));
#5426=CARTESIAN_POINT('',(7.899016267361E0,1.031464753691E0,9.159984058548E0));
#5427=CARTESIAN_POINT('',(7.899306797101E0,1.026738445869E0,9.166312950497E0));
#5428=CARTESIAN_POINT('',(7.899533431961E0,1.023044862294E0,9.172238912397E0));
#5429=CARTESIAN_POINT('',(7.899706809327E0,1.020214709494E0,9.177818380815E0));
#5430=CARTESIAN_POINT('',(7.899835588854E0,1.018109712078E0,9.183118179730E0));
#5431=CARTESIAN_POINT('',(7.899926136427E0,1.016628058768E0,9.188196255065E0));
#5432=CARTESIAN_POINT('',(7.899983061566E0,1.015695863527E0,9.193097227112E0));
#5433=CARTESIAN_POINT('',(7.900008658248E0,1.015276511924E0,9.197669820297E0));
#5434=CARTESIAN_POINT('',(7.900008899374E0,1.015272556570E0,9.200611866511E0));
#5435=CARTESIAN_POINT('',(7.900005570262E0,1.015327100381E0,9.201967582E0));
#5436=CARTESIAN_POINT('',(7.837203380405E0,1.795744189312E0,8.888043662326E0));
#5437=CARTESIAN_POINT('',(7.837881684726E0,1.786209319229E0,8.889647968551E0));
#5438=CARTESIAN_POINT('',(7.840523902424E0,1.749105329946E0,8.895954279499E0));
#5439=CARTESIAN_POINT('',(7.844961998883E0,1.687037334225E0,8.906936278287E0));
#5440=CARTESIAN_POINT('',(7.850369724879E0,1.611917031247E0,8.921102060373E0));
#5441=CARTESIAN_POINT('',(7.855309467233E0,1.543783412861E0,8.934801855876E0));
#5442=CARTESIAN_POINT('',(7.859825482935E0,1.481959845654E0,8.948066245610E0));
#5443=CARTESIAN_POINT('',(7.863956099153E0,1.425859398634E0,8.960922017289E0));
#5444=CARTESIAN_POINT('',(7.867735179244E0,1.374962835301E0,8.973393697922E0));
#5445=CARTESIAN_POINT('',(7.871196955175E0,1.328753086555E0,8.985519217699E0));
#5446=CARTESIAN_POINT('',(7.874376917319E0,1.286704995864E0,8.997356468999E0));
#5447=CARTESIAN_POINT('',(7.877310620638E0,1.248303092515E0,9.008983567622E0));
#5448=CARTESIAN_POINT('',(7.880024285023E0,1.213164956491E0,9.020464215273E0));
#5449=CARTESIAN_POINT('',(7.882528119373E0,1.181120963586E0,9.031809576205E0));
#5450=CARTESIAN_POINT('',(7.884816770663E0,1.152195735684E0,9.042956695790E0));
#5451=CARTESIAN_POINT('',(7.886883245845E0,1.126421875013E0,9.053813095742E0));
#5452=CARTESIAN_POINT('',(7.888731420406E0,1.103685123549E0,9.064319940743E0));
#5453=CARTESIAN_POINT('',(7.890377193425E0,1.083720766323E0,9.074478732686E0));
#5454=CARTESIAN_POINT('',(7.891843833171E0,1.066180688589E0,9.084348972829E0));
#5455=CARTESIAN_POINT('',(7.893155192166E0,1.050720138532E0,9.094022417972E0));
#5456=CARTESIAN_POINT('',(7.894328816472E0,1.037079231358E0,9.103580592678E0));
#5457=CARTESIAN_POINT('',(7.895373281744E0,1.025108609706E0,9.113059448509E0));
#5458=CARTESIAN_POINT('',(7.896290150542E0,1.014740696006E0,9.122432329353E0));
#5459=CARTESIAN_POINT('',(7.897080478516E0,1.005914368705E0,9.131643979828E0));
#5460=CARTESIAN_POINT('',(7.897747869553E0,9.985435556755E-1,9.140635630858E0));
#5461=CARTESIAN_POINT('',(7.898299046543E0,9.925143026725E-1,9.149356294020E0));
#5462=CARTESIAN_POINT('',(7.898744026439E0,9.876852741595E-1,9.157784800954E0));
#5463=CARTESIAN_POINT('',(7.899094778635E0,9.839030560652E-1,9.165947064224E0));
#5464=CARTESIAN_POINT('',(7.899361891983E0,9.810369988386E-1,9.173887030649E0));
#5465=CARTESIAN_POINT('',(7.899553419172E0,9.789895040890E-1,9.181639884735E0));
#5466=CARTESIAN_POINT('',(7.899675514098E0,9.776875343067E-1,9.189224191522E0));
#5467=CARTESIAN_POINT('',(7.899730858700E0,9.770981634781E-1,9.196356909135E0));
#5468=CARTESIAN_POINT('',(7.899731383752E0,9.770926351834E-1,9.200956652434E0));
#5469=CARTESIAN_POINT('',(7.899724183563E0,9.771692749034E-1,9.203074171320E0));
#5470=CARTESIAN_POINT('',(7.830977558895E0,1.786620002050E0,8.851501734264E0));
#5471=CARTESIAN_POINT('',(7.831739187020E0,1.777035340044E0,8.853104278524E0));
#5472=CARTESIAN_POINT('',(7.834708744784E0,1.739732612343E0,8.859405957934E0));
#5473=CARTESIAN_POINT('',(7.839715573824E0,1.677297204009E0,8.870395903875E0));
#5474=CARTESIAN_POINT('',(7.845854460338E0,1.601654281356E0,8.884607105114E0));
#5475=CARTESIAN_POINT('',(7.851499119214E0,1.532963020145E0,8.898387607495E0));
#5476=CARTESIAN_POINT('',(7.856695662552E0,1.470543441298E0,8.911769201906E0));
#5477=CARTESIAN_POINT('',(7.861484005317E0,1.413805015408E0,8.924780642834E0));
#5478=CARTESIAN_POINT('',(7.865899411589E0,1.362224668978E0,8.937449212078E0));
#5479=CARTESIAN_POINT('',(7.869978116934E0,1.315280295980E0,8.949816811775E0));
#5480=CARTESIAN_POINT('',(7.873758528927E0,1.272439594979E0,8.961947192136E0));
#5481=CARTESIAN_POINT('',(7.877280009045E0,1.233177024988E0,8.973927104724E0));
#5482=CARTESIAN_POINT('',(7.880571669437E0,1.197099002852E0,8.985831676675E0));
#5483=CARTESIAN_POINT('',(7.883643735413E0,1.164027527527E0,8.997685013319E0));
#5484=CARTESIAN_POINT('',(7.886486921552E0,1.133986715112E0,9.009435715131E0));
#5485=CARTESIAN_POINT('',(7.889088642377E0,1.107016180084E0,9.021000415807E0));
#5486=CARTESIAN_POINT('',(7.891448696161E0,1.083011197391E0,9.032328806254E0));
#5487=CARTESIAN_POINT('',(7.893581673056E0,1.061714591883E0,9.043433353164E0));
#5488=CARTESIAN_POINT('',(7.895512001643E0,1.042781514939E0,9.054390077855E0));
#5489=CARTESIAN_POINT('',(7.897265676379E0,1.025868090416E0,9.065313701653E0));
#5490=CARTESIAN_POINT('',(7.898861133998E0,1.010719381218E0,9.076312095743E0));
#5491=CARTESIAN_POINT('',(7.900304987499E0,9.972031589892E-1,9.087443479404E0));
#5492=CARTESIAN_POINT('',(7.901593795215E0,9.852865216302E-1,9.098688297689E0));
#5493=CARTESIAN_POINT('',(7.902722810787E0,9.749540218924E-1,9.109981168268E0));
#5494=CARTESIAN_POINT('',(7.903690692676E0,9.661677978523E-1,9.121237653794E0));
#5495=CARTESIAN_POINT('',(7.904500947685E0,9.588571869343E-1,9.132368653368E0));
#5496=CARTESIAN_POINT('',(7.905162807390E0,9.529115255967E-1,9.143312866172E0));
#5497=CARTESIAN_POINT('',(7.905689647538E0,9.481930160776E-1,9.154066678648E0));
#5498=CARTESIAN_POINT('',(7.906094033153E0,9.445785083207E-1,9.164652129069E0));
#5499=CARTESIAN_POINT('',(7.906385733934E0,9.419745470232E-1,9.175082527382E0));
#5500=CARTESIAN_POINT('',(7.906572464851E0,9.403089291437E-1,9.185351203176E0));
#5501=CARTESIAN_POINT('',(7.906657310223E0,9.395523559777E-1,9.195044101959E0));
#5502=CARTESIAN_POINT('',(7.906658116814E0,9.395452808024E-1,9.201301410454E0));
#5503=CARTESIAN_POINT('',(7.906647077725E0,9.396436503452E-1,9.204180705270E0));
#5504=CARTESIAN_POINT('',(7.831940191730E0,1.777976986088E0,8.814330566075E0));
#5505=CARTESIAN_POINT('',(7.832786273608E0,1.768345157977E0,8.815946266054E0));
#5506=CARTESIAN_POINT('',(7.836087402581E0,1.730854172487E0,8.822301812022E0));
#5507=CARTESIAN_POINT('',(7.841668907011E0,1.668070727337E0,8.833400589332E0));
#5508=CARTESIAN_POINT('',(7.848543844448E0,1.591932745777E0,8.847785175422E0));
#5509=CARTESIAN_POINT('',(7.854895606553E0,1.522713249479E0,8.861767875754E0));
#5510=CARTESIAN_POINT('',(7.860772454824E0,1.459729090142E0,8.875381899052E0));
#5511=CARTESIAN_POINT('',(7.866216148031E0,1.402386329707E0,8.888658092733E0));
#5512=CARTESIAN_POINT('',(7.871263577306E0,1.350158260028E0,8.901626550141E0));
#5513=CARTESIAN_POINT('',(7.875953174415E0,1.302518003775E0,8.914333250879E0));
#5514=CARTESIAN_POINT('',(7.880326412092E0,1.258926491401E0,8.926847976643E0));
#5515=CARTESIAN_POINT('',(7.884426552111E0,1.218848642710E0,8.939266304011E0));
#5516=CARTESIAN_POINT('',(7.888285662797E0,1.181880300107E0,8.951674669951E0));
#5517=CARTESIAN_POINT('',(7.891914079095E0,1.147835527469E0,8.964109426965E0));
#5518=CARTESIAN_POINT('',(7.895298775949E0,1.116737961781E0,8.976529437895E0));
#5519=CARTESIAN_POINT('',(7.898421855305E0,1.088633859974E0,8.988859033610E0));
#5520=CARTESIAN_POINT('',(7.901279325087E0,1.063427527238E0,9.001055363062E0));
#5521=CARTESIAN_POINT('',(7.903884693890E0,1.040868930625E0,9.013141196352E0));
#5522=CARTESIAN_POINT('',(7.906263693939E0,1.020616315397E0,9.025208606734E0));
#5523=CARTESIAN_POINT('',(7.908444549894E0,1.002326634903E0,9.037394712814E0));
#5524=CARTESIAN_POINT('',(7.910446696280E0,9.857496388256E-1,9.049832862416E0));
#5525=CARTESIAN_POINT('',(7.912274983467E0,9.707693244992E-1,9.062602503067E0));
#5526=CARTESIAN_POINT('',(7.913921288163E0,9.573856366604E-1,9.075690497609E0));
#5527=CARTESIAN_POINT('',(7.915375429058E0,9.456263936922E-1,9.089021450361E0));
#5528=CARTESIAN_POINT('',(7.916631457012E0,9.354994014711E-1,9.102486293972E0));
#5529=CARTESIAN_POINT('',(7.917689922859E0,9.269750060710E-1,9.115959691508E0));
#5530=CARTESIAN_POINT('',(7.918559413626E0,9.199715984325E-1,9.129342485809E0));
#5531=CARTESIAN_POINT('',(7.919254735298E0,9.143661735646E-1,9.142603594722E0));
#5532=CARTESIAN_POINT('',(7.919790405110E0,9.100426854136E-1,9.155744902857E0));
#5533=CARTESIAN_POINT('',(7.920177878370E0,9.069116032761E-1,9.168759517508E0));
#5534=CARTESIAN_POINT('',(7.920426391784E0,9.049015145722E-1,9.181617258280E0));
#5535=CARTESIAN_POINT('',(7.920539432033E0,9.039865566175E-1,9.193778513607E0));
#5536=CARTESIAN_POINT('',(7.920540507673E0,9.039780161377E-1,9.201633767682E0));
#5537=CARTESIAN_POINT('',(7.920525799634E0,9.040969695637E-1,9.205247471874E0));
#5538=(BOUNDED_SURFACE()B_SPLINE_SURFACE(3,3,((#5402,#5403,#5404,#5405,#5406,
#5407,#5408,#5409,#5410,#5411,#5412,#5413,#5414,#5415,#5416,#5417,#5418,#5419,
#5420,#5421,#5422,#5423,#5424,#5425,#5426,#5427,#5428,#5429,#5430,#5431,#5432,
#5433,#5434,#5435),(#5436,#5437,#5438,#5439,#5440,#5441,#5442,#5443,#5444,#5445,
#5446,#5447,#5448,#5449,#5450,#5451,#5452,#5453,#5454,#5455,#5456,#5457,#5458,
#5459,#5460,#5461,#5462,#5463,#5464,#5465,#5466,#5467,#5468,#5469),(#5470,#5471,
#5472,#5473,#5474,#5475,#5476,#5477,#5478,#5479,#5480,#5481,#5482,#5483,#5484,
#5485,#5486,#5487,#5488,#5489,#5490,#5491,#5492,#5493,#5494,#5495,#5496,#5497,
#5498,#5499,#5500,#5501,#5502,#5503),(#5504,#5505,#5506,#5507,#5508,#5509,#5510,
#5511,#5512,#5513,#5514,#5515,#5516,#5517,#5518,#5519,#5520,#5521,#5522,#5523,
#5524,#5525,#5526,#5527,#5528,#5529,#5530,#5531,#5532,#5533,#5534,#5535,#5536,
#5537)),.UNSPECIFIED.,.F.,.F.,.F.)B_SPLINE_SURFACE_WITH_KNOTS((4,4),(4,1,1,1,1,
1,1,1,1,1,1,1,1,1,1,1,1,1,1,1,1,1,1,1,1,1,1,1,1,1,1,4),(0.E0,1.E0),(
8.134067716600E-1,8.194335885360E-1,8.368667626678E-1,8.527009280978E-1,
8.670958174027E-1,8.802019716439E-1,8.921300187662E-1,9.029839541051E-1,
9.128723048816E-1,9.219058040732E-1,9.301958563561E-1,9.378478889790E-1,
9.448900190340E-1,9.512974075627E-1,9.570472380973E-1,9.621585457356E-1,
9.667006050085E-1,9.707514774659E-1,9.743913111121E-1,9.776954363150E-1,
9.806933238032E-1,9.833959293863E-1,9.858223282439E-1,9.879946599446E-1,
9.899375018864E-1,9.916846765384E-1,9.932766280189E-1,9.947545659565E-1,
9.961448794291E-1,9.974679978218E-1,9.987454860149E-1,9.998396299685E-1),
.UNSPECIFIED.)GEOMETRIC_REPRESENTATION_ITEM()RATIONAL_B_SPLINE_SURFACE(((
1.009053383204E0,1.009053383204E0,1.009053383204E0,1.009053383204E0,
1.009053383204E0,1.009053383204E0,1.009053383204E0,1.009053383204E0,
1.009053383204E0,1.009053383204E0,1.009053383204E0,1.009053383204E0,
1.009053383204E0,1.009053383204E0,1.009053383204E0,1.009053383204E0,
1.009053383204E0,1.009053383204E0,1.009053383204E0,1.009053383204E0,
1.009053383204E0,1.009053383204E0,1.009053383204E0,1.009053383204E0,
1.009053383204E0,1.009053383204E0,1.009053383204E0,1.009053383204E0,
1.009053383204E0,1.009053383204E0,1.009053383204E0,1.009053383204E0,
1.009053383204E0,1.009053383204E0),(9.969822055986E-1,9.969822055986E-1,
9.969822055986E-1,9.969822055985E-1,9.969822055986E-1,9.969822055985E-1,
9.969822055985E-1,9.969822055986E-1,9.969822055985E-1,9.969822055986E-1,
9.969822055985E-1,9.969822055986E-1,9.969822055986E-1,9.969822055986E-1,
9.969822055986E-1,9.969822055986E-1,9.969822055985E-1,9.969822055986E-1,
9.969822055985E-1,9.969822055986E-1,9.969822055985E-1,9.969822055986E-1,
9.969822055986E-1,9.969822055985E-1,9.969822055986E-1,9.969822055986E-1,
9.969822055985E-1,9.969822055986E-1,9.969822055985E-1,9.969822055986E-1,
9.969822055986E-1,9.969822055986E-1,9.969822055986E-1,9.969822055986E-1),(
9.969822055986E-1,9.969822055986E-1,9.969822055986E-1,9.969822055985E-1,
9.969822055986E-1,9.969822055985E-1,9.969822055985E-1,9.969822055986E-1,
9.969822055985E-1,9.969822055986E-1,9.969822055985E-1,9.969822055986E-1,
9.969822055986E-1,9.969822055986E-1,9.969822055986E-1,9.969822055986E-1,
9.969822055985E-1,9.969822055986E-1,9.969822055985E-1,9.969822055986E-1,
9.969822055985E-1,9.969822055986E-1,9.969822055986E-1,9.969822055985E-1,
9.969822055986E-1,9.969822055986E-1,9.969822055985E-1,9.969822055986E-1,
9.969822055985E-1,9.969822055986E-1,9.969822055986E-1,9.969822055986E-1,
9.969822055986E-1,9.969822055986E-1),(1.009053383204E0,1.009053383204E0,
1.009053383204E0,1.009053383204E0,1.009053383204E0,1.009053383204E0,
1.009053383204E0,1.009053383204E0,1.009053383204E0,1.009053383204E0,
1.009053383204E0,1.009053383204E0,1.009053383204E0,1.009053383204E0,
1.009053383204E0,1.009053383204E0,1.009053383204E0,1.009053383204E0,
1.009053383204E0,1.009053383204E0,1.009053383204E0,1.009053383204E0,
1.009053383204E0,1.009053383204E0,1.009053383204E0,1.009053383204E0,
1.009053383204E0,1.009053383204E0,1.009053383204E0,1.009053383204E0,
1.009053383204E0,1.009053383204E0,1.009053383204E0,1.009053383204E0)))REPRESENTATION_ITEM('')SURFACE());
#5539=ORIENTED_EDGE('',*,*,#5392,.F.);
#5540=ORIENTED_EDGE('',*,*,#5382,.T.);
#5541=ORIENTED_EDGE('',*,*,#3711,.T.);
#5542=ORIENTED_EDGE('',*,*,#3683,.T.);
#5543=EDGE_LOOP('',(#5539,#5540,#5541,#5542));
#5544=FACE_OUTER_BOUND('',#5543,.F.);
#5545=ADVANCED_FACE('',(#5544),#5538,.F.);
#5546=CARTESIAN_POINT('',(7.9E0,0.E0,8.4E0));
#5547=DIRECTION('',(0.E0,0.E0,-1.E0));
#5548=DIRECTION('',(-1.E0,0.E0,0.E0));
#5549=AXIS2_PLACEMENT_3D('',#5546,#5547,#5548);
#5550=PLANE('',#5549);
#5552=ORIENTED_EDGE('',*,*,#5551,.T.);
#5553=ORIENTED_EDGE('',*,*,#5396,.F.);
#5554=ORIENTED_EDGE('',*,*,#2819,.T.);
#5555=ORIENTED_EDGE('',*,*,#2884,.T.);
#5557=ORIENTED_EDGE('',*,*,#5556,.T.);
#5559=ORIENTED_EDGE('',*,*,#5558,.T.);
#5560=EDGE_LOOP('',(#5552,#5553,#5554,#5555,#5557,#5559));
#5561=FACE_OUTER_BOUND('',#5560,.F.);
#5562=ADVANCED_FACE('',(#5561),#5550,.T.);
#5563=CARTESIAN_POINT('',(7.035702065497E0,1.7E0,8.1E0));
#5564=DIRECTION('',(0.E0,0.E0,-1.E0));
#5565=DIRECTION('',(-1.922098816477E-3,9.999981527664E-1,0.E0));
#5566=AXIS2_PLACEMENT_3D('',#5563,#5564,#5565);
#5567=TOROIDAL_SURFACE('',#5566,1.1E0,3.E-1);
#5568=ORIENTED_EDGE('',*,*,#5551,.F.);
#5570=ORIENTED_EDGE('',*,*,#5569,.T.);
#5571=ORIENTED_EDGE('',*,*,#4676,.T.);
#5572=ORIENTED_EDGE('',*,*,#5379,.F.);
#5573=EDGE_LOOP('',(#5568,#5570,#5571,#5572));
#5574=FACE_OUTER_BOUND('',#5573,.F.);
#5575=ADVANCED_FACE('',(#5574),#5567,.F.);
#5576=CARTESIAN_POINT('',(-7.037239745497E0,2.8E0,8.1E0));
#5577=DIRECTION('',(1.E0,0.E0,0.E0));
#5578=DIRECTION('',(0.E0,0.E0,1.E0));
#5579=AXIS2_PLACEMENT_3D('',#5576,#5577,#5578);
#5580=CYLINDRICAL_SURFACE('',#5579,3.E-1);
#5581=ORIENTED_EDGE('',*,*,#5558,.F.);
#5583=ORIENTED_EDGE('',*,*,#5582,.T.);
#5584=ORIENTED_EDGE('',*,*,#4643,.T.);
#5585=ORIENTED_EDGE('',*,*,#5569,.F.);
#5586=EDGE_LOOP('',(#5581,#5583,#5584,#5585));
#5587=FACE_OUTER_BOUND('',#5586,.F.);
#5588=ADVANCED_FACE('',(#5587),#5580,.F.);
#5589=CARTESIAN_POINT('',(-7.035702065497E0,1.7E0,8.1E0));
#5590=DIRECTION('',(0.E0,0.E0,1.E0));
#5591=DIRECTION('',(-5.979677682075E-2,9.982105717141E-1,0.E0));
#5592=AXIS2_PLACEMENT_3D('',#5589,#5590,#5591);
#5593=TOROIDAL_SURFACE('',#5592,1.1E0,3.E-1);
#5594=ORIENTED_EDGE('',*,*,#5556,.F.);
#5595=ORIENTED_EDGE('',*,*,#3063,.T.);
#5596=ORIENTED_EDGE('',*,*,#4442,.T.);
#5597=ORIENTED_EDGE('',*,*,#5582,.F.);
#5598=EDGE_LOOP('',(#5594,#5595,#5596,#5597));
#5599=FACE_OUTER_BOUND('',#5598,.F.);
#5600=ADVANCED_FACE('',(#5599),#5593,.F.);
#5601=CARTESIAN_POINT('',(7.1E0,5.7015648E0,-1.01E1));
#5602=DIRECTION('',(0.E0,-1.E0,0.E0));
#5603=DIRECTION('',(0.E0,0.E0,-1.E0));
#5604=AXIS2_PLACEMENT_3D('',#5601,#5602,#5603);
#5605=CYLINDRICAL_SURFACE('',#5604,8.E-1);
#5606=ORIENTED_EDGE('',*,*,#3675,.F.);
#5607=ORIENTED_EDGE('',*,*,#2838,.T.);
#5609=ORIENTED_EDGE('',*,*,#5608,.T.);
#5610=ORIENTED_EDGE('',*,*,#2240,.T.);
#5611=EDGE_LOOP('',(#5606,#5607,#5609,#5610));
#5612=FACE_OUTER_BOUND('',#5611,.F.);
#5613=ADVANCED_FACE('',(#5612),#5605,.T.);
#5614=CARTESIAN_POINT('',(7.9E0,0.E0,-1.09E1));
#5615=DIRECTION('',(0.E0,0.E0,-1.E0));
#5616=DIRECTION('',(-1.E0,0.E0,0.E0));
#5617=AXIS2_PLACEMENT_3D('',#5614,#5615,#5616);
#5618=PLANE('',#5617);
#5620=ORIENTED_EDGE('',*,*,#5619,.T.);
#5622=ORIENTED_EDGE('',*,*,#5621,.T.);
#5624=ORIENTED_EDGE('',*,*,#5623,.F.);
#5625=ORIENTED_EDGE('',*,*,#2242,.F.);
#5626=ORIENTED_EDGE('',*,*,#5608,.F.);
#5627=ORIENTED_EDGE('',*,*,#2851,.T.);
#5629=ORIENTED_EDGE('',*,*,#5628,.F.);
#5630=ORIENTED_EDGE('',*,*,#2250,.F.);
#5631=EDGE_LOOP('',(#5620,#5622,#5624,#5625,#5626,#5627,#5629,#5630));
#5632=FACE_OUTER_BOUND('',#5631,.F.);
#5633=ADVANCED_FACE('',(#5632),#5618,.T.);
#5634=CARTESIAN_POINT('',(-1.4E0,1.E0,-1.091200048002E1));
#5635=DIRECTION('',(9.848077530122E-1,-1.736481776669E-1,0.E0));
#5636=DIRECTION('',(0.E0,0.E0,-1.E0));
#5637=AXIS2_PLACEMENT_3D('',#5634,#5635,#5636);
#5638=PLANE('',#5637);
#5639=ORIENTED_EDGE('',*,*,#2248,.T.);
#5641=ORIENTED_EDGE('',*,*,#5640,.F.);
#5643=ORIENTED_EDGE('',*,*,#5642,.F.);
#5645=ORIENTED_EDGE('',*,*,#5644,.F.);
#5647=ORIENTED_EDGE('',*,*,#5646,.F.);
#5649=ORIENTED_EDGE('',*,*,#5648,.F.);
#5651=ORIENTED_EDGE('',*,*,#5650,.F.);
#5652=ORIENTED_EDGE('',*,*,#5619,.F.);
#5653=EDGE_LOOP('',(#5639,#5641,#5643,#5645,#5647,#5649,#5651,#5652));
#5654=FACE_OUTER_BOUND('',#5653,.F.);
#5655=ADVANCED_FACE('',(#5654),#5638,.T.);
#5656=CARTESIAN_POINT('',(-1.4E0,0.E0,-8.6E0));
#5657=DIRECTION('',(1.E0,0.E0,0.E0));
#5658=DIRECTION('',(0.E0,1.E0,0.E0));
#5659=AXIS2_PLACEMENT_3D('',#5656,#5657,#5658);
#5660=CYLINDRICAL_SURFACE('',#5659,1.E0);
#5661=ORIENTED_EDGE('',*,*,#2246,.T.);
#5663=ORIENTED_EDGE('',*,*,#5662,.F.);
#5665=ORIENTED_EDGE('',*,*,#5664,.F.);
#5666=ORIENTED_EDGE('',*,*,#5640,.T.);
#5667=EDGE_LOOP('',(#5661,#5663,#5665,#5666));
#5668=FACE_OUTER_BOUND('',#5667,.F.);
#5669=ADVANCED_FACE('',(#5668),#5660,.F.);
#5670=CARTESIAN_POINT('',(1.4E0,1.E0,-1.091200048002E1));
#5671=DIRECTION('',(9.848077530122E-1,1.736481776669E-1,0.E0));
#5672=DIRECTION('',(0.E0,0.E0,-1.E0));
#5673=AXIS2_PLACEMENT_3D('',#5670,#5671,#5672);
#5674=PLANE('',#5673);
#5675=ORIENTED_EDGE('',*,*,#2244,.F.);
#5676=ORIENTED_EDGE('',*,*,#5623,.T.);
#5678=ORIENTED_EDGE('',*,*,#5677,.T.);
#5680=ORIENTED_EDGE('',*,*,#5679,.T.);
#5682=ORIENTED_EDGE('',*,*,#5681,.T.);
#5684=ORIENTED_EDGE('',*,*,#5683,.T.);
#5686=ORIENTED_EDGE('',*,*,#5685,.T.);
#5687=ORIENTED_EDGE('',*,*,#5662,.T.);
#5688=EDGE_LOOP('',(#5675,#5676,#5678,#5680,#5682,#5684,#5686,#5687));
#5689=FACE_OUTER_BOUND('',#5688,.F.);
#5690=ADVANCED_FACE('',(#5689),#5674,.F.);
#5691=CARTESIAN_POINT('',(-1.4E0,1.085972647230E0,-1.09E1));
#5692=DIRECTION('',(0.E0,1.E0,0.E0));
#5693=DIRECTION('',(0.E0,0.E0,1.E0));
#5694=AXIS2_PLACEMENT_3D('',#5691,#5692,#5693);
#5695=PLANE('',#5694);
#5696=ORIENTED_EDGE('',*,*,#5621,.F.);
#5697=ORIENTED_EDGE('',*,*,#5650,.T.);
#5699=ORIENTED_EDGE('',*,*,#5698,.T.);
#5700=ORIENTED_EDGE('',*,*,#5677,.F.);
#5701=EDGE_LOOP('',(#5696,#5697,#5699,#5700));
#5702=FACE_OUTER_BOUND('',#5701,.F.);
#5703=ADVANCED_FACE('',(#5702),#5695,.F.);
#5704=CARTESIAN_POINT('',(-1.4E0,1.085972647230E0,-1.08E1));
#5705=DIRECTION('',(0.E0,7.660444431190E-1,6.427876096865E-1));
#5706=DIRECTION('',(0.E0,-6.427876096865E-1,7.660444431190E-1));
#5707=AXIS2_PLACEMENT_3D('',#5704,#5705,#5706);
#5708=PLANE('',#5707);
#5709=ORIENTED_EDGE('',*,*,#5648,.T.);
#5711=ORIENTED_EDGE('',*,*,#5710,.T.);
#5712=ORIENTED_EDGE('',*,*,#5679,.F.);
#5713=ORIENTED_EDGE('',*,*,#5698,.F.);
#5714=EDGE_LOOP('',(#5709,#5711,#5712,#5713));
#5715=FACE_OUTER_BOUND('',#5714,.F.);
#5716=ADVANCED_FACE('',(#5715),#5708,.F.);
#5717=CARTESIAN_POINT('',(-1.4E0,1.1E0,-1.035E1));
#5718=DIRECTION('',(1.E0,0.E0,0.E0));
#5719=DIRECTION('',(0.E0,1.E0,0.E0));
#5720=AXIS2_PLACEMENT_3D('',#5717,#5718,#5719);
#5721=CYLINDRICAL_SURFACE('',#5720,3.E-1);
#5722=ORIENTED_EDGE('',*,*,#5646,.T.);
#5724=ORIENTED_EDGE('',*,*,#5723,.T.);
#5725=ORIENTED_EDGE('',*,*,#5681,.F.);
#5726=ORIENTED_EDGE('',*,*,#5710,.F.);
#5727=EDGE_LOOP('',(#5722,#5724,#5725,#5726));
#5728=FACE_OUTER_BOUND('',#5727,.F.);
#5729=ADVANCED_FACE('',(#5728),#5721,.T.);
#5730=CARTESIAN_POINT('',(-1.4E0,8.701866670643E-1,-1.015716371709E1));
#5731=DIRECTION('',(0.E0,7.660444431190E-1,-6.427876096865E-1));
#5732=DIRECTION('',(0.E0,6.427876096865E-1,7.660444431190E-1));
#5733=AXIS2_PLACEMENT_3D('',#5730,#5731,#5732);
#5734=PLANE('',#5733);
#5735=ORIENTED_EDGE('',*,*,#5644,.T.);
#5737=ORIENTED_EDGE('',*,*,#5736,.T.);
#5738=ORIENTED_EDGE('',*,*,#5683,.F.);
#5739=ORIENTED_EDGE('',*,*,#5723,.F.);
#5740=EDGE_LOOP('',(#5735,#5737,#5738,#5739));
#5741=FACE_OUTER_BOUND('',#5740,.F.);
#5742=ADVANCED_FACE('',(#5741),#5734,.F.);
#5743=CARTESIAN_POINT('',(-1.4E0,1.E0,-1.000245821120E1));
#5744=DIRECTION('',(0.E0,1.E0,0.E0));
#5745=DIRECTION('',(0.E0,0.E0,1.E0));
#5746=AXIS2_PLACEMENT_3D('',#5743,#5744,#5745);
#5747=PLANE('',#5746);
#5748=ORIENTED_EDGE('',*,*,#5642,.T.);
#5749=ORIENTED_EDGE('',*,*,#5664,.T.);
#5750=ORIENTED_EDGE('',*,*,#5685,.F.);
#5751=ORIENTED_EDGE('',*,*,#5736,.F.);
#5752=EDGE_LOOP('',(#5748,#5749,#5750,#5751));
#5753=FACE_OUTER_BOUND('',#5752,.F.);
#5754=ADVANCED_FACE('',(#5753),#5747,.F.);
#5755=CARTESIAN_POINT('',(-7.1E0,-1.33704E-3,-1.01E1));
#5756=DIRECTION('',(0.E0,1.E0,0.E0));
#5757=DIRECTION('',(0.E0,0.E0,-1.E0));
#5758=AXIS2_PLACEMENT_3D('',#5755,#5756,#5757);
#5759=CYLINDRICAL_SURFACE('',#5758,8.E-1);
#5760=ORIENTED_EDGE('',*,*,#2423,.F.);
#5761=ORIENTED_EDGE('',*,*,#2252,.T.);
#5762=ORIENTED_EDGE('',*,*,#5628,.T.);
#5763=ORIENTED_EDGE('',*,*,#2849,.T.);
#5764=EDGE_LOOP('',(#5760,#5761,#5762,#5763));
#5765=FACE_OUTER_BOUND('',#5764,.F.);
#5766=ADVANCED_FACE('',(#5765),#5759,.T.);
#5767=CARTESIAN_POINT('',(7.1E0,-1.33704E-3,1.01E1));
#5768=DIRECTION('',(0.E0,1.E0,0.E0));
#5769=DIRECTION('',(0.E0,0.E0,1.E0));
#5770=AXIS2_PLACEMENT_3D('',#5767,#5768,#5769);
#5771=CYLINDRICAL_SURFACE('',#5770,8.E-1);
#5772=ORIENTED_EDGE('',*,*,#3678,.F.);
#5773=ORIENTED_EDGE('',*,*,#2236,.T.);
#5774=ORIENTED_EDGE('',*,*,#2381,.T.);
#5775=ORIENTED_EDGE('',*,*,#2825,.T.);
#5776=EDGE_LOOP('',(#5772,#5773,#5774,#5775));
#5777=FACE_OUTER_BOUND('',#5776,.F.);
#5778=ADVANCED_FACE('',(#5777),#5771,.T.);
#5779=CARTESIAN_POINT('',(1.4E0,1.E0,1.091200048002E1));
#5780=DIRECTION('',(-9.848077530122E-1,-1.736481776669E-1,0.E0));
#5781=DIRECTION('',(0.E0,0.E0,1.E0));
#5782=AXIS2_PLACEMENT_3D('',#5779,#5780,#5781);
#5783=PLANE('',#5782);
#5784=ORIENTED_EDGE('',*,*,#2294,.F.);
#5785=ORIENTED_EDGE('',*,*,#2308,.F.);
#5786=ORIENTED_EDGE('',*,*,#2322,.F.);
#5787=ORIENTED_EDGE('',*,*,#2336,.F.);
#5788=ORIENTED_EDGE('',*,*,#2350,.F.);
#5789=ORIENTED_EDGE('',*,*,#2364,.F.);
#5790=ORIENTED_EDGE('',*,*,#2384,.F.);
#5791=ORIENTED_EDGE('',*,*,#2232,.T.);
#5792=EDGE_LOOP('',(#5784,#5785,#5786,#5787,#5788,#5789,#5790,#5791));
#5793=FACE_OUTER_BOUND('',#5792,.F.);
#5794=ADVANCED_FACE('',(#5793),#5783,.T.);
#5795=CLOSED_SHELL('',(#2262,#2285,#2299,#2313,#2327,#2341,#2355,#2369,#2389,
#2403,#2441,#2458,#2604,#2778,#2793,#2811,#2832,#2855,#2876,#2892,#3067,#3212,
#3227,#3240,#3386,#3401,#3419,#3434,#3448,#3462,#3637,#3652,#3687,#3702,#3717,
#3861,#4007,#4022,#4040,#4055,#4069,#4083,#4258,#4272,#4416,#4432,#4448,#4620,
#4633,#4648,#4663,#4681,#4853,#4867,#5041,#5055,#5199,#5211,#5386,#5401,#5545,
#5562,#5575,#5588,#5600,#5613,#5633,#5655,#5669,#5690,#5703,#5716,#5729,#5742,
#5754,#5766,#5778,#5794));
#5796=MANIFOLD_SOLID_BREP('',#5795);
#5798=DIMENSIONAL_EXPONENTS(0.E0,0.E0,0.E0,0.E0,0.E0,0.E0,0.E0);
#5800=PLANE_ANGLE_MEASURE_WITH_UNIT(PLANE_ANGLE_MEASURE(1.745329251994E-2),
#5799);
#5801=(CONVERSION_BASED_UNIT('DEGREE',#5800)NAMED_UNIT(*)PLANE_ANGLE_UNIT());
#5803=UNCERTAINTY_MEASURE_WITH_UNIT(LENGTH_MEASURE(1.E-4),#5797,'closure',
'Maximum model space distance between geometric entities at asserted connectivities');
#5804=(GEOMETRIC_REPRESENTATION_CONTEXT(3)GLOBAL_UNCERTAINTY_ASSIGNED_CONTEXT((
#5803))GLOBAL_UNIT_ASSIGNED_CONTEXT((#5797,#5801,#5802))REPRESENTATION_CONTEXT(
'ID1','3'));
#5806=APPLICATION_CONTEXT(
'CONFIGURATION CONTROLLED 3D DESIGNS OF MECHANICAL PARTS AND ASSEMBLIES');
#5807=APPLICATION_PROTOCOL_DEFINITION('international standard',
'config_control_design',1994,#5806);
#5808=DESIGN_CONTEXT('',#5806,'design');
#5809=MECHANICAL_CONTEXT('',#5806,'mechanical');
#5810=PRODUCT('C61036-A0263-C140-01-7606','C61036-A0263-C140-01-7606',
'NOT SPECIFIED',(#5809));
#5811=PRODUCT_DEFINITION_FORMATION_WITH_SPECIFIED_SOURCE('17','LAST_VERSION',
#5810,.MADE.);
#5815=PRODUCT_CATEGORY('part','');
#5816=PRODUCT_RELATED_PRODUCT_CATEGORY('detail','',(#5810));
#5817=PRODUCT_CATEGORY_RELATIONSHIP('','',#5815,#5816);
#5818=SECURITY_CLASSIFICATION_LEVEL('unclassified');
#5819=SECURITY_CLASSIFICATION('','',#5818);
#5820=CC_DESIGN_SECURITY_CLASSIFICATION(#5819,(#5811));
#5821=APPROVAL_STATUS('approved');
#5822=APPROVAL(#5821,'');
#5823=CC_DESIGN_APPROVAL(#5822,(#5819,#5811,#5812));
#5824=CALENDAR_DATE(118,16,5);
#5825=COORDINATED_UNIVERSAL_TIME_OFFSET(2,0,.AHEAD.);
#5826=LOCAL_TIME(11,31,3.3E1,#5825);
#5827=DATE_AND_TIME(#5824,#5826);
#5828=APPROVAL_DATE_TIME(#5827,#5822);
#5829=DATE_TIME_ROLE('creation_date');
#5830=CC_DESIGN_DATE_AND_TIME_ASSIGNMENT(#5827,#5829,(#5812));
#5831=DATE_TIME_ROLE('classification_date');
#5832=CC_DESIGN_DATE_AND_TIME_ASSIGNMENT(#5827,#5831,(#5819));
#5833=PERSON('UNSPECIFIED','UNSPECIFIED',$,$,$,$);
#5834=ORGANIZATION('UNSPECIFIED','UNSPECIFIED','UNSPECIFIED');
#5835=PERSON_AND_ORGANIZATION(#5833,#5834);
#5836=APPROVAL_ROLE('approver');
#5837=APPROVAL_PERSON_ORGANIZATION(#5835,#5822,#5836);
#5838=PERSON_AND_ORGANIZATION_ROLE('creator');
#5839=CC_DESIGN_PERSON_AND_ORGANIZATION_ASSIGNMENT(#5835,#5838,(#5811,#5812));
#5840=PERSON_AND_ORGANIZATION_ROLE('design_supplier');
#5841=CC_DESIGN_PERSON_AND_ORGANIZATION_ASSIGNMENT(#5835,#5840,(#5811));
#5842=PERSON_AND_ORGANIZATION_ROLE('classification_officer');
#5843=CC_DESIGN_PERSON_AND_ORGANIZATION_ASSIGNMENT(#5835,#5842,(#5819));
#5844=PERSON_AND_ORGANIZATION_ROLE('design_owner');
#5845=CC_DESIGN_PERSON_AND_ORGANIZATION_ASSIGNMENT(#5835,#5844,(#5810));
#63=B_SPLINE_CURVE_WITH_KNOTS('',3,(#49,#50,#51,#52,#53,#54,#55,#56,#57,#58,#59,
#60,#61,#62),.UNSPECIFIED.,.F.,.F.,(4,1,1,1,1,1,1,1,1,1,1,4),(0.E0,6.25E-2,
1.25E-1,1.875E-1,2.5E-1,3.75E-1,5.E-1,6.25E-1,7.5E-1,8.75E-1,9.375E-1,1.E0),
.UNSPECIFIED.);
#81=B_SPLINE_CURVE_WITH_KNOTS('',3,(#72,#73,#74,#75,#76,#77,#78,#79,#80),
.UNSPECIFIED.,.F.,.F.,(4,1,1,1,1,1,4),(0.E0,1.25E-1,2.5E-1,5.E-1,7.5E-1,8.75E-1,
1.E0),.UNSPECIFIED.);
#130=CIRCLE('',#129,8.E-1);
#139=CIRCLE('',#138,8.E-1);
#148=CIRCLE('',#147,8.E-1);
#187=B_SPLINE_CURVE_WITH_KNOTS('',3,(#153,#154,#155,#156,#157,#158,#159,#160,
#161,#162,#163,#164,#165,#166,#167,#168,#169,#170,#171,#172,#173,#174,#175,#176,
#177,#178,#179,#180,#181,#182,#183,#184,#185,#186),.UNSPECIFIED.,.F.,.F.,(4,1,1,
1,1,1,1,1,1,1,1,1,1,1,1,1,1,1,1,1,1,1,1,1,1,1,1,1,1,1,1,4),(0.E0,
3.225806451613E-2,6.451612903226E-2,9.677419354839E-2,1.290322580645E-1,
1.612903225806E-1,1.935483870968E-1,2.258064516129E-1,2.580645161290E-1,
2.903225806452E-1,3.225806451613E-1,3.548387096774E-1,3.870967741935E-1,
4.193548387097E-1,4.516129032258E-1,4.838709677419E-1,5.161290322581E-1,
5.483870967742E-1,5.806451612903E-1,6.129032258065E-1,6.451612903226E-1,
6.774193548387E-1,7.096774193548E-1,7.419354838710E-1,7.741935483871E-1,
8.064516129032E-1,8.387096774194E-1,8.709677419355E-1,9.032258064516E-1,
9.354838709677E-1,9.677419354839E-1,1.E0),.UNSPECIFIED.);
#192=CIRCLE('',#191,3.000000058892E-1);
#220=B_SPLINE_CURVE_WITH_KNOTS('',3,(#193,#194,#195,#196,#197,#198,#199,#200,
#201,#202,#203,#204,#205,#206,#207,#208,#209,#210,#211,#212,#213,#214,#215,#216,
#217,#218,#219),.UNSPECIFIED.,.F.,.F.,(4,1,1,1,1,1,1,1,1,1,1,1,1,1,1,1,1,1,1,1,
1,1,1,1,4),(0.E0,4.166666666667E-2,8.333333333333E-2,1.25E-1,1.666666666667E-1,
2.083333333333E-1,2.5E-1,2.916666666667E-1,3.333333333333E-1,3.75E-1,
4.166666666667E-1,4.583333333333E-1,5.E-1,5.416666666667E-1,5.833333333333E-1,
6.25E-1,6.666666666667E-1,7.083333333333E-1,7.5E-1,7.916666666667E-1,
8.333333333333E-1,8.75E-1,9.166666666667E-1,9.583333333333E-1,1.E0),
.UNSPECIFIED.);
#231=B_SPLINE_CURVE_WITH_KNOTS('',3,(#221,#222,#223,#224,#225,#226,#227,#228,
#229,#230),.UNSPECIFIED.,.F.,.F.,(4,1,1,1,1,1,1,4),(0.E0,1.428571428571E-1,
2.857142857143E-1,4.285714285714E-1,5.714285714286E-1,7.142857142857E-1,
8.571428571429E-1,1.E0),.UNSPECIFIED.);
#271=B_SPLINE_CURVE_WITH_KNOTS('',3,(#232,#233,#234,#235,#236,#237,#238,#239,
#240,#241,#242,#243,#244,#245,#246,#247,#248,#249,#250,#251,#252,#253,#254,#255,
#256,#257,#258,#259,#260,#261,#262,#263,#264,#265,#266,#267,#268,#269,#270),
.UNSPECIFIED.,.F.,.F.,(4,1,1,1,1,1,1,1,1,1,1,1,1,1,1,1,1,1,1,1,1,1,1,1,1,1,1,1,
1,1,1,1,1,1,1,1,4),(0.E0,2.777777777778E-2,5.555555555556E-2,8.333333333333E-2,
1.111111111111E-1,1.388888888889E-1,1.666666666667E-1,1.944444444444E-1,
2.222222222222E-1,2.5E-1,2.777777777778E-1,3.055555555556E-1,3.333333333333E-1,
3.611111111111E-1,3.888888888889E-1,4.166666666667E-1,4.444444444444E-1,
4.722222222222E-1,5.E-1,5.277777777778E-1,5.555555555556E-1,5.833333333333E-1,
6.111111111111E-1,6.388888888889E-1,6.666666666667E-1,6.944444444444E-1,
7.222222222222E-1,7.5E-1,7.777777777778E-1,8.055555555556E-1,8.333333333333E-1,
8.611111111111E-1,8.888888888889E-1,9.166666666667E-1,9.444444444444E-1,
9.722222222222E-1,1.E0),.UNSPECIFIED.);
#276=CIRCLE('',#275,2.999999992981E-1);
#316=B_SPLINE_CURVE_WITH_KNOTS('',3,(#277,#278,#279,#280,#281,#282,#283,#284,
#285,#286,#287,#288,#289,#290,#291,#292,#293,#294,#295,#296,#297,#298,#299,#300,
#301,#302,#303,#304,#305,#306,#307,#308,#309,#310,#311,#312,#313,#314,#315),
.UNSPECIFIED.,.F.,.F.,(4,1,1,1,1,1,1,1,1,1,1,1,1,1,1,1,1,1,1,1,1,1,1,1,1,1,1,1,
1,1,1,1,1,1,1,1,4),(0.E0,2.777777777778E-2,5.555555555556E-2,8.333333333333E-2,
1.111111111111E-1,1.388888888889E-1,1.666666666667E-1,1.944444444444E-1,
2.222222222222E-1,2.5E-1,2.777777777778E-1,3.055555555556E-1,3.333333333333E-1,
3.611111111111E-1,3.888888888889E-1,4.166666666667E-1,4.444444444444E-1,
4.722222222222E-1,5.E-1,5.277777777778E-1,5.555555555556E-1,5.833333333333E-1,
6.111111111111E-1,6.388888888889E-1,6.666666666667E-1,6.944444444444E-1,
7.222222222222E-1,7.5E-1,7.777777777778E-1,8.055555555556E-1,8.333333333333E-1,
8.611111111111E-1,8.888888888889E-1,9.166666666667E-1,9.444444444444E-1,
9.722222222222E-1,1.E0),.UNSPECIFIED.);
#321=CIRCLE('',#320,1.100000000066E0);
#326=CIRCLE('',#325,3.E-1);
#331=CIRCLE('',#330,8.E-1);
#388=CIRCLE('',#387,8.E-1);
#432=B_SPLINE_CURVE_WITH_KNOTS('',3,(#393,#394,#395,#396,#397,#398,#399,#400,
#401,#402,#403,#404,#405,#406,#407,#408,#409,#410,#411,#412,#413,#414,#415,#416,
#417,#418,#419,#420,#421,#422,#423,#424,#425,#426,#427,#428,#429,#430,#431),
.UNSPECIFIED.,.F.,.F.,(4,1,1,1,1,1,1,1,1,1,1,1,1,1,1,1,1,1,1,1,1,1,1,1,1,1,1,1,
1,1,1,1,1,1,1,1,4),(0.E0,2.777777777778E-2,5.555555555556E-2,8.333333333333E-2,
1.111111111111E-1,1.388888888889E-1,1.666666666667E-1,1.944444444444E-1,
2.222222222222E-1,2.5E-1,2.777777777778E-1,3.055555555556E-1,3.333333333333E-1,
3.611111111111E-1,3.888888888889E-1,4.166666666667E-1,4.444444444444E-1,
4.722222222222E-1,5.E-1,5.277777777778E-1,5.555555555556E-1,5.833333333333E-1,
6.111111111111E-1,6.388888888889E-1,6.666666666667E-1,6.944444444444E-1,
7.222222222222E-1,7.5E-1,7.777777777778E-1,8.055555555556E-1,8.333333333333E-1,
8.611111111111E-1,8.888888888889E-1,9.166666666667E-1,9.444444444444E-1,
9.722222222222E-1,1.E0),.UNSPECIFIED.);
#437=CIRCLE('',#436,2.999999993459E-1);
#477=B_SPLINE_CURVE_WITH_KNOTS('',3,(#438,#439,#440,#441,#442,#443,#444,#445,
#446,#447,#448,#449,#450,#451,#452,#453,#454,#455,#456,#457,#458,#459,#460,#461,
#462,#463,#464,#465,#466,#467,#468,#469,#470,#471,#472,#473,#474,#475,#476),
.UNSPECIFIED.,.F.,.F.,(4,1,1,1,1,1,1,1,1,1,1,1,1,1,1,1,1,1,1,1,1,1,1,1,1,1,1,1,
1,1,1,1,1,1,1,1,4),(0.E0,2.777777777778E-2,5.555555555556E-2,8.333333333333E-2,
1.111111111111E-1,1.388888888889E-1,1.666666666667E-1,1.944444444444E-1,
2.222222222222E-1,2.5E-1,2.777777777778E-1,3.055555555556E-1,3.333333333333E-1,
3.611111111111E-1,3.888888888889E-1,4.166666666667E-1,4.444444444444E-1,
4.722222222222E-1,5.E-1,5.277777777778E-1,5.555555555556E-1,5.833333333333E-1,
6.111111111111E-1,6.388888888889E-1,6.666666666667E-1,6.944444444444E-1,
7.222222222222E-1,7.5E-1,7.777777777778E-1,8.055555555556E-1,8.333333333333E-1,
8.611111111111E-1,8.888888888889E-1,9.166666666667E-1,9.444444444444E-1,
9.722222222222E-1,1.E0),.UNSPECIFIED.);
#505=B_SPLINE_CURVE_WITH_KNOTS('',3,(#478,#479,#480,#481,#482,#483,#484,#485,
#486,#487,#488,#489,#490,#491,#492,#493,#494,#495,#496,#497,#498,#499,#500,#501,
#502,#503,#504),.UNSPECIFIED.,.F.,.F.,(4,1,1,1,1,1,1,1,1,1,1,1,1,1,1,1,1,1,1,1,
1,1,1,1,4),(0.E0,4.166666666667E-2,8.333333333333E-2,1.25E-1,1.666666666667E-1,
2.083333333333E-1,2.5E-1,2.916666666667E-1,3.333333333333E-1,3.75E-1,
4.166666666667E-1,4.583333333333E-1,5.E-1,5.416666666667E-1,5.833333333333E-1,
6.25E-1,6.666666666667E-1,7.083333333333E-1,7.5E-1,7.916666666667E-1,
8.333333333333E-1,8.75E-1,9.166666666667E-1,9.583333333333E-1,1.E0),
.UNSPECIFIED.);
#540=B_SPLINE_CURVE_WITH_KNOTS('',3,(#506,#507,#508,#509,#510,#511,#512,#513,
#514,#515,#516,#517,#518,#519,#520,#521,#522,#523,#524,#525,#526,#527,#528,#529,
#530,#531,#532,#533,#534,#535,#536,#537,#538,#539),.UNSPECIFIED.,.F.,.F.,(4,1,1,
1,1,1,1,1,1,1,1,1,1,1,1,1,1,1,1,1,1,1,1,1,1,1,1,1,1,1,1,4),(0.E0,
3.225806451613E-2,6.451612903226E-2,9.677419354839E-2,1.290322580645E-1,
1.612903225806E-1,1.935483870968E-1,2.258064516129E-1,2.580645161290E-1,
2.903225806452E-1,3.225806451613E-1,3.548387096774E-1,3.870967741935E-1,
4.193548387097E-1,4.516129032258E-1,4.838709677419E-1,5.161290322581E-1,
5.483870967742E-1,5.806451612903E-1,6.129032258065E-1,6.451612903226E-1,
6.774193548387E-1,7.096774193548E-1,7.419354838710E-1,7.741935483871E-1,
8.064516129032E-1,8.387096774194E-1,8.709677419355E-1,9.032258064516E-1,
9.354838709677E-1,9.677419354839E-1,1.E0),.UNSPECIFIED.);
#551=B_SPLINE_CURVE_WITH_KNOTS('',3,(#541,#542,#543,#544,#545,#546,#547,#548,
#549,#550),.UNSPECIFIED.,.F.,.F.,(4,1,1,1,1,1,1,4),(0.E0,1.428571428571E-1,
2.857142857143E-1,4.285714285714E-1,5.714285714286E-1,7.142857142857E-1,
8.571428571429E-1,1.E0),.UNSPECIFIED.);
#594=B_SPLINE_CURVE_WITH_KNOTS('',3,(#560,#561,#562,#563,#564,#565,#566,#567,
#568,#569,#570,#571,#572,#573,#574,#575,#576,#577,#578,#579,#580,#581,#582,#583,
#584,#585,#586,#587,#588,#589,#590,#591,#592,#593),.UNSPECIFIED.,.F.,.F.,(4,1,1,
1,1,1,1,1,1,1,1,1,1,1,1,1,1,1,1,1,1,1,1,1,1,1,1,1,1,1,1,4),(0.E0,
3.225806451613E-2,6.451612903226E-2,9.677419354839E-2,1.290322580645E-1,
1.612903225806E-1,1.935483870968E-1,2.258064516129E-1,2.580645161290E-1,
2.903225806452E-1,3.225806451613E-1,3.548387096774E-1,3.870967741935E-1,
4.193548387097E-1,4.516129032258E-1,4.838709677419E-1,5.161290322581E-1,
5.483870967742E-1,5.806451612903E-1,6.129032258065E-1,6.451612903226E-1,
6.774193548387E-1,7.096774193548E-1,7.419354838710E-1,7.741935483871E-1,
8.064516129032E-1,8.387096774194E-1,8.709677419355E-1,9.032258064516E-1,
9.354838709677E-1,9.677419354839E-1,1.E0),.UNSPECIFIED.);
#599=CIRCLE('',#598,3.000000058892E-1);
#627=B_SPLINE_CURVE_WITH_KNOTS('',3,(#600,#601,#602,#603,#604,#605,#606,#607,
#608,#609,#610,#611,#612,#613,#614,#615,#616,#617,#618,#619,#620,#621,#622,#623,
#624,#625,#626),.UNSPECIFIED.,.F.,.F.,(4,1,1,1,1,1,1,1,1,1,1,1,1,1,1,1,1,1,1,1,
1,1,1,1,4),(0.E0,4.166666666667E-2,8.333333333333E-2,1.25E-1,1.666666666667E-1,
2.083333333333E-1,2.5E-1,2.916666666667E-1,3.333333333333E-1,3.75E-1,
4.166666666667E-1,4.583333333333E-1,5.E-1,5.416666666667E-1,5.833333333333E-1,
6.25E-1,6.666666666667E-1,7.083333333333E-1,7.5E-1,7.916666666667E-1,
8.333333333333E-1,8.75E-1,9.166666666667E-1,9.583333333333E-1,1.E0),
.UNSPECIFIED.);
#638=B_SPLINE_CURVE_WITH_KNOTS('',3,(#628,#629,#630,#631,#632,#633,#634,#635,
#636,#637),.UNSPECIFIED.,.F.,.F.,(4,1,1,1,1,1,1,4),(0.E0,1.428571428571E-1,
2.857142857143E-1,4.285714285714E-1,5.714285714286E-1,7.142857142857E-1,
8.571428571429E-1,1.E0),.UNSPECIFIED.);
#647=CIRCLE('',#646,8.E-1);
#656=CIRCLE('',#655,1.100000000066E0);
#661=CIRCLE('',#660,3.E-1);
#666=CIRCLE('',#665,8.E-1);
#675=CIRCLE('',#674,3.E-1);
#684=CIRCLE('',#683,1.100000000063E0);
#689=CIRCLE('',#688,3.E-1);
#694=CIRCLE('',#693,8.E-1);
#734=B_SPLINE_CURVE_WITH_KNOTS('',3,(#695,#696,#697,#698,#699,#700,#701,#702,
#703,#704,#705,#706,#707,#708,#709,#710,#711,#712,#713,#714,#715,#716,#717,#718,
#719,#720,#721,#722,#723,#724,#725,#726,#727,#728,#729,#730,#731,#732,#733),
.UNSPECIFIED.,.F.,.F.,(4,1,1,1,1,1,1,1,1,1,1,1,1,1,1,1,1,1,1,1,1,1,1,1,1,1,1,1,
1,1,1,1,1,1,1,1,4),(0.E0,2.777777777778E-2,5.555555555556E-2,8.333333333333E-2,
1.111111111111E-1,1.388888888889E-1,1.666666666667E-1,1.944444444444E-1,
2.222222222222E-1,2.5E-1,2.777777777778E-1,3.055555555556E-1,3.333333333333E-1,
3.611111111111E-1,3.888888888889E-1,4.166666666667E-1,4.444444444444E-1,
4.722222222222E-1,5.E-1,5.277777777778E-1,5.555555555556E-1,5.833333333333E-1,
6.111111111111E-1,6.388888888889E-1,6.666666666667E-1,6.944444444444E-1,
7.222222222222E-1,7.5E-1,7.777777777778E-1,8.055555555556E-1,8.333333333333E-1,
8.611111111111E-1,8.888888888889E-1,9.166666666667E-1,9.444444444444E-1,
9.722222222222E-1,1.E0),.UNSPECIFIED.);
#739=CIRCLE('',#738,2.999999993459E-1);
#779=B_SPLINE_CURVE_WITH_KNOTS('',3,(#740,#741,#742,#743,#744,#745,#746,#747,
#748,#749,#750,#751,#752,#753,#754,#755,#756,#757,#758,#759,#760,#761,#762,#763,
#764,#765,#766,#767,#768,#769,#770,#771,#772,#773,#774,#775,#776,#777,#778),
.UNSPECIFIED.,.F.,.F.,(4,1,1,1,1,1,1,1,1,1,1,1,1,1,1,1,1,1,1,1,1,1,1,1,1,1,1,1,
1,1,1,1,1,1,1,1,4),(0.E0,2.777777777778E-2,5.555555555556E-2,8.333333333333E-2,
1.111111111111E-1,1.388888888889E-1,1.666666666667E-1,1.944444444444E-1,
2.222222222222E-1,2.5E-1,2.777777777778E-1,3.055555555556E-1,3.333333333333E-1,
3.611111111111E-1,3.888888888889E-1,4.166666666667E-1,4.444444444444E-1,
4.722222222222E-1,5.E-1,5.277777777778E-1,5.555555555556E-1,5.833333333333E-1,
6.111111111111E-1,6.388888888889E-1,6.666666666667E-1,6.944444444444E-1,
7.222222222222E-1,7.5E-1,7.777777777778E-1,8.055555555556E-1,8.333333333333E-1,
8.611111111111E-1,8.888888888889E-1,9.166666666667E-1,9.444444444444E-1,
9.722222222222E-1,1.E0),.UNSPECIFIED.);
#788=CIRCLE('',#787,8.E-1);
#836=B_SPLINE_CURVE_WITH_KNOTS('',3,(#809,#810,#811,#812,#813,#814,#815,#816,
#817,#818,#819,#820,#821,#822,#823,#824,#825,#826,#827,#828,#829,#830,#831,#832,
#833,#834,#835),.UNSPECIFIED.,.F.,.F.,(4,1,1,1,1,1,1,1,1,1,1,1,1,1,1,1,1,1,1,1,
1,1,1,1,4),(0.E0,4.166666666667E-2,8.333333333333E-2,1.25E-1,1.666666666667E-1,
2.083333333333E-1,2.5E-1,2.916666666667E-1,3.333333333333E-1,3.75E-1,
4.166666666667E-1,4.583333333333E-1,5.E-1,5.416666666667E-1,5.833333333333E-1,
6.25E-1,6.666666666667E-1,7.083333333333E-1,7.5E-1,7.916666666667E-1,
8.333333333333E-1,8.75E-1,9.166666666667E-1,9.583333333333E-1,1.E0),
.UNSPECIFIED.);
#871=B_SPLINE_CURVE_WITH_KNOTS('',3,(#837,#838,#839,#840,#841,#842,#843,#844,
#845,#846,#847,#848,#849,#850,#851,#852,#853,#854,#855,#856,#857,#858,#859,#860,
#861,#862,#863,#864,#865,#866,#867,#868,#869,#870),.UNSPECIFIED.,.F.,.F.,(4,1,1,
1,1,1,1,1,1,1,1,1,1,1,1,1,1,1,1,1,1,1,1,1,1,1,1,1,1,1,1,4),(0.E0,
3.225806451613E-2,6.451612903226E-2,9.677419354839E-2,1.290322580645E-1,
1.612903225806E-1,1.935483870968E-1,2.258064516129E-1,2.580645161290E-1,
2.903225806452E-1,3.225806451613E-1,3.548387096774E-1,3.870967741935E-1,
4.193548387097E-1,4.516129032258E-1,4.838709677419E-1,5.161290322581E-1,
5.483870967742E-1,5.806451612903E-1,6.129032258065E-1,6.451612903226E-1,
6.774193548387E-1,7.096774193548E-1,7.419354838710E-1,7.741935483871E-1,
8.064516129032E-1,8.387096774194E-1,8.709677419355E-1,9.032258064516E-1,
9.354838709677E-1,9.677419354839E-1,1.E0),.UNSPECIFIED.);
#882=B_SPLINE_CURVE_WITH_KNOTS('',3,(#872,#873,#874,#875,#876,#877,#878,#879,
#880,#881),.UNSPECIFIED.,.F.,.F.,(4,1,1,1,1,1,1,4),(0.E0,1.428571428571E-1,
2.857142857143E-1,4.285714285714E-1,5.714285714286E-1,7.142857142857E-1,
8.571428571429E-1,1.E0),.UNSPECIFIED.);
#917=B_SPLINE_CURVE_WITH_KNOTS('',3,(#883,#884,#885,#886,#887,#888,#889,#890,
#891,#892,#893,#894,#895,#896,#897,#898,#899,#900,#901,#902,#903,#904,#905,#906,
#907,#908,#909,#910,#911,#912,#913,#914,#915,#916),.UNSPECIFIED.,.F.,.F.,(4,1,1,
1,1,1,1,1,1,1,1,1,1,1,1,1,1,1,1,1,1,1,1,1,1,1,1,1,1,1,1,4),(0.E0,
3.225806451613E-2,6.451612903226E-2,9.677419354839E-2,1.290322580645E-1,
1.612903225806E-1,1.935483870968E-1,2.258064516129E-1,2.580645161290E-1,
2.903225806452E-1,3.225806451613E-1,3.548387096774E-1,3.870967741935E-1,
4.193548387097E-1,4.516129032258E-1,4.838709677419E-1,5.161290322581E-1,
5.483870967742E-1,5.806451612903E-1,6.129032258065E-1,6.451612903226E-1,
6.774193548387E-1,7.096774193548E-1,7.419354838710E-1,7.741935483871E-1,
8.064516129032E-1,8.387096774194E-1,8.709677419355E-1,9.032258064516E-1,
9.354838709677E-1,9.677419354839E-1,1.E0),.UNSPECIFIED.);
#922=CIRCLE('',#921,3.000000058892E-1);
#950=B_SPLINE_CURVE_WITH_KNOTS('',3,(#923,#924,#925,#926,#927,#928,#929,#930,
#931,#932,#933,#934,#935,#936,#937,#938,#939,#940,#941,#942,#943,#944,#945,#946,
#947,#948,#949),.UNSPECIFIED.,.F.,.F.,(4,1,1,1,1,1,1,1,1,1,1,1,1,1,1,1,1,1,1,1,
1,1,1,1,4),(0.E0,4.166666666667E-2,8.333333333333E-2,1.25E-1,1.666666666667E-1,
2.083333333333E-1,2.5E-1,2.916666666667E-1,3.333333333333E-1,3.75E-1,
4.166666666667E-1,4.583333333333E-1,5.E-1,5.416666666667E-1,5.833333333333E-1,
6.25E-1,6.666666666667E-1,7.083333333333E-1,7.5E-1,7.916666666667E-1,
8.333333333333E-1,8.75E-1,9.166666666667E-1,9.583333333333E-1,1.E0),
.UNSPECIFIED.);
#961=B_SPLINE_CURVE_WITH_KNOTS('',3,(#951,#952,#953,#954,#955,#956,#957,#958,
#959,#960),.UNSPECIFIED.,.F.,.F.,(4,1,1,1,1,1,1,4),(0.E0,1.428571428571E-1,
2.857142857143E-1,4.285714285714E-1,5.714285714286E-1,7.142857142857E-1,
8.571428571429E-1,1.E0),.UNSPECIFIED.);
#970=CIRCLE('',#969,8.E-1);
#979=CIRCLE('',#978,1.100000000066E0);
#984=CIRCLE('',#983,3.E-1);
#989=CIRCLE('',#988,8.E-1);
#998=CIRCLE('',#997,3.E-1);
#1007=CIRCLE('',#1006,1.100000000063E0);
#1012=CIRCLE('',#1011,3.E-1);
#1017=CIRCLE('',#1016,8.E-1);
#1057=B_SPLINE_CURVE_WITH_KNOTS('',3,(#1018,#1019,#1020,#1021,#1022,#1023,#1024,
#1025,#1026,#1027,#1028,#1029,#1030,#1031,#1032,#1033,#1034,#1035,#1036,#1037,
#1038,#1039,#1040,#1041,#1042,#1043,#1044,#1045,#1046,#1047,#1048,#1049,#1050,
#1051,#1052,#1053,#1054,#1055,#1056),.UNSPECIFIED.,.F.,.F.,(4,1,1,1,1,1,1,1,1,1,
1,1,1,1,1,1,1,1,1,1,1,1,1,1,1,1,1,1,1,1,1,1,1,1,1,1,4),(0.E0,2.777777777778E-2,
5.555555555556E-2,8.333333333333E-2,1.111111111111E-1,1.388888888889E-1,
1.666666666667E-1,1.944444444444E-1,2.222222222222E-1,2.5E-1,2.777777777778E-1,
3.055555555556E-1,3.333333333333E-1,3.611111111111E-1,3.888888888889E-1,
4.166666666667E-1,4.444444444444E-1,4.722222222222E-1,5.E-1,5.277777777778E-1,
5.555555555556E-1,5.833333333333E-1,6.111111111111E-1,6.388888888889E-1,
6.666666666667E-1,6.944444444444E-1,7.222222222222E-1,7.5E-1,7.777777777778E-1,
8.055555555556E-1,8.333333333333E-1,8.611111111111E-1,8.888888888889E-1,
9.166666666667E-1,9.444444444444E-1,9.722222222222E-1,1.E0),.UNSPECIFIED.);
#1062=CIRCLE('',#1061,2.999999993459E-1);
#1102=B_SPLINE_CURVE_WITH_KNOTS('',3,(#1063,#1064,#1065,#1066,#1067,#1068,#1069,
#1070,#1071,#1072,#1073,#1074,#1075,#1076,#1077,#1078,#1079,#1080,#1081,#1082,
#1083,#1084,#1085,#1086,#1087,#1088,#1089,#1090,#1091,#1092,#1093,#1094,#1095,
#1096,#1097,#1098,#1099,#1100,#1101),.UNSPECIFIED.,.F.,.F.,(4,1,1,1,1,1,1,1,1,1,
1,1,1,1,1,1,1,1,1,1,1,1,1,1,1,1,1,1,1,1,1,1,1,1,1,1,4),(0.E0,2.777777777778E-2,
5.555555555556E-2,8.333333333333E-2,1.111111111111E-1,1.388888888889E-1,
1.666666666667E-1,1.944444444444E-1,2.222222222222E-1,2.5E-1,2.777777777778E-1,
3.055555555556E-1,3.333333333333E-1,3.611111111111E-1,3.888888888889E-1,
4.166666666667E-1,4.444444444444E-1,4.722222222222E-1,5.E-1,5.277777777778E-1,
5.555555555556E-1,5.833333333333E-1,6.111111111111E-1,6.388888888889E-1,
6.666666666667E-1,6.944444444444E-1,7.222222222222E-1,7.5E-1,7.777777777778E-1,
8.055555555556E-1,8.333333333333E-1,8.611111111111E-1,8.888888888889E-1,
9.166666666667E-1,9.444444444444E-1,9.722222222222E-1,1.E0),.UNSPECIFIED.);
#1111=CIRCLE('',#1110,8.E-1);
#1143=B_SPLINE_CURVE_WITH_KNOTS('',3,(#1116,#1117,#1118,#1119,#1120,#1121,#1122,
#1123,#1124,#1125,#1126,#1127,#1128,#1129,#1130,#1131,#1132,#1133,#1134,#1135,
#1136,#1137,#1138,#1139,#1140,#1141,#1142),.UNSPECIFIED.,.F.,.F.,(4,1,1,1,1,1,1,
1,1,1,1,1,1,1,1,1,1,1,1,1,1,1,1,1,4),(0.E0,4.166666666667E-2,8.333333333333E-2,
1.25E-1,1.666666666667E-1,2.083333333333E-1,2.5E-1,2.916666666667E-1,
3.333333333333E-1,3.75E-1,4.166666666667E-1,4.583333333333E-1,5.E-1,
5.416666666667E-1,5.833333333333E-1,6.25E-1,6.666666666667E-1,7.083333333333E-1,
7.5E-1,7.916666666667E-1,8.333333333333E-1,8.75E-1,9.166666666667E-1,
9.583333333333E-1,1.E0),.UNSPECIFIED.);
#1178=B_SPLINE_CURVE_WITH_KNOTS('',3,(#1144,#1145,#1146,#1147,#1148,#1149,#1150,
#1151,#1152,#1153,#1154,#1155,#1156,#1157,#1158,#1159,#1160,#1161,#1162,#1163,
#1164,#1165,#1166,#1167,#1168,#1169,#1170,#1171,#1172,#1173,#1174,#1175,#1176,
#1177),.UNSPECIFIED.,.F.,.F.,(4,1,1,1,1,1,1,1,1,1,1,1,1,1,1,1,1,1,1,1,1,1,1,1,1,
1,1,1,1,1,1,4),(0.E0,3.225806451613E-2,6.451612903226E-2,9.677419354839E-2,
1.290322580645E-1,1.612903225806E-1,1.935483870968E-1,2.258064516129E-1,
2.580645161290E-1,2.903225806452E-1,3.225806451613E-1,3.548387096774E-1,
3.870967741935E-1,4.193548387097E-1,4.516129032258E-1,4.838709677419E-1,
5.161290322581E-1,5.483870967742E-1,5.806451612903E-1,6.129032258065E-1,
6.451612903226E-1,6.774193548387E-1,7.096774193548E-1,7.419354838710E-1,
7.741935483871E-1,8.064516129032E-1,8.387096774194E-1,8.709677419355E-1,
9.032258064516E-1,9.354838709677E-1,9.677419354839E-1,1.E0),.UNSPECIFIED.);
#1189=B_SPLINE_CURVE_WITH_KNOTS('',3,(#1179,#1180,#1181,#1182,#1183,#1184,#1185,
#1186,#1187,#1188),.UNSPECIFIED.,.F.,.F.,(4,1,1,1,1,1,1,4),(0.E0,
1.428571428571E-1,2.857142857143E-1,4.285714285714E-1,5.714285714286E-1,
7.142857142857E-1,8.571428571429E-1,1.E0),.UNSPECIFIED.);
#1245=B_SPLINE_CURVE_WITH_KNOTS('',3,(#1206,#1207,#1208,#1209,#1210,#1211,#1212,
#1213,#1214,#1215,#1216,#1217,#1218,#1219,#1220,#1221,#1222,#1223,#1224,#1225,
#1226,#1227,#1228,#1229,#1230,#1231,#1232,#1233,#1234,#1235,#1236,#1237,#1238,
#1239,#1240,#1241,#1242,#1243,#1244),.UNSPECIFIED.,.F.,.F.,(4,1,1,1,1,1,1,1,1,1,
1,1,1,1,1,1,1,1,1,1,1,1,1,1,1,1,1,1,1,1,1,1,1,1,1,1,4),(0.E0,2.777777777778E-2,
5.555555555556E-2,8.333333333333E-2,1.111111111111E-1,1.388888888889E-1,
1.666666666667E-1,1.944444444444E-1,2.222222222222E-1,2.5E-1,2.777777777778E-1,
3.055555555556E-1,3.333333333333E-1,3.611111111111E-1,3.888888888889E-1,
4.166666666667E-1,4.444444444444E-1,4.722222222222E-1,5.E-1,5.277777777778E-1,
5.555555555556E-1,5.833333333333E-1,6.111111111111E-1,6.388888888889E-1,
6.666666666667E-1,6.944444444444E-1,7.222222222222E-1,7.5E-1,7.777777777778E-1,
8.055555555556E-1,8.333333333333E-1,8.611111111111E-1,8.888888888889E-1,
9.166666666667E-1,9.444444444444E-1,9.722222222222E-1,1.E0),.UNSPECIFIED.);
#1250=CIRCLE('',#1249,2.999999992981E-1);
#1290=B_SPLINE_CURVE_WITH_KNOTS('',3,(#1251,#1252,#1253,#1254,#1255,#1256,#1257,
#1258,#1259,#1260,#1261,#1262,#1263,#1264,#1265,#1266,#1267,#1268,#1269,#1270,
#1271,#1272,#1273,#1274,#1275,#1276,#1277,#1278,#1279,#1280,#1281,#1282,#1283,
#1284,#1285,#1286,#1287,#1288,#1289),.UNSPECIFIED.,.F.,.F.,(4,1,1,1,1,1,1,1,1,1,
1,1,1,1,1,1,1,1,1,1,1,1,1,1,1,1,1,1,1,1,1,1,1,1,1,1,4),(0.E0,2.777777777778E-2,
5.555555555556E-2,8.333333333333E-2,1.111111111111E-1,1.388888888889E-1,
1.666666666667E-1,1.944444444444E-1,2.222222222222E-1,2.5E-1,2.777777777778E-1,
3.055555555556E-1,3.333333333333E-1,3.611111111111E-1,3.888888888889E-1,
4.166666666667E-1,4.444444444444E-1,4.722222222222E-1,5.E-1,5.277777777778E-1,
5.555555555556E-1,5.833333333333E-1,6.111111111111E-1,6.388888888889E-1,
6.666666666667E-1,6.944444444444E-1,7.222222222222E-1,7.5E-1,7.777777777778E-1,
8.055555555556E-1,8.333333333333E-1,8.611111111111E-1,8.888888888889E-1,
9.166666666667E-1,9.444444444444E-1,9.722222222222E-1,1.E0),.UNSPECIFIED.);
#1338=B_SPLINE_CURVE_WITH_KNOTS('',3,(#1299,#1300,#1301,#1302,#1303,#1304,#1305,
#1306,#1307,#1308,#1309,#1310,#1311,#1312,#1313,#1314,#1315,#1316,#1317,#1318,
#1319,#1320,#1321,#1322,#1323,#1324,#1325,#1326,#1327,#1328,#1329,#1330,#1331,
#1332,#1333,#1334,#1335,#1336,#1337),.UNSPECIFIED.,.F.,.F.,(4,1,1,1,1,1,1,1,1,1,
1,1,1,1,1,1,1,1,1,1,1,1,1,1,1,1,1,1,1,1,1,1,1,1,1,1,4),(0.E0,2.777777777778E-2,
5.555555555556E-2,8.333333333333E-2,1.111111111111E-1,1.388888888889E-1,
1.666666666667E-1,1.944444444444E-1,2.222222222222E-1,2.5E-1,2.777777777778E-1,
3.055555555556E-1,3.333333333333E-1,3.611111111111E-1,3.888888888889E-1,
4.166666666667E-1,4.444444444444E-1,4.722222222222E-1,5.E-1,5.277777777778E-1,
5.555555555556E-1,5.833333333333E-1,6.111111111111E-1,6.388888888889E-1,
6.666666666667E-1,6.944444444444E-1,7.222222222222E-1,7.5E-1,7.777777777778E-1,
8.055555555556E-1,8.333333333333E-1,8.611111111111E-1,8.888888888889E-1,
9.166666666667E-1,9.444444444444E-1,9.722222222222E-1,1.E0),.UNSPECIFIED.);
#1343=CIRCLE('',#1342,2.999999992981E-1);
#1383=B_SPLINE_CURVE_WITH_KNOTS('',3,(#1344,#1345,#1346,#1347,#1348,#1349,#1350,
#1351,#1352,#1353,#1354,#1355,#1356,#1357,#1358,#1359,#1360,#1361,#1362,#1363,
#1364,#1365,#1366,#1367,#1368,#1369,#1370,#1371,#1372,#1373,#1374,#1375,#1376,
#1377,#1378,#1379,#1380,#1381,#1382),.UNSPECIFIED.,.F.,.F.,(4,1,1,1,1,1,1,1,1,1,
1,1,1,1,1,1,1,1,1,1,1,1,1,1,1,1,1,1,1,1,1,1,1,1,1,1,4),(0.E0,2.777777777778E-2,
5.555555555556E-2,8.333333333333E-2,1.111111111111E-1,1.388888888889E-1,
1.666666666667E-1,1.944444444444E-1,2.222222222222E-1,2.5E-1,2.777777777778E-1,
3.055555555556E-1,3.333333333333E-1,3.611111111111E-1,3.888888888889E-1,
4.166666666667E-1,4.444444444444E-1,4.722222222222E-1,5.E-1,5.277777777778E-1,
5.555555555556E-1,5.833333333333E-1,6.111111111111E-1,6.388888888889E-1,
6.666666666667E-1,6.944444444444E-1,7.222222222222E-1,7.5E-1,7.777777777778E-1,
8.055555555556E-1,8.333333333333E-1,8.611111111111E-1,8.888888888889E-1,
9.166666666667E-1,9.444444444444E-1,9.722222222222E-1,1.E0),.UNSPECIFIED.);
#1388=CIRCLE('',#1387,1.100000000063E0);
#1393=CIRCLE('',#1392,3.E-1);
#1398=CIRCLE('',#1397,8.E-1);
#1438=B_SPLINE_CURVE_WITH_KNOTS('',3,(#1399,#1400,#1401,#1402,#1403,#1404,#1405,
#1406,#1407,#1408,#1409,#1410,#1411,#1412,#1413,#1414,#1415,#1416,#1417,#1418,
#1419,#1420,#1421,#1422,#1423,#1424,#1425,#1426,#1427,#1428,#1429,#1430,#1431,
#1432,#1433,#1434,#1435,#1436,#1437),.UNSPECIFIED.,.F.,.F.,(4,1,1,1,1,1,1,1,1,1,
1,1,1,1,1,1,1,1,1,1,1,1,1,1,1,1,1,1,1,1,1,1,1,1,1,1,4),(0.E0,2.777777777778E-2,
5.555555555556E-2,8.333333333333E-2,1.111111111111E-1,1.388888888889E-1,
1.666666666667E-1,1.944444444444E-1,2.222222222222E-1,2.5E-1,2.777777777778E-1,
3.055555555556E-1,3.333333333333E-1,3.611111111111E-1,3.888888888889E-1,
4.166666666667E-1,4.444444444444E-1,4.722222222222E-1,5.E-1,5.277777777778E-1,
5.555555555556E-1,5.833333333333E-1,6.111111111111E-1,6.388888888889E-1,
6.666666666667E-1,6.944444444444E-1,7.222222222222E-1,7.5E-1,7.777777777778E-1,
8.055555555556E-1,8.333333333333E-1,8.611111111111E-1,8.888888888889E-1,
9.166666666667E-1,9.444444444444E-1,9.722222222222E-1,1.E0),.UNSPECIFIED.);
#1443=CIRCLE('',#1442,2.999999993459E-1);
#1483=B_SPLINE_CURVE_WITH_KNOTS('',3,(#1444,#1445,#1446,#1447,#1448,#1449,#1450,
#1451,#1452,#1453,#1454,#1455,#1456,#1457,#1458,#1459,#1460,#1461,#1462,#1463,
#1464,#1465,#1466,#1467,#1468,#1469,#1470,#1471,#1472,#1473,#1474,#1475,#1476,
#1477,#1478,#1479,#1480,#1481,#1482),.UNSPECIFIED.,.F.,.F.,(4,1,1,1,1,1,1,1,1,1,
1,1,1,1,1,1,1,1,1,1,1,1,1,1,1,1,1,1,1,1,1,1,1,1,1,1,4),(0.E0,2.777777777778E-2,
5.555555555556E-2,8.333333333333E-2,1.111111111111E-1,1.388888888889E-1,
1.666666666667E-1,1.944444444444E-1,2.222222222222E-1,2.5E-1,2.777777777778E-1,
3.055555555556E-1,3.333333333333E-1,3.611111111111E-1,3.888888888889E-1,
4.166666666667E-1,4.444444444444E-1,4.722222222222E-1,5.E-1,5.277777777778E-1,
5.555555555556E-1,5.833333333333E-1,6.111111111111E-1,6.388888888889E-1,
6.666666666667E-1,6.944444444444E-1,7.222222222222E-1,7.5E-1,7.777777777778E-1,
8.055555555556E-1,8.333333333333E-1,8.611111111111E-1,8.888888888889E-1,
9.166666666667E-1,9.444444444444E-1,9.722222222222E-1,1.E0),.UNSPECIFIED.);
#1492=CIRCLE('',#1491,8.E-1);
#1524=B_SPLINE_CURVE_WITH_KNOTS('',3,(#1497,#1498,#1499,#1500,#1501,#1502,#1503,
#1504,#1505,#1506,#1507,#1508,#1509,#1510,#1511,#1512,#1513,#1514,#1515,#1516,
#1517,#1518,#1519,#1520,#1521,#1522,#1523),.UNSPECIFIED.,.F.,.F.,(4,1,1,1,1,1,1,
1,1,1,1,1,1,1,1,1,1,1,1,1,1,1,1,1,4),(0.E0,4.166666666667E-2,8.333333333333E-2,
1.25E-1,1.666666666667E-1,2.083333333333E-1,2.5E-1,2.916666666667E-1,
3.333333333333E-1,3.75E-1,4.166666666667E-1,4.583333333333E-1,5.E-1,
5.416666666667E-1,5.833333333333E-1,6.25E-1,6.666666666667E-1,7.083333333333E-1,
7.5E-1,7.916666666667E-1,8.333333333333E-1,8.75E-1,9.166666666667E-1,
9.583333333333E-1,1.E0),.UNSPECIFIED.);
#1559=B_SPLINE_CURVE_WITH_KNOTS('',3,(#1525,#1526,#1527,#1528,#1529,#1530,#1531,
#1532,#1533,#1534,#1535,#1536,#1537,#1538,#1539,#1540,#1541,#1542,#1543,#1544,
#1545,#1546,#1547,#1548,#1549,#1550,#1551,#1552,#1553,#1554,#1555,#1556,#1557,
#1558),.UNSPECIFIED.,.F.,.F.,(4,1,1,1,1,1,1,1,1,1,1,1,1,1,1,1,1,1,1,1,1,1,1,1,1,
1,1,1,1,1,1,4),(0.E0,3.225806451613E-2,6.451612903226E-2,9.677419354839E-2,
1.290322580645E-1,1.612903225806E-1,1.935483870968E-1,2.258064516129E-1,
2.580645161290E-1,2.903225806452E-1,3.225806451613E-1,3.548387096774E-1,
3.870967741935E-1,4.193548387097E-1,4.516129032258E-1,4.838709677419E-1,
5.161290322581E-1,5.483870967742E-1,5.806451612903E-1,6.129032258065E-1,
6.451612903226E-1,6.774193548387E-1,7.096774193548E-1,7.419354838710E-1,
7.741935483871E-1,8.064516129032E-1,8.387096774194E-1,8.709677419355E-1,
9.032258064516E-1,9.354838709677E-1,9.677419354839E-1,1.E0),.UNSPECIFIED.);
#1570=B_SPLINE_CURVE_WITH_KNOTS('',3,(#1560,#1561,#1562,#1563,#1564,#1565,#1566,
#1567,#1568,#1569),.UNSPECIFIED.,.F.,.F.,(4,1,1,1,1,1,1,4),(0.E0,
1.428571428571E-1,2.857142857143E-1,4.285714285714E-1,5.714285714286E-1,
7.142857142857E-1,8.571428571429E-1,1.E0),.UNSPECIFIED.);
#1579=CIRCLE('',#1578,3.E-1);
#1623=B_SPLINE_CURVE_WITH_KNOTS('',3,(#1584,#1585,#1586,#1587,#1588,#1589,#1590,
#1591,#1592,#1593,#1594,#1595,#1596,#1597,#1598,#1599,#1600,#1601,#1602,#1603,
#1604,#1605,#1606,#1607,#1608,#1609,#1610,#1611,#1612,#1613,#1614,#1615,#1616,
#1617,#1618,#1619,#1620,#1621,#1622),.UNSPECIFIED.,.F.,.F.,(4,1,1,1,1,1,1,1,1,1,
1,1,1,1,1,1,1,1,1,1,1,1,1,1,1,1,1,1,1,1,1,1,1,1,1,1,4),(0.E0,2.777777777778E-2,
5.555555555556E-2,8.333333333333E-2,1.111111111111E-1,1.388888888889E-1,
1.666666666667E-1,1.944444444444E-1,2.222222222222E-1,2.5E-1,2.777777777778E-1,
3.055555555556E-1,3.333333333333E-1,3.611111111111E-1,3.888888888889E-1,
4.166666666667E-1,4.444444444444E-1,4.722222222222E-1,5.E-1,5.277777777778E-1,
5.555555555556E-1,5.833333333333E-1,6.111111111111E-1,6.388888888889E-1,
6.666666666667E-1,6.944444444444E-1,7.222222222222E-1,7.5E-1,7.777777777778E-1,
8.055555555556E-1,8.333333333333E-1,8.611111111111E-1,8.888888888889E-1,
9.166666666667E-1,9.444444444444E-1,9.722222222222E-1,1.E0),.UNSPECIFIED.);
#1628=CIRCLE('',#1627,2.999999992981E-1);
#1668=B_SPLINE_CURVE_WITH_KNOTS('',3,(#1629,#1630,#1631,#1632,#1633,#1634,#1635,
#1636,#1637,#1638,#1639,#1640,#1641,#1642,#1643,#1644,#1645,#1646,#1647,#1648,
#1649,#1650,#1651,#1652,#1653,#1654,#1655,#1656,#1657,#1658,#1659,#1660,#1661,
#1662,#1663,#1664,#1665,#1666,#1667),.UNSPECIFIED.,.F.,.F.,(4,1,1,1,1,1,1,1,1,1,
1,1,1,1,1,1,1,1,1,1,1,1,1,1,1,1,1,1,1,1,1,1,1,1,1,1,4),(0.E0,2.777777777778E-2,
5.555555555556E-2,8.333333333333E-2,1.111111111111E-1,1.388888888889E-1,
1.666666666667E-1,1.944444444444E-1,2.222222222222E-1,2.5E-1,2.777777777778E-1,
3.055555555556E-1,3.333333333333E-1,3.611111111111E-1,3.888888888889E-1,
4.166666666667E-1,4.444444444444E-1,4.722222222222E-1,5.E-1,5.277777777778E-1,
5.555555555556E-1,5.833333333333E-1,6.111111111111E-1,6.388888888889E-1,
6.666666666667E-1,6.944444444444E-1,7.222222222222E-1,7.5E-1,7.777777777778E-1,
8.055555555556E-1,8.333333333333E-1,8.611111111111E-1,8.888888888889E-1,
9.166666666667E-1,9.444444444444E-1,9.722222222222E-1,1.E0),.UNSPECIFIED.);
#1677=CIRCLE('',#1676,8.E-1);
#1716=B_SPLINE_CURVE_WITH_KNOTS('',3,(#1682,#1683,#1684,#1685,#1686,#1687,#1688,
#1689,#1690,#1691,#1692,#1693,#1694,#1695,#1696,#1697,#1698,#1699,#1700,#1701,
#1702,#1703,#1704,#1705,#1706,#1707,#1708,#1709,#1710,#1711,#1712,#1713,#1714,
#1715),.UNSPECIFIED.,.F.,.F.,(4,1,1,1,1,1,1,1,1,1,1,1,1,1,1,1,1,1,1,1,1,1,1,1,1,
1,1,1,1,1,1,4),(0.E0,3.225806451613E-2,6.451612903226E-2,9.677419354839E-2,
1.290322580645E-1,1.612903225806E-1,1.935483870968E-1,2.258064516129E-1,
2.580645161290E-1,2.903225806452E-1,3.225806451613E-1,3.548387096774E-1,
3.870967741935E-1,4.193548387097E-1,4.516129032258E-1,4.838709677419E-1,
5.161290322581E-1,5.483870967742E-1,5.806451612903E-1,6.129032258065E-1,
6.451612903226E-1,6.774193548387E-1,7.096774193548E-1,7.419354838710E-1,
7.741935483871E-1,8.064516129032E-1,8.387096774194E-1,8.709677419355E-1,
9.032258064516E-1,9.354838709677E-1,9.677419354839E-1,1.E0),.UNSPECIFIED.);
#1721=CIRCLE('',#1720,3.000000058892E-1);
#1749=B_SPLINE_CURVE_WITH_KNOTS('',3,(#1722,#1723,#1724,#1725,#1726,#1727,#1728,
#1729,#1730,#1731,#1732,#1733,#1734,#1735,#1736,#1737,#1738,#1739,#1740,#1741,
#1742,#1743,#1744,#1745,#1746,#1747,#1748),.UNSPECIFIED.,.F.,.F.,(4,1,1,1,1,1,1,
1,1,1,1,1,1,1,1,1,1,1,1,1,1,1,1,1,4),(0.E0,4.166666666667E-2,8.333333333333E-2,
1.25E-1,1.666666666667E-1,2.083333333333E-1,2.5E-1,2.916666666667E-1,
3.333333333333E-1,3.75E-1,4.166666666667E-1,4.583333333333E-1,5.E-1,
5.416666666667E-1,5.833333333333E-1,6.25E-1,6.666666666667E-1,7.083333333333E-1,
7.5E-1,7.916666666667E-1,8.333333333333E-1,8.75E-1,9.166666666667E-1,
9.583333333333E-1,1.E0),.UNSPECIFIED.);
#1760=B_SPLINE_CURVE_WITH_KNOTS('',3,(#1750,#1751,#1752,#1753,#1754,#1755,#1756,
#1757,#1758,#1759),.UNSPECIFIED.,.F.,.F.,(4,1,1,1,1,1,1,4),(0.E0,
1.428571428571E-1,2.857142857143E-1,4.285714285714E-1,5.714285714286E-1,
7.142857142857E-1,8.571428571429E-1,1.E0),.UNSPECIFIED.);
#1765=CIRCLE('',#1764,1.100000000066E0);
#1770=CIRCLE('',#1769,3.E-1);
#1775=CIRCLE('',#1774,8.E-1);
#1784=CIRCLE('',#1783,3.E-1);
#1793=CIRCLE('',#1792,1.100000000063E0);
#1798=CIRCLE('',#1797,3.E-1);
#1803=CIRCLE('',#1802,8.E-1);
#1812=CIRCLE('',#1811,8.E-1);
#1821=CIRCLE('',#1820,8.E-1);
#1848=B_SPLINE_CURVE_WITH_KNOTS('',3,(#1834,#1835,#1836,#1837,#1838,#1839,#1840,
#1841,#1842,#1843,#1844,#1845,#1846,#1847),.UNSPECIFIED.,.F.,.F.,(4,1,1,1,1,1,1,
1,1,1,1,4),(0.E0,6.25E-2,1.25E-1,1.875E-1,2.5E-1,3.75E-1,5.E-1,6.25E-1,7.5E-1,
8.75E-1,9.375E-1,1.E0),.UNSPECIFIED.);
#1866=B_SPLINE_CURVE_WITH_KNOTS('',3,(#1857,#1858,#1859,#1860,#1861,#1862,#1863,
#1864,#1865),.UNSPECIFIED.,.F.,.F.,(4,1,1,1,1,1,4),(0.E0,1.25E-1,2.5E-1,5.E-1,
7.5E-1,8.75E-1,1.E0),.UNSPECIFIED.);
#1896=B_SPLINE_CURVE_WITH_KNOTS('',3,(#1887,#1888,#1889,#1890,#1891,#1892,#1893,
#1894,#1895),.UNSPECIFIED.,.F.,.F.,(4,1,1,1,1,1,4),(0.E0,1.25E-1,2.5E-1,5.E-1,
7.5E-1,8.75E-1,1.E0),.UNSPECIFIED.);
#1919=B_SPLINE_CURVE_WITH_KNOTS('',3,(#1905,#1906,#1907,#1908,#1909,#1910,#1911,
#1912,#1913,#1914,#1915,#1916,#1917,#1918),.UNSPECIFIED.,.F.,.F.,(4,1,1,1,1,1,1,
1,1,1,1,4),(0.E0,6.25E-2,1.25E-1,1.875E-1,2.5E-1,3.75E-1,5.E-1,6.25E-1,7.5E-1,
8.75E-1,9.375E-1,1.E0),.UNSPECIFIED.);
#1944=CIRCLE('',#1943,8.E-1);
#1953=CIRCLE('',#1952,8.E-1);
#1962=CIRCLE('',#1961,8.E-1);
#1971=CIRCLE('',#1970,8.E-1);
#1986=B_SPLINE_CURVE_WITH_KNOTS('',3,(#1972,#1973,#1974,#1975,#1976,#1977,#1978,
#1979,#1980,#1981,#1982,#1983,#1984,#1985),.UNSPECIFIED.,.F.,.F.,(4,1,1,1,1,1,1,
1,1,1,1,4),(0.E0,6.25E-2,1.25E-1,1.875E-1,2.5E-1,3.75E-1,5.E-1,6.25E-1,7.5E-1,
8.75E-1,9.375E-1,1.E0),.UNSPECIFIED.);
#2004=B_SPLINE_CURVE_WITH_KNOTS('',3,(#1995,#1996,#1997,#1998,#1999,#2000,#2001,
#2002,#2003),.UNSPECIFIED.,.F.,.F.,(4,1,1,1,1,1,4),(0.E0,1.25E-1,2.5E-1,5.E-1,
7.5E-1,8.75E-1,1.E0),.UNSPECIFIED.);
#2228=EDGE_CURVE('',#2208,#2204,#4,.T.);
#2230=EDGE_CURVE('',#2218,#2204,#8,.T.);
#2232=EDGE_CURVE('',#2222,#2218,#12,.T.);
#2234=EDGE_CURVE('',#2222,#2034,#16,.T.);
#2236=EDGE_CURVE('',#2031,#2034,#1962,.T.);
#2238=EDGE_CURVE('',#2031,#2040,#20,.T.);
#2240=EDGE_CURVE('',#2046,#2040,#1821,.T.);
#2242=EDGE_CURVE('',#2046,#2191,#24,.T.);
#2244=EDGE_CURVE('',#2191,#2192,#28,.T.);
#2246=EDGE_CURVE('',#2177,#2192,#32,.T.);
#2248=EDGE_CURVE('',#2176,#2177,#36,.T.);
#2250=EDGE_CURVE('',#2176,#2054,#40,.T.);
#2252=EDGE_CURVE('',#2038,#2054,#1944,.T.);
#2254=EDGE_CURVE('',#2038,#2020,#44,.T.);
#2256=EDGE_CURVE('',#2024,#2020,#139,.T.);
#2258=EDGE_CURVE('',#2024,#2208,#48,.T.);
#2268=EDGE_CURVE('',#2203,#2204,#63,.T.);
#2271=EDGE_CURVE('',#2208,#2206,#113,.T.);
#2273=EDGE_CURVE('',#2206,#2197,#67,.T.);
#2275=EDGE_CURVE('',#2197,#2198,#71,.T.);
#2277=EDGE_CURVE('',#2198,#2199,#81,.T.);
#2279=EDGE_CURVE('',#2199,#2201,#85,.T.);
#2281=EDGE_CURVE('',#2201,#2203,#89,.T.);
#2292=EDGE_CURVE('',#2203,#2217,#93,.T.);
#2294=EDGE_CURVE('',#2217,#2218,#1986,.T.);
#2306=EDGE_CURVE('',#2201,#2215,#97,.T.);
#2308=EDGE_CURVE('',#2215,#2217,#1990,.T.);
#2320=EDGE_CURVE('',#2199,#2213,#101,.T.);
#2322=EDGE_CURVE('',#2213,#2215,#1994,.T.);
#2334=EDGE_CURVE('',#2198,#2212,#105,.T.);
#2336=EDGE_CURVE('',#2212,#2213,#2004,.T.);
#2348=EDGE_CURVE('',#2197,#2211,#109,.T.);
#2350=EDGE_CURVE('',#2211,#2212,#2008,.T.);
#2362=EDGE_CURVE('',#2206,#2220,#121,.T.);
#2364=EDGE_CURVE('',#2220,#2211,#2012,.T.);
#2377=EDGE_CURVE('',#2022,#2024,#134,.T.);
#2379=EDGE_CURVE('',#2022,#2036,#343,.T.);
#2381=EDGE_CURVE('',#2034,#2036,#1966,.T.);
#2384=EDGE_CURVE('',#2222,#2220,#117,.T.);
#2395=EDGE_CURVE('',#2019,#2020,#125,.T.);
#2397=EDGE_CURVE('',#2019,#2022,#130,.T.);
#2409=EDGE_CURVE('',#2063,#2100,#143,.T.);
#2411=EDGE_CURVE('',#2102,#2100,#231,.T.);
#2413=EDGE_CURVE('',#2163,#2102,#559,.T.);
#2415=EDGE_CURVE('',#2164,#2163,#551,.T.);
#2417=EDGE_CURVE('',#2016,#2164,#392,.T.);
#2419=EDGE_CURVE('',#2016,#2019,#347,.T.);
#2423=EDGE_CURVE('',#2038,#2052,#1939,.T.);
#2425=EDGE_CURVE('',#2052,#2059,#359,.T.);
#2427=EDGE_CURVE('',#2059,#2078,#642,.T.);
#2429=EDGE_CURVE('',#2080,#2078,#638,.T.);
#2431=EDGE_CURVE('',#2141,#2080,#555,.T.);
#2433=EDGE_CURVE('',#2142,#2141,#1189,.T.);
#2435=EDGE_CURVE('',#2068,#2142,#1115,.T.);
#2437=EDGE_CURVE('',#2068,#2063,#367,.T.);
#2447=EDGE_CURVE('',#2099,#2100,#187,.T.);
#2450=EDGE_CURVE('',#2063,#2064,#148,.T.);
#2452=EDGE_CURVE('',#2064,#2103,#152,.T.);
#2454=EDGE_CURVE('',#2103,#2099,#271,.T.);
#2597=EDGE_CURVE('',#2099,#2101,#192,.T.);
#2599=EDGE_CURVE('',#2101,#2102,#220,.T.);
#2771=EDGE_CURVE('',#2103,#2104,#276,.T.);
#2773=EDGE_CURVE('',#2104,#2101,#316,.T.);
#2784=EDGE_CURVE('',#2106,#2103,#321,.T.);
#2786=EDGE_CURVE('',#2106,#2108,#326,.T.);
#2788=EDGE_CURVE('',#2108,#2104,#331,.T.);
#2801=EDGE_CURVE('',#2064,#2071,#379,.T.);
#2803=EDGE_CURVE('',#2071,#2114,#1487,.T.);
#2805=EDGE_CURVE('',#2114,#2110,#1388,.T.);
#2807=EDGE_CURVE('',#2110,#2106,#1574,.T.);
#2817=EDGE_CURVE('',#2015,#2016,#388,.T.);
#2819=EDGE_CURVE('',#2028,#2015,#335,.T.);
#2821=EDGE_CURVE('',#2027,#2028,#1677,.T.);
#2823=EDGE_CURVE('',#2032,#2027,#339,.T.);
#2825=EDGE_CURVE('',#2036,#2032,#1971,.T.);
#2838=EDGE_CURVE('',#2042,#2044,#1812,.T.);
#2840=EDGE_CURVE('',#2050,#2042,#351,.T.);
#2842=EDGE_CURVE('',#2049,#2050,#788,.T.);
#2844=EDGE_CURVE('',#2060,#2049,#355,.T.);
#2846=EDGE_CURVE('',#2059,#2060,#647,.T.);
#2849=EDGE_CURVE('',#2056,#2052,#1953,.T.);
#2851=EDGE_CURVE('',#2044,#2056,#363,.T.);
#2863=EDGE_CURVE('',#2067,#2068,#1111,.T.);
#2865=EDGE_CURVE('',#2076,#2067,#371,.T.);
#2867=EDGE_CURVE('',#2075,#2076,#970,.T.);
#2869=EDGE_CURVE('',#2072,#2075,#375,.T.);
#2871=EDGE_CURVE('',#2071,#2072,#1492,.T.);
#2882=EDGE_CURVE('',#2161,#2158,#432,.T.);
#2884=EDGE_CURVE('',#2015,#2158,#383,.T.);
#2888=EDGE_CURVE('',#2164,#2161,#540,.T.);
#3059=EDGE_CURVE('',#2161,#2162,#437,.T.);
#3061=EDGE_CURVE('',#2162,#2160,#477,.T.);
#3063=EDGE_CURVE('',#2158,#2160,#1798,.T.);
#3205=EDGE_CURVE('',#2163,#2162,#505,.T.);
#3218=EDGE_CURVE('',#2079,#2080,#627,.T.);
#3220=EDGE_CURVE('',#2140,#2079,#1197,.T.);
#3222=EDGE_CURVE('',#2141,#2140,#1143,.T.);
#3234=EDGE_CURVE('',#2162,#2101,#1205,.T.);
#3378=EDGE_CURVE('',#2077,#2078,#594,.T.);
#3380=EDGE_CURVE('',#2077,#2079,#599,.T.);
#3395=EDGE_CURVE('',#2060,#2081,#651,.T.);
#3397=EDGE_CURVE('',#2081,#2077,#1245,.T.);
#3407=EDGE_CURVE('',#2084,#2081,#656,.T.);
#3411=EDGE_CURVE('',#2049,#2092,#783,.T.);
#3413=EDGE_CURVE('',#2092,#2088,#684,.T.);
#3415=EDGE_CURVE('',#2088,#2084,#670,.T.);
#3426=EDGE_CURVE('',#2084,#2086,#661,.T.);
#3428=EDGE_CURVE('',#2086,#2082,#666,.T.);
#3430=EDGE_CURVE('',#2081,#2082,#1250,.T.);
#3441=EDGE_CURVE('',#2088,#2090,#675,.T.);
#3443=EDGE_CURVE('',#2090,#2086,#679,.T.);
#3455=EDGE_CURVE('',#2092,#2094,#689,.T.);
#3457=EDGE_CURVE('',#2094,#2090,#694,.T.);
#3628=EDGE_CURVE('',#2095,#2092,#734,.T.);
#3630=EDGE_CURVE('',#2095,#2096,#739,.T.);
#3632=EDGE_CURVE('',#2096,#2094,#779,.T.);
#3646=EDGE_CURVE('',#2050,#2098,#792,.T.);
#3648=EDGE_CURVE('',#2098,#2095,#871,.T.);
#3658=EDGE_CURVE('',#2119,#2146,#804,.T.);
#3660=EDGE_CURVE('',#2120,#2119,#1570,.T.);
#3662=EDGE_CURVE('',#2072,#2120,#1496,.T.);
#3665=EDGE_CURVE('',#2075,#2122,#965,.T.);
#3667=EDGE_CURVE('',#2124,#2122,#961,.T.);
#3669=EDGE_CURVE('',#2097,#2124,#796,.T.);
#3671=EDGE_CURVE('',#2098,#2097,#882,.T.);
#3675=EDGE_CURVE('',#2042,#2040,#1807,.T.);
#3678=EDGE_CURVE('',#2031,#2032,#1957,.T.);
#3681=EDGE_CURVE('',#2027,#2144,#1672,.T.);
#3683=EDGE_CURVE('',#2146,#2144,#1760,.T.);
#3693=EDGE_CURVE('',#2097,#2096,#836,.T.);
#3696=EDGE_CURVE('',#2123,#2124,#950,.T.);
#3698=EDGE_CURVE('',#2123,#2096,#800,.T.);
#3708=EDGE_CURVE('',#2119,#2118,#1524,.T.);
#3711=EDGE_CURVE('',#2145,#2146,#1749,.T.);
#3713=EDGE_CURVE('',#2145,#2118,#808,.T.);
#3999=EDGE_CURVE('',#2121,#2122,#917,.T.);
#4001=EDGE_CURVE('',#2121,#2123,#922,.T.);
#4016=EDGE_CURVE('',#2076,#2125,#974,.T.);
#4018=EDGE_CURVE('',#2125,#2121,#1338,.T.);
#4028=EDGE_CURVE('',#2128,#2125,#979,.T.);
#4032=EDGE_CURVE('',#2067,#2136,#1106,.T.);
#4034=EDGE_CURVE('',#2136,#2132,#1007,.T.);
#4036=EDGE_CURVE('',#2132,#2128,#993,.T.);
#4047=EDGE_CURVE('',#2128,#2130,#984,.T.);
#4049=EDGE_CURVE('',#2130,#2126,#989,.T.);
#4051=EDGE_CURVE('',#2125,#2126,#1343,.T.);
#4062=EDGE_CURVE('',#2132,#2134,#998,.T.);
#4064=EDGE_CURVE('',#2134,#2130,#1002,.T.);
#4076=EDGE_CURVE('',#2136,#2138,#1012,.T.);
#4078=EDGE_CURVE('',#2138,#2134,#1017,.T.);
#4249=EDGE_CURVE('',#2139,#2136,#1057,.T.);
#4251=EDGE_CURVE('',#2139,#2140,#1062,.T.);
#4253=EDGE_CURVE('',#2140,#2138,#1102,.T.);
#4268=EDGE_CURVE('',#2142,#2139,#1178,.T.);
#4422=EDGE_CURVE('',#2082,#2079,#1290,.T.);
#4425=EDGE_CURVE('',#2086,#2134,#1193,.T.);
#4440=EDGE_CURVE('',#2108,#2156,#1201,.T.);
#4442=EDGE_CURVE('',#2160,#2156,#1803,.T.);
#4627=EDGE_CURVE('',#2130,#2090,#1294,.T.);
#4639=EDGE_CURVE('',#2112,#2108,#1583,.T.);
#4641=EDGE_CURVE('',#2152,#2112,#1298,.T.);
#4643=EDGE_CURVE('',#2156,#2152,#1788,.T.);
#4657=EDGE_CURVE('',#2126,#2123,#1383,.T.);
#4669=EDGE_CURVE('',#2116,#2112,#1398,.T.);
#4671=EDGE_CURVE('',#2118,#2116,#1483,.T.);
#4674=EDGE_CURVE('',#2148,#2145,#1668,.T.);
#4676=EDGE_CURVE('',#2152,#2148,#1775,.T.);
#4860=EDGE_CURVE('',#2114,#2116,#1393,.T.);
#4863=EDGE_CURVE('',#2110,#2112,#1579,.T.);
#5033=EDGE_CURVE('',#2117,#2114,#1438,.T.);
#5035=EDGE_CURVE('',#2117,#2118,#1443,.T.);
#5051=EDGE_CURVE('',#2120,#2117,#1559,.T.);
#5377=EDGE_CURVE('',#2147,#2143,#1623,.T.);
#5379=EDGE_CURVE('',#2147,#2148,#1628,.T.);
#5382=EDGE_CURVE('',#2143,#2145,#1721,.T.);
#5392=EDGE_CURVE('',#2143,#2144,#1716,.T.);
#5396=EDGE_CURVE('',#2028,#2147,#1681,.T.);
#5551=EDGE_CURVE('',#2150,#2147,#1765,.T.);
#5556=EDGE_CURVE('',#2158,#2154,#1793,.T.);
#5558=EDGE_CURVE('',#2154,#2150,#1779,.T.);
#5569=EDGE_CURVE('',#2150,#2152,#1770,.T.);
#5582=EDGE_CURVE('',#2154,#2156,#1784,.T.);
#5608=EDGE_CURVE('',#2044,#2046,#1816,.T.);
#5619=EDGE_CURVE('',#2176,#2179,#1825,.T.);
#5621=EDGE_CURVE('',#2179,#2194,#1829,.T.);
#5623=EDGE_CURVE('',#2191,#2194,#1833,.T.);
#5628=EDGE_CURVE('',#2054,#2056,#1948,.T.);
#5640=EDGE_CURVE('',#2173,#2177,#1848,.T.);
#5642=EDGE_CURVE('',#2171,#2173,#1852,.T.);
#5644=EDGE_CURVE('',#2169,#2171,#1856,.T.);
#5646=EDGE_CURVE('',#2168,#2169,#1866,.T.);
#5648=EDGE_CURVE('',#2167,#2168,#1870,.T.);
#5650=EDGE_CURVE('',#2179,#2167,#1874,.T.);
#5662=EDGE_CURVE('',#2188,#2192,#1919,.T.);
#5664=EDGE_CURVE('',#2173,#2188,#1878,.T.);
#5677=EDGE_CURVE('',#2194,#2182,#1882,.T.);
#5679=EDGE_CURVE('',#2182,#2183,#1886,.T.);
#5681=EDGE_CURVE('',#2183,#2184,#1896,.T.);
#5683=EDGE_CURVE('',#2184,#2186,#1900,.T.);
#5685=EDGE_CURVE('',#2186,#2188,#1904,.T.);
#5698=EDGE_CURVE('',#2167,#2182,#1923,.T.);
#5710=EDGE_CURVE('',#2168,#2183,#1927,.T.);
#5723=EDGE_CURVE('',#2169,#2184,#1931,.T.);
#5736=EDGE_CURVE('',#2171,#2186,#1935,.T.);
#5797=(LENGTH_UNIT()NAMED_UNIT(*)SI_UNIT(.MILLI.,.METRE.));
#5799=(NAMED_UNIT(*)PLANE_ANGLE_UNIT()SI_UNIT($,.RADIAN.));
#5802=(NAMED_UNIT(*)SI_UNIT($,.STERADIAN.)SOLID_ANGLE_UNIT());
#5805=ADVANCED_BREP_SHAPE_REPRESENTATION('',(#5796),#5804);
#5812=PRODUCT_DEFINITION('design','',#5811,#5808);
#5813=PRODUCT_DEFINITION_SHAPE('','SHAPE FOR C61036-A0263-C140-01-7606.',#5812);
#5814=SHAPE_DEFINITION_REPRESENTATION(#5813,#5805);
ENDSEC;
END-ISO-10303-21;
