ISO-10303-21;
HEADER;
FILE_DESCRIPTION((''),'2;1');
FILE_NAME('C61036-A0263-C200-01-7606','2018-08-15T',('ed6166'),(''),
'PRO/ENGINEER BY PARAMETRIC TECHNOLOGY CORPORATION, 2014000',
'PRO/ENGINEER BY PARAMETRIC TECHNOLOGY CORPORATION, 2014000','');
FILE_SCHEMA(('CONFIG_CONTROL_DESIGN'));
ENDSEC;
DATA;
#1=DIRECTION('',(-9.868833507635E-1,0.E0,-1.614349775785E-1));
#2=VECTOR('',#1,3.000043007857E-1);
#3=CARTESIAN_POINT('',(3.080280837688E-1,1.15E0,-3.668562986434E0));
#4=LINE('',#3,#2);
#5=DIRECTION('',(5.E-1,0.E0,-8.660254037844E-1));
#6=VECTOR('',#5,2.309401076758E-1);
#7=CARTESIAN_POINT('',(2.863438597450E0,1.15E0,-4.75E0));
#8=LINE('',#7,#6);
#9=CARTESIAN_POINT('',(2.257220814801E0,1.15E0,-5.1E0));
#10=DIRECTION('',(0.E0,1.E0,0.E0));
#11=DIRECTION('',(-6.306069616634E-1,0.E0,7.761023514342E-1));
#12=AXIS2_PLACEMENT_3D('',#9,#10,#11);
#14=DIRECTION('',(7.761023514342E-1,0.E0,6.306069616634E-1));
#15=VECTOR('',#14,4.898979485566E-1);
#16=CARTESIAN_POINT('',(1.435584991799E0,1.15E0,-4.865661410861E0));
#17=LINE('',#16,#15);
#18=CARTESIAN_POINT('',(1.057220814801E0,1.15E0,-4.4E0));
#19=DIRECTION('',(0.E0,-1.E0,0.E0));
#20=DIRECTION('',(-9.786345413644E-1,0.E0,-2.056074766355E-1));
#21=AXIS2_PLACEMENT_3D('',#18,#19,#20);
#23=CARTESIAN_POINT('',(2.2E1,1.15E0,0.E0));
#24=DIRECTION('',(0.E0,-1.E0,0.E0));
#25=DIRECTION('',(-9.859987234651E-1,0.E0,-1.667528630197E-1));
#26=AXIS2_PLACEMENT_3D('',#23,#24,#25);
#28=DIRECTION('',(9.868833507635E-1,0.E0,1.614349775785E-1));
#29=VECTOR('',#28,3.001125766257E-1);
#30=CARTESIAN_POINT('',(-9.728490109136E-2,1.15E0,-3.E0));
#31=LINE('',#30,#29);
#32=CARTESIAN_POINT('',(2.2E1,1.15E0,0.E0));
#33=DIRECTION('',(0.E0,-1.E0,0.E0));
#34=DIRECTION('',(-9.959700817334E-1,0.E0,-8.968609865471E-2));
#35=AXIS2_PLACEMENT_3D('',#32,#33,#34);
#37=DIRECTION('',(-9.959700817334E-1,0.E0,-8.968609865471E-2));
#38=VECTOR('',#37,3.E-1);
#39=CARTESIAN_POINT('',(8.865820186451E-2,1.15E0,-1.973094170404E0));
#40=LINE('',#39,#38);
#41=DIRECTION('',(9.868833507635E-1,0.E0,-1.614349775785E-1));
#42=VECTOR('',#41,3.001125766257E-1);
#43=CARTESIAN_POINT('',(-9.728490109136E-2,1.15E0,3.E0));
#44=LINE('',#43,#42);
#45=DIRECTION('',(-9.959700817334E-1,0.E0,8.968609865471E-2));
#46=VECTOR('',#45,3.E-1);
#47=CARTESIAN_POINT('',(8.865820186451E-2,1.15E0,1.973094170404E0));
#48=LINE('',#47,#46);
#49=CARTESIAN_POINT('',(2.2E1,1.15E0,0.E0));
#50=DIRECTION('',(0.E0,1.E0,0.E0));
#51=DIRECTION('',(-9.959700817334E-1,0.E0,8.968609865471E-2));
#52=AXIS2_PLACEMENT_3D('',#49,#50,#51);
#54=DIRECTION('',(-9.868833507635E-1,0.E0,1.614349775785E-1));
#55=VECTOR('',#54,3.000043007857E-1);
#56=CARTESIAN_POINT('',(3.080280837688E-1,1.15E0,3.668562986434E0));
#57=LINE('',#56,#55);
#58=CARTESIAN_POINT('',(2.2E1,1.15E0,0.E0));
#59=DIRECTION('',(0.E0,1.E0,0.E0));
#60=DIRECTION('',(-9.859987234651E-1,0.E0,1.667528630197E-1));
#61=AXIS2_PLACEMENT_3D('',#58,#59,#60);
#63=CARTESIAN_POINT('',(1.057220814801E0,1.15E0,4.4E0));
#64=DIRECTION('',(0.E0,1.E0,0.E0));
#65=DIRECTION('',(-9.786345413644E-1,0.E0,2.056074766355E-1));
#66=AXIS2_PLACEMENT_3D('',#63,#64,#65);
#68=DIRECTION('',(7.761023514342E-1,0.E0,-6.306069616634E-1));
#69=VECTOR('',#68,4.898979485566E-1);
#70=CARTESIAN_POINT('',(1.435584991799E0,1.15E0,4.865661410861E0));
#71=LINE('',#70,#69);
#72=CARTESIAN_POINT('',(2.257220814801E0,1.15E0,5.1E0));
#73=DIRECTION('',(0.E0,-1.E0,0.E0));
#74=DIRECTION('',(-6.306069616634E-1,0.E0,-7.761023514342E-1));
#75=AXIS2_PLACEMENT_3D('',#72,#73,#74);
#77=DIRECTION('',(5.E-1,0.E0,8.660254037844E-1));
#78=VECTOR('',#77,2.309401076758E-1);
#79=CARTESIAN_POINT('',(2.863438597450E0,1.15E0,4.75E0));
#80=LINE('',#79,#78);
#81=DIRECTION('',(9.980273732804E-1,0.E0,6.278026905832E-2));
#82=VECTOR('',#81,3.000043007857E-1);
#83=CARTESIAN_POINT('',(-2.631414458006E-1,1.15E0,-1.281613422322E0));
#84=LINE('',#83,#82);
#85=DIRECTION('',(9.980273732804E-1,0.E0,-6.278026905829E-2));
#86=VECTOR('',#85,3.000043007857E-1);
#87=CARTESIAN_POINT('',(-2.631414458006E-1,1.15E0,1.281613422322E0));
#88=LINE('',#87,#86);
#89=DIRECTION('',(-9.868833507635E-1,0.E0,-1.614349775785E-1));
#90=VECTOR('',#89,3.000004305147E-1);
#91=CARTESIAN_POINT('',(2.825401438063E-1,1.075E0,-3.514532315204E0));
#92=LINE('',#91,#90);
#93=CARTESIAN_POINT('',(2.581456442770E-1,1.E0,-3.360322778325E0));
#94=CARTESIAN_POINT('',(2.590545153119E-1,1.E0,-3.366203327002E0));
#95=CARTESIAN_POINT('',(2.608796039118E-1,1.000530830085E0,-3.377980298073E0));
#96=CARTESIAN_POINT('',(2.636221772024E-1,1.002934792852E0,-3.395582974581E0));
#97=CARTESIAN_POINT('',(2.663322255724E-1,1.006927600281E0,-3.412885037143E0));
#98=CARTESIAN_POINT('',(2.689723707676E-1,1.012429994003E0,-3.429654736550E0));
#99=CARTESIAN_POINT('',(2.715520473696E-1,1.019459806521E0,-3.445959559370E0));
#100=CARTESIAN_POINT('',(2.740404963506E-1,1.027966281646E0,-3.461612773952E0));
#101=CARTESIAN_POINT('',(2.764001150087E-1,1.037819655251E0,-3.476388628439E0));
#102=CARTESIAN_POINT('',(2.786163430445E-1,1.048942947426E0,-3.490208141104E0));
#103=CARTESIAN_POINT('',(2.806831768372E-1,1.061326148111E0,-3.503045576366E0));
#104=CARTESIAN_POINT('',(2.819425382896E-1,1.070327692630E0,-3.510839512676E0));
#105=CARTESIAN_POINT('',(2.825401438063E-1,1.075E0,-3.514532315204E0));
#107=CARTESIAN_POINT('',(-1.352528629047E-2,1.075E0,-3.562962877978E0));
#108=CARTESIAN_POINT('',(-1.412297634582E-2,1.070327693981E0,
-3.559270090375E0));
#109=CARTESIAN_POINT('',(-1.538254154926E-2,1.061326151506E0,
-3.551476189451E0));
#110=CARTESIAN_POINT('',(-1.744980894872E-2,1.048942952214E0,
-3.538638827470E0));
#111=CARTESIAN_POINT('',(-1.966661830235E-2,1.037819659729E0,
-3.524819410684E0));
#112=CARTESIAN_POINT('',(-2.202698947271E-2,1.027966284891E0,
-3.510043678633E0));
#113=CARTESIAN_POINT('',(-2.451638362319E-2,1.019459808195E0,
-3.494390616755E0));
#114=CARTESIAN_POINT('',(-2.709720678807E-2,1.012429994352E0,
-3.478085978963E0));
#115=CARTESIAN_POINT('',(-2.973870265986E-2,1.006927599819E0,
-3.461316497866E0));
#116=CARTESIAN_POINT('',(-3.245032668593E-2,1.002934792276E0,
-3.444014691411E0));
#117=CARTESIAN_POINT('',(-3.519469355438E-2,1.000530829854E0,
-3.426412308339E0));
#118=CARTESIAN_POINT('',(-3.702111049707E-2,1.E0,-3.414635556295E0));
#119=CARTESIAN_POINT('',(-3.793067676356E-2,1.E0,-3.408755122646E0));
#121=CARTESIAN_POINT('',(2.2E1,1.15E0,0.E0));
#122=DIRECTION('',(0.E0,-1.E0,0.E0));
#123=DIRECTION('',(-9.983513155234E-1,0.E0,5.739904870908E-2));
#124=AXIS2_PLACEMENT_3D('',#121,#122,#123);
#126=CARTESIAN_POINT('',(3.627105848532E-2,1.15E0,-1.262779071600E0));
#127=CARTESIAN_POINT('',(3.661383645947E-2,1.15E0,-1.268741066600E0));
#128=CARTESIAN_POINT('',(3.730176522288E-2,1.149468306783E0,-1.280621945618E0));
#129=CARTESIAN_POINT('',(3.834661699399E-2,1.147062319173E0,-1.298416439583E0));
#130=CARTESIAN_POINT('',(3.938598606251E-2,1.143073713817E0,-1.315876590762E0));
#131=CARTESIAN_POINT('',(4.040907044013E-2,1.137566961155E0,-1.332839084132E0));
#132=CARTESIAN_POINT('',(4.141727749086E-2,1.130521277678E0,-1.349345280276E0));
#133=CARTESIAN_POINT('',(4.239442015754E-2,1.122015981496E0,-1.365150565450E0));
#134=CARTESIAN_POINT('',(4.332546579934E-2,1.112192577386E0,-1.380041043811E0));
#135=CARTESIAN_POINT('',(4.421124693036E-2,1.101031132109E0,-1.394059394530E0));
#136=CARTESIAN_POINT('',(4.504031210856E-2,1.088619777128E0,-1.407052375700E0));
#137=CARTESIAN_POINT('',(4.554482766933E-2,1.079661850524E0,-1.414889401147E0));
#138=CARTESIAN_POINT('',(4.578550670909E-2,1.075E0,-1.418614106294E0));
#140=CARTESIAN_POINT('',(2.2E1,1.E0,0.E0));
#141=DIRECTION('',(0.E0,-1.E0,0.E0));
#142=DIRECTION('',(-9.974361026070E-1,0.E0,-7.156270827835E-2));
#143=AXIS2_PLACEMENT_3D('',#140,#141,#142);
#145=CARTESIAN_POINT('',(2.2E1,1.E0,0.E0));
#146=DIRECTION('',(0.E0,-1.E0,0.E0));
#147=DIRECTION('',(-9.897398545347E-1,0.E0,-1.428811406225E-1));
#148=AXIS2_PLACEMENT_3D('',#145,#146,#147);
#150=CARTESIAN_POINT('',(2.825401438063E-1,1.075E0,-3.514532315204E0));
#151=CARTESIAN_POINT('',(2.831365789065E-1,1.079663156608E0,-3.518217885341E0));
#152=CARTESIAN_POINT('',(2.843933747148E-1,1.088623472033E0,-3.525972236429E0));
#153=CARTESIAN_POINT('',(2.864842512214E-1,1.101037815761E0,-3.538826815763E0));
#154=CARTESIAN_POINT('',(2.887486489275E-1,1.112201441778E0,-3.552694005850E0));
#155=CARTESIAN_POINT('',(2.911635637560E-1,1.122026346332E0,-3.567421969617E0));
#156=CARTESIAN_POINT('',(2.937376803100E-1,1.130532216232E0,-3.583052332813E0));
#157=CARTESIAN_POINT('',(2.964378932181E-1,1.137577777002E0,-3.599372975320E0));
#158=CARTESIAN_POINT('',(2.992254266522E-1,1.143082560618E0,-3.616141844195E0));
#159=CARTESIAN_POINT('',(3.021027070001E-1,1.147062828213E0,-3.633367221080E0));
#160=CARTESIAN_POINT('',(3.050523489460E-1,1.149468161174E0,-3.650938608060E0));
#161=CARTESIAN_POINT('',(3.070319874562E-1,1.15E0,-3.662673134381E0));
#162=CARTESIAN_POINT('',(3.080280837688E-1,1.15E0,-3.668562986434E0));
#164=CARTESIAN_POINT('',(2.2E1,-1.15E0,0.E0));
#165=DIRECTION('',(0.E0,-1.E0,0.E0));
#166=DIRECTION('',(-9.859987234651E-1,0.E0,-1.667528630197E-1));
#167=AXIS2_PLACEMENT_3D('',#164,#165,#166);
#169=CARTESIAN_POINT('',(3.080280837688E-1,-1.15E0,-3.668562986434E0));
#170=CARTESIAN_POINT('',(3.070319874562E-1,-1.15E0,-3.662673134381E0));
#171=CARTESIAN_POINT('',(3.050523489460E-1,-1.149468161174E0,
-3.650938608060E0));
#172=CARTESIAN_POINT('',(3.021027070001E-1,-1.147062828213E0,
-3.633367221080E0));
#173=CARTESIAN_POINT('',(2.992254266522E-1,-1.143082560618E0,
-3.616141844195E0));
#174=CARTESIAN_POINT('',(2.964378932181E-1,-1.137577777002E0,
-3.599372975320E0));
#175=CARTESIAN_POINT('',(2.937376803100E-1,-1.130532216232E0,
-3.583052332813E0));
#176=CARTESIAN_POINT('',(2.911635637560E-1,-1.122026346332E0,
-3.567421969617E0));
#177=CARTESIAN_POINT('',(2.887486489275E-1,-1.112201441778E0,
-3.552694005850E0));
#178=CARTESIAN_POINT('',(2.864842512214E-1,-1.101037815761E0,
-3.538826815763E0));
#179=CARTESIAN_POINT('',(2.843933747148E-1,-1.088623472033E0,
-3.525972236429E0));
#180=CARTESIAN_POINT('',(2.831365789065E-1,-1.079663156608E0,
-3.518217885341E0));
#181=CARTESIAN_POINT('',(2.825401438064E-1,-1.075E0,-3.514532315205E0));
#183=CARTESIAN_POINT('',(2.2E1,-1.E0,0.E0));
#184=DIRECTION('',(0.E0,-1.E0,0.E0));
#185=DIRECTION('',(-9.897398545347E-1,0.E0,-1.428811406225E-1));
#186=AXIS2_PLACEMENT_3D('',#183,#184,#185);
#188=CARTESIAN_POINT('',(2.2E1,-1.15E0,0.E0));
#189=DIRECTION('',(0.E0,-1.E0,0.E0));
#190=DIRECTION('',(-9.959700817334E-1,0.E0,-8.968609865471E-2));
#191=AXIS2_PLACEMENT_3D('',#188,#189,#190);
#193=CARTESIAN_POINT('',(2.2E1,-1.E0,0.E0));
#194=DIRECTION('',(0.E0,-1.E0,0.E0));
#195=DIRECTION('',(-9.974361026070E-1,0.E0,-7.156270827835E-2));
#196=AXIS2_PLACEMENT_3D('',#193,#194,#195);
#198=CARTESIAN_POINT('',(4.578550670908E-2,-1.075E0,-1.418614106294E0));
#199=CARTESIAN_POINT('',(4.554482766933E-2,-1.079661850524E0,
-1.414889401147E0));
#200=CARTESIAN_POINT('',(4.504031210856E-2,-1.088619777128E0,
-1.407052375700E0));
#201=CARTESIAN_POINT('',(4.421124693036E-2,-1.101031132109E0,
-1.394059394530E0));
#202=CARTESIAN_POINT('',(4.332546579934E-2,-1.112192577386E0,
-1.380041043811E0));
#203=CARTESIAN_POINT('',(4.239442015754E-2,-1.122015981496E0,
-1.365150565450E0));
#204=CARTESIAN_POINT('',(4.141727749086E-2,-1.130521277678E0,
-1.349345280276E0));
#205=CARTESIAN_POINT('',(4.040907044012E-2,-1.137566961155E0,
-1.332839084132E0));
#206=CARTESIAN_POINT('',(3.938598606252E-2,-1.143073713817E0,
-1.315876590762E0));
#207=CARTESIAN_POINT('',(3.834661699399E-2,-1.147062319173E0,
-1.298416439583E0));
#208=CARTESIAN_POINT('',(3.730176522288E-2,-1.149468306783E0,
-1.280621945618E0));
#209=CARTESIAN_POINT('',(3.661383645947E-2,-1.15E0,-1.268741066600E0));
#210=CARTESIAN_POINT('',(3.627105848532E-2,-1.15E0,-1.262779071600E0));
#212=CARTESIAN_POINT('',(2.2E1,-1.15E0,0.E0));
#213=DIRECTION('',(0.E0,1.E0,0.E0));
#214=DIRECTION('',(-9.983513155234E-1,0.E0,-5.739904870908E-2));
#215=AXIS2_PLACEMENT_3D('',#212,#213,#214);
#217=CARTESIAN_POINT('',(4.578550670908E-2,-1.075E0,1.418614106294E0));
#218=CARTESIAN_POINT('',(4.554482766933E-2,-1.079661850524E0,1.414889401147E0));
#219=CARTESIAN_POINT('',(4.504031210856E-2,-1.088619777128E0,1.407052375700E0));
#220=CARTESIAN_POINT('',(4.421124693036E-2,-1.101031132109E0,1.394059394530E0));
#221=CARTESIAN_POINT('',(4.332546579934E-2,-1.112192577386E0,1.380041043811E0));
#222=CARTESIAN_POINT('',(4.239442015754E-2,-1.122015981496E0,1.365150565450E0));
#223=CARTESIAN_POINT('',(4.141727749087E-2,-1.130521277678E0,1.349345280277E0));
#224=CARTESIAN_POINT('',(4.040907044013E-2,-1.137566961155E0,1.332839084132E0));
#225=CARTESIAN_POINT('',(3.938598606251E-2,-1.143073713817E0,1.315876590762E0));
#226=CARTESIAN_POINT('',(3.834661699399E-2,-1.147062319173E0,1.298416439583E0));
#227=CARTESIAN_POINT('',(3.730176522288E-2,-1.149468306783E0,1.280621945618E0));
#228=CARTESIAN_POINT('',(3.661383645947E-2,-1.15E0,1.268741066600E0));
#229=CARTESIAN_POINT('',(3.627105848532E-2,-1.15E0,1.262779071600E0));
#231=CARTESIAN_POINT('',(2.2E1,-1.E0,0.E0));
#232=DIRECTION('',(0.E0,1.E0,0.E0));
#233=DIRECTION('',(-9.974361026070E-1,0.E0,7.156270827835E-2));
#234=AXIS2_PLACEMENT_3D('',#231,#232,#233);
#236=CARTESIAN_POINT('',(2.2E1,-1.15E0,0.E0));
#237=DIRECTION('',(0.E0,1.E0,0.E0));
#238=DIRECTION('',(-9.959700817334E-1,0.E0,8.968609865471E-2));
#239=AXIS2_PLACEMENT_3D('',#236,#237,#238);
#241=CARTESIAN_POINT('',(2.2E1,-1.E0,0.E0));
#242=DIRECTION('',(0.E0,1.E0,0.E0));
#243=DIRECTION('',(-9.897398545347E-1,0.E0,1.428811406225E-1));
#244=AXIS2_PLACEMENT_3D('',#241,#242,#243);
#246=CARTESIAN_POINT('',(3.080280837688E-1,-1.15E0,3.668562986434E0));
#247=CARTESIAN_POINT('',(3.070319874562E-1,-1.15E0,3.662673134381E0));
#248=CARTESIAN_POINT('',(3.050523489460E-1,-1.149468161174E0,3.650938608060E0));
#249=CARTESIAN_POINT('',(3.021027070001E-1,-1.147062828213E0,3.633367221080E0));
#250=CARTESIAN_POINT('',(2.992254266522E-1,-1.143082560618E0,3.616141844195E0));
#251=CARTESIAN_POINT('',(2.964378932181E-1,-1.137577777002E0,3.599372975320E0));
#252=CARTESIAN_POINT('',(2.937376803100E-1,-1.130532216232E0,3.583052332813E0));
#253=CARTESIAN_POINT('',(2.911635637560E-1,-1.122026346332E0,3.567421969617E0));
#254=CARTESIAN_POINT('',(2.887486489274E-1,-1.112201441778E0,3.552694005850E0));
#255=CARTESIAN_POINT('',(2.864842512214E-1,-1.101037815761E0,3.538826815763E0));
#256=CARTESIAN_POINT('',(2.843933747148E-1,-1.088623472033E0,3.525972236429E0));
#257=CARTESIAN_POINT('',(2.831365789065E-1,-1.079663156608E0,3.518217885341E0));
#258=CARTESIAN_POINT('',(2.825401438064E-1,-1.075E0,3.514532315205E0));
#260=CARTESIAN_POINT('',(2.2E1,-1.15E0,0.E0));
#261=DIRECTION('',(0.E0,1.E0,0.E0));
#262=DIRECTION('',(-9.859987234651E-1,0.E0,1.667528630197E-1));
#263=AXIS2_PLACEMENT_3D('',#260,#261,#262);
#265=CARTESIAN_POINT('',(2.825401438063E-1,1.075E0,3.514532315204E0));
#266=CARTESIAN_POINT('',(2.831365789065E-1,1.079663156608E0,3.518217885341E0));
#267=CARTESIAN_POINT('',(2.843933747147E-1,1.088623472033E0,3.525972236429E0));
#268=CARTESIAN_POINT('',(2.864842512214E-1,1.101037815761E0,3.538826815763E0));
#269=CARTESIAN_POINT('',(2.887486489274E-1,1.112201441778E0,3.552694005850E0));
#270=CARTESIAN_POINT('',(2.911635637560E-1,1.122026346332E0,3.567421969617E0));
#271=CARTESIAN_POINT('',(2.937376803100E-1,1.130532216232E0,3.583052332813E0));
#272=CARTESIAN_POINT('',(2.964378932181E-1,1.137577777002E0,3.599372975320E0));
#273=CARTESIAN_POINT('',(2.992254266522E-1,1.143082560618E0,3.616141844195E0));
#274=CARTESIAN_POINT('',(3.021027070001E-1,1.147062828213E0,3.633367221080E0));
#275=CARTESIAN_POINT('',(3.050523489460E-1,1.149468161174E0,3.650938608060E0));
#276=CARTESIAN_POINT('',(3.070319874562E-1,1.15E0,3.662673134381E0));
#277=CARTESIAN_POINT('',(3.080280837688E-1,1.15E0,3.668562986434E0));
#279=CARTESIAN_POINT('',(2.2E1,1.E0,0.E0));
#280=DIRECTION('',(0.E0,1.E0,0.E0));
#281=DIRECTION('',(-9.897398545347E-1,0.E0,1.428811406225E-1));
#282=AXIS2_PLACEMENT_3D('',#279,#280,#281);
#284=CARTESIAN_POINT('',(2.2E1,1.E0,0.E0));
#285=DIRECTION('',(0.E0,1.E0,0.E0));
#286=DIRECTION('',(-9.974361026070E-1,0.E0,7.156270827835E-2));
#287=AXIS2_PLACEMENT_3D('',#284,#285,#286);
#289=CARTESIAN_POINT('',(3.627105848532E-2,1.15E0,1.262779071600E0));
#290=CARTESIAN_POINT('',(3.661383645947E-2,1.15E0,1.268741066600E0));
#291=CARTESIAN_POINT('',(3.730176522288E-2,1.149468306783E0,1.280621945618E0));
#292=CARTESIAN_POINT('',(3.834661699399E-2,1.147062319173E0,1.298416439583E0));
#293=CARTESIAN_POINT('',(3.938598606251E-2,1.143073713817E0,1.315876590762E0));
#294=CARTESIAN_POINT('',(4.040907044013E-2,1.137566961155E0,1.332839084132E0));
#295=CARTESIAN_POINT('',(4.141727749087E-2,1.130521277678E0,1.349345280277E0));
#296=CARTESIAN_POINT('',(4.239442015754E-2,1.122015981496E0,1.365150565450E0));
#297=CARTESIAN_POINT('',(4.332546579934E-2,1.112192577386E0,1.380041043811E0));
#298=CARTESIAN_POINT('',(4.421124693036E-2,1.101031132109E0,1.394059394530E0));
#299=CARTESIAN_POINT('',(4.504031210856E-2,1.088619777128E0,1.407052375700E0));
#300=CARTESIAN_POINT('',(4.554482766933E-2,1.079661850524E0,1.414889401147E0));
#301=CARTESIAN_POINT('',(4.578550670909E-2,1.075E0,1.418614106294E0));
#303=DIRECTION('',(9.980273732804E-1,0.E0,6.278026905827E-2));
#304=VECTOR('',#303,3.000004305146E-1);
#305=CARTESIAN_POINT('',(-2.536231349404E-1,1.075E0,-1.437448214039E0));
#306=LINE('',#305,#304);
#307=CARTESIAN_POINT('',(-2.430139129296E-1,1.E0,-1.593214382693E0));
#308=CARTESIAN_POINT('',(-2.434390341266E-1,1.E0,-1.587279226194E0));
#309=CARTESIAN_POINT('',(-2.442857191285E-1,1.000530829854E0,
-1.575391803762E0));
#310=CARTESIAN_POINT('',(-2.455371279191E-1,1.002934792276E0,
-1.557620776348E0));
#311=CARTESIAN_POINT('',(-2.467534038604E-1,1.006927599819E0,
-1.540150055577E0));
#312=CARTESIAN_POINT('',(-2.479192932540E-1,1.012429994352E0,
-1.523213890171E0));
#313=CARTESIAN_POINT('',(-2.490406323597E-1,1.019459808195E0,
-1.506744389258E0));
#314=CARTESIAN_POINT('',(-2.501057474131E-1,1.027966284891E0,
-1.490930441005E0));
#315=CARTESIAN_POINT('',(-2.511009253972E-1,1.037819659729E0,
-1.476000496918E0));
#316=CARTESIAN_POINT('',(-2.520227192501E-1,1.048942952214E0,
-1.462034795356E0));
#317=CARTESIAN_POINT('',(-2.528712166148E-1,1.061326151506E0,
-1.449059761276E0));
#318=CARTESIAN_POINT('',(-2.533820017791E-1,1.070327693981E0,
-1.441181278261E0));
#319=CARTESIAN_POINT('',(-2.536231349404E-1,1.075E0,-1.437448214039E0));
#321=CARTESIAN_POINT('',(4.578550670909E-2,1.075E0,-1.418614106294E0));
#322=CARTESIAN_POINT('',(4.602672560822E-2,1.070327692630E0,-1.422347166206E0));
#323=CARTESIAN_POINT('',(4.653771728316E-2,1.061326148111E0,-1.430225638265E0));
#324=CARTESIAN_POINT('',(4.738665367544E-2,1.048942947426E0,-1.443200647053E0));
#325=CARTESIAN_POINT('',(4.830903558593E-2,1.037819655251E0,-1.457166312400E0));
#326=CARTESIAN_POINT('',(4.930497443261E-2,1.027966281646E0,-1.472096207974E0));
#327=CARTESIAN_POINT('',(5.037104490284E-2,1.019459806521E0,-1.487910094240E0));
#328=CARTESIAN_POINT('',(5.149354295485E-2,1.012429994003E0,-1.504379519752E0));
#329=CARTESIAN_POINT('',(5.266079768919E-2,1.006927600281E0,-1.521315596666E0));
#330=CARTESIAN_POINT('',(5.387866671341E-2,1.002934792852E0,-1.538786215605E0));
#331=CARTESIAN_POINT('',(5.513188934461E-2,1.000530830085E0,-1.556557128962E0));
#332=CARTESIAN_POINT('',(5.597991807631E-2,1.E0,-1.568444468583E0));
#333=CARTESIAN_POINT('',(5.640574264571E-2,1.E0,-1.574379582124E0));
#335=CARTESIAN_POINT('',(-2.631414458006E-1,-1.15E0,-1.281613422322E0));
#336=CARTESIAN_POINT('',(-2.627982355147E-1,-1.15E0,-1.287575391046E0));
#337=CARTESIAN_POINT('',(-2.621095102645E-1,-1.149468306634E0,
-1.299456221829E0));
#338=CARTESIAN_POINT('',(-2.610636599722E-1,-1.147062318118E0,
-1.317250656690E0));
#339=CARTESIAN_POINT('',(-2.600235007478E-1,-1.143073711172E0,
-1.334710761714E0));
#340=CARTESIAN_POINT('',(-2.589998275139E-1,-1.137566956373E0,
-1.351673221068E0));
#341=CARTESIAN_POINT('',(-2.579912169531E-1,-1.130521270680E0,
-1.368179393474E0));
#342=CARTESIAN_POINT('',(-2.570138454233E-1,-1.122015972736E0,
-1.383984664259E0));
#343=CARTESIAN_POINT('',(-2.560827244315E-1,-1.112192567891E0,
-1.398875136191E0));
#344=CARTESIAN_POINT('',(-2.551969966462E-1,-1.101031123534E0,
-1.412893486902E0));
#345=CARTESIAN_POINT('',(-2.543680892065E-1,-1.088619771598E0,
-1.425886473379E0));
#346=CARTESIAN_POINT('',(-2.538637283945E-1,-1.079661848404E0,
-1.433723505209E0));
#347=CARTESIAN_POINT('',(-2.536231349404E-1,-1.075E0,-1.437448214039E0));
#349=CARTESIAN_POINT('',(2.2E1,-1.E0,0.E0));
#350=DIRECTION('',(0.E0,-1.E0,0.E0));
#351=DIRECTION('',(-9.974445700865E-1,0.E0,-7.144459115215E-2));
#352=AXIS2_PLACEMENT_3D('',#349,#350,#351);
#354=CARTESIAN_POINT('',(2.2E1,-1.E0,0.E0));
#355=DIRECTION('',(0.E0,-1.E0,0.E0));
#356=DIRECTION('',(-9.897037345020E-1,0.E0,-1.431311213983E-1));
#357=AXIS2_PLACEMENT_3D('',#354,#355,#356);
#359=CARTESIAN_POINT('',(-1.352528629047E-2,-1.075E0,-3.562962877978E0));
#360=CARTESIAN_POINT('',(-1.292873939449E-2,-1.079663369631E0,
-3.566648602649E0));
#361=CARTESIAN_POINT('',(-1.167173072349E-2,-1.088624075275E0,
-3.574403298467E0));
#362=CARTESIAN_POINT('',(-9.580590338268E-3,-1.101038907993E0,
-3.587258514322E0));
#363=CARTESIAN_POINT('',(-7.316017760055E-3,-1.112202894094E0,
-3.601126439001E0));
#364=CARTESIAN_POINT('',(-4.901046935744E-3,-1.122028034864E0,
-3.615855203324E0));
#365=CARTESIAN_POINT('',(-2.326990171697E-3,-1.130534033573E0,
-3.631486600539E0));
#366=CARTESIAN_POINT('',(3.729026771420E-4,-1.137579448212E0,
-3.647807772767E0));
#367=CARTESIAN_POINT('',(3.160276869753E-3,-1.143084375876E0,
-3.664579252285E0));
#368=CARTESIAN_POINT('',(6.035884069784E-3,-1.147062926241E0,
-3.681799385169E0));
#369=CARTESIAN_POINT('',(8.984297659390E-3,-1.149468148469E0,
-3.699369497495E0));
#370=CARTESIAN_POINT('',(1.096312033171E-2,-1.15E0,-3.711103985387E0));
#371=CARTESIAN_POINT('',(1.195883416595E-2,-1.15E0,-3.716994174005E0));
#373=CARTESIAN_POINT('',(2.2E1,1.15E0,0.E0));
#374=DIRECTION('',(0.E0,-1.E0,0.E0));
#375=DIRECTION('',(-9.860108146114E-1,0.E0,-1.666813530944E-1));
#376=AXIS2_PLACEMENT_3D('',#373,#374,#375);
#378=CARTESIAN_POINT('',(1.195883416595E-2,1.15E0,-3.716994174005E0));
#379=CARTESIAN_POINT('',(1.096312033171E-2,1.15E0,-3.711103985387E0));
#380=CARTESIAN_POINT('',(8.984297659390E-3,1.149468148469E0,-3.699369497495E0));
#381=CARTESIAN_POINT('',(6.035884069784E-3,1.147062926241E0,-3.681799385169E0));
#382=CARTESIAN_POINT('',(3.160276869753E-3,1.143084375876E0,-3.664579252285E0));
#383=CARTESIAN_POINT('',(3.729026771420E-4,1.137579448212E0,-3.647807772767E0));
#384=CARTESIAN_POINT('',(-2.326990171697E-3,1.130534033573E0,
-3.631486600539E0));
#385=CARTESIAN_POINT('',(-4.901046935744E-3,1.122028034864E0,
-3.615855203324E0));
#386=CARTESIAN_POINT('',(-7.316017760055E-3,1.112202894094E0,
-3.601126439001E0));
#387=CARTESIAN_POINT('',(-9.580590338268E-3,1.101038907993E0,
-3.587258514322E0));
#388=CARTESIAN_POINT('',(-1.167173072349E-2,1.088624075275E0,
-3.574403298467E0));
#389=CARTESIAN_POINT('',(-1.292873939449E-2,1.079663369631E0,
-3.566648602649E0));
#390=CARTESIAN_POINT('',(-1.352528629047E-2,1.075E0,-3.562962877978E0));
#392=CARTESIAN_POINT('',(2.2E1,1.E0,0.E0));
#393=DIRECTION('',(0.E0,-1.E0,0.E0));
#394=DIRECTION('',(-9.897037345020E-1,0.E0,-1.431311213983E-1));
#395=AXIS2_PLACEMENT_3D('',#392,#393,#394);
#397=CARTESIAN_POINT('',(2.2E1,1.15E0,0.E0));
#398=DIRECTION('',(0.E0,-1.E0,0.E0));
#399=DIRECTION('',(-9.959700817334E-1,0.E0,-8.968609865471E-2));
#400=AXIS2_PLACEMENT_3D('',#397,#398,#399);
#402=CARTESIAN_POINT('',(2.2E1,1.E0,0.E0));
#403=DIRECTION('',(0.E0,-1.E0,0.E0));
#404=DIRECTION('',(-9.974445700865E-1,0.E0,-7.144459115215E-2));
#405=AXIS2_PLACEMENT_3D('',#402,#403,#404);
#407=CARTESIAN_POINT('',(-2.536231349404E-1,1.075E0,-1.437448214039E0));
#408=CARTESIAN_POINT('',(-2.538637283945E-1,1.079661848404E0,
-1.433723505209E0));
#409=CARTESIAN_POINT('',(-2.543680892065E-1,1.088619771598E0,
-1.425886473379E0));
#410=CARTESIAN_POINT('',(-2.551969966462E-1,1.101031123534E0,
-1.412893486902E0));
#411=CARTESIAN_POINT('',(-2.560827244315E-1,1.112192567891E0,
-1.398875136191E0));
#412=CARTESIAN_POINT('',(-2.570138454233E-1,1.122015972736E0,
-1.383984664259E0));
#413=CARTESIAN_POINT('',(-2.579912169531E-1,1.130521270680E0,
-1.368179393474E0));
#414=CARTESIAN_POINT('',(-2.589998275139E-1,1.137566956373E0,
-1.351673221068E0));
#415=CARTESIAN_POINT('',(-2.600235007478E-1,1.143073711172E0,
-1.334710761714E0));
#416=CARTESIAN_POINT('',(-2.610636599722E-1,1.147062318118E0,
-1.317250656690E0));
#417=CARTESIAN_POINT('',(-2.621095102645E-1,1.149468306634E0,
-1.299456221829E0));
#418=CARTESIAN_POINT('',(-2.627982355147E-1,1.15E0,-1.287575391046E0));
#419=CARTESIAN_POINT('',(-2.631414458006E-1,1.15E0,-1.281613422322E0));
#421=CARTESIAN_POINT('',(2.2E1,1.15E0,0.E0));
#422=DIRECTION('',(0.E0,1.E0,0.E0));
#423=DIRECTION('',(-9.983471500359E-1,0.E0,-5.747145391578E-2));
#424=AXIS2_PLACEMENT_3D('',#421,#422,#423);
#426=CARTESIAN_POINT('',(-2.536231349404E-1,1.075E0,1.437448214039E0));
#427=CARTESIAN_POINT('',(-2.538637283945E-1,1.079661848404E0,1.433723505209E0));
#428=CARTESIAN_POINT('',(-2.543680892065E-1,1.088619771598E0,1.425886473379E0));
#429=CARTESIAN_POINT('',(-2.551969966462E-1,1.101031123534E0,1.412893486902E0));
#430=CARTESIAN_POINT('',(-2.560827244315E-1,1.112192567891E0,1.398875136192E0));
#431=CARTESIAN_POINT('',(-2.570138454233E-1,1.122015972736E0,1.383984664259E0));
#432=CARTESIAN_POINT('',(-2.579912169531E-1,1.130521270680E0,1.368179393474E0));
#433=CARTESIAN_POINT('',(-2.589998275139E-1,1.137566956373E0,1.351673221068E0));
#434=CARTESIAN_POINT('',(-2.600235007478E-1,1.143073711172E0,1.334710761714E0));
#435=CARTESIAN_POINT('',(-2.610636599722E-1,1.147062318118E0,1.317250656690E0));
#436=CARTESIAN_POINT('',(-2.621095102645E-1,1.149468306634E0,1.299456221829E0));
#437=CARTESIAN_POINT('',(-2.627982355147E-1,1.15E0,1.287575391046E0));
#438=CARTESIAN_POINT('',(-2.631414458006E-1,1.15E0,1.281613422322E0));
#440=CARTESIAN_POINT('',(2.2E1,1.E0,0.E0));
#441=DIRECTION('',(0.E0,1.E0,0.E0));
#442=DIRECTION('',(-9.974445700865E-1,0.E0,7.144459115215E-2));
#443=AXIS2_PLACEMENT_3D('',#440,#441,#442);
#445=CARTESIAN_POINT('',(2.2E1,1.15E0,0.E0));
#446=DIRECTION('',(0.E0,1.E0,0.E0));
#447=DIRECTION('',(-9.959700817334E-1,0.E0,8.968609865471E-2));
#448=AXIS2_PLACEMENT_3D('',#445,#446,#447);
#450=CARTESIAN_POINT('',(2.2E1,1.E0,0.E0));
#451=DIRECTION('',(0.E0,1.E0,0.E0));
#452=DIRECTION('',(-9.897037345020E-1,0.E0,1.431311213983E-1));
#453=AXIS2_PLACEMENT_3D('',#450,#451,#452);
#455=CARTESIAN_POINT('',(1.195883416595E-2,1.15E0,3.716994174005E0));
#456=CARTESIAN_POINT('',(1.096312033171E-2,1.15E0,3.711103985387E0));
#457=CARTESIAN_POINT('',(8.984297659391E-3,1.149468148469E0,3.699369497495E0));
#458=CARTESIAN_POINT('',(6.035884069777E-3,1.147062926241E0,3.681799385169E0));
#459=CARTESIAN_POINT('',(3.160276869759E-3,1.143084375876E0,3.664579252285E0));
#460=CARTESIAN_POINT('',(3.729026771460E-4,1.137579448212E0,3.647807772767E0));
#461=CARTESIAN_POINT('',(-2.326990171698E-3,1.130534033573E0,3.631486600539E0));
#462=CARTESIAN_POINT('',(-4.901046935745E-3,1.122028034864E0,3.615855203324E0));
#463=CARTESIAN_POINT('',(-7.316017760049E-3,1.112202894094E0,3.601126439001E0));
#464=CARTESIAN_POINT('',(-9.580590338270E-3,1.101038907993E0,3.587258514322E0));
#465=CARTESIAN_POINT('',(-1.167173072349E-2,1.088624075275E0,3.574403298467E0));
#466=CARTESIAN_POINT('',(-1.292873939449E-2,1.079663369631E0,3.566648602649E0));
#467=CARTESIAN_POINT('',(-1.352528629047E-2,1.075E0,3.562962877978E0));
#469=CARTESIAN_POINT('',(2.2E1,1.15E0,0.E0));
#470=DIRECTION('',(0.E0,1.E0,0.E0));
#471=DIRECTION('',(-9.860108146114E-1,0.E0,1.666813530944E-1));
#472=AXIS2_PLACEMENT_3D('',#469,#470,#471);
#474=CARTESIAN_POINT('',(-1.352528629047E-2,-1.075E0,3.562962877978E0));
#475=CARTESIAN_POINT('',(-1.292873939449E-2,-1.079663369631E0,
3.566648602649E0));
#476=CARTESIAN_POINT('',(-1.167173072349E-2,-1.088624075275E0,
3.574403298467E0));
#477=CARTESIAN_POINT('',(-9.580590338270E-3,-1.101038907993E0,
3.587258514322E0));
#478=CARTESIAN_POINT('',(-7.316017760049E-3,-1.112202894094E0,
3.601126439001E0));
#479=CARTESIAN_POINT('',(-4.901046935745E-3,-1.122028034864E0,
3.615855203324E0));
#480=CARTESIAN_POINT('',(-2.326990171698E-3,-1.130534033573E0,
3.631486600539E0));
#481=CARTESIAN_POINT('',(3.729026771459E-4,-1.137579448212E0,3.647807772767E0));
#482=CARTESIAN_POINT('',(3.160276869759E-3,-1.143084375876E0,3.664579252285E0));
#483=CARTESIAN_POINT('',(6.035884069777E-3,-1.147062926241E0,3.681799385169E0));
#484=CARTESIAN_POINT('',(8.984297659391E-3,-1.149468148469E0,3.699369497495E0));
#485=CARTESIAN_POINT('',(1.096312033171E-2,-1.15E0,3.711103985387E0));
#486=CARTESIAN_POINT('',(1.195883416595E-2,-1.15E0,3.716994174005E0));
#488=CARTESIAN_POINT('',(2.2E1,-1.E0,0.E0));
#489=DIRECTION('',(0.E0,1.E0,0.E0));
#490=DIRECTION('',(-9.897037345020E-1,0.E0,1.431311213983E-1));
#491=AXIS2_PLACEMENT_3D('',#488,#489,#490);
#493=CARTESIAN_POINT('',(2.2E1,-1.E0,0.E0));
#494=DIRECTION('',(0.E0,1.E0,0.E0));
#495=DIRECTION('',(-9.974445700865E-1,0.E0,7.144459115215E-2));
#496=AXIS2_PLACEMENT_3D('',#493,#494,#495);
#498=CARTESIAN_POINT('',(-2.631414458006E-1,-1.15E0,1.281613422322E0));
#499=CARTESIAN_POINT('',(-2.627982355147E-1,-1.15E0,1.287575391046E0));
#500=CARTESIAN_POINT('',(-2.621095102645E-1,-1.149468306634E0,
1.299456221829E0));
#501=CARTESIAN_POINT('',(-2.610636599722E-1,-1.147062318118E0,
1.317250656690E0));
#502=CARTESIAN_POINT('',(-2.600235007478E-1,-1.143073711172E0,
1.334710761714E0));
#503=CARTESIAN_POINT('',(-2.589998275139E-1,-1.137566956373E0,
1.351673221068E0));
#504=CARTESIAN_POINT('',(-2.579912169531E-1,-1.130521270680E0,
1.368179393474E0));
#505=CARTESIAN_POINT('',(-2.570138454233E-1,-1.122015972736E0,
1.383984664259E0));
#506=CARTESIAN_POINT('',(-2.560827244315E-1,-1.112192567891E0,
1.398875136192E0));
#507=CARTESIAN_POINT('',(-2.551969966462E-1,-1.101031123534E0,
1.412893486902E0));
#508=CARTESIAN_POINT('',(-2.543680892065E-1,-1.088619771598E0,
1.425886473379E0));
#509=CARTESIAN_POINT('',(-2.538637283945E-1,-1.079661848404E0,
1.433723505209E0));
#510=CARTESIAN_POINT('',(-2.536231349404E-1,-1.075E0,1.437448214039E0));
#512=DIRECTION('',(9.868833507635E-1,0.E0,1.614349775785E-1));
#513=VECTOR('',#512,3.000043007857E-1);
#514=CARTESIAN_POINT('',(1.195883416595E-2,-1.15E0,-3.716994174005E0));
#515=LINE('',#514,#513);
#516=DIRECTION('',(5.E-1,0.E0,-8.660254037844E-1));
#517=VECTOR('',#516,2.309401076759E-1);
#518=CARTESIAN_POINT('',(2.603630976315E0,-1.15E0,-4.9E0));
#519=LINE('',#518,#517);
#520=CARTESIAN_POINT('',(2.257220814801E0,-1.15E0,-5.1E0));
#521=DIRECTION('',(0.E0,1.E0,0.E0));
#522=DIRECTION('',(-6.306069616633E-1,0.E0,7.761023514343E-1));
#523=AXIS2_PLACEMENT_3D('',#520,#521,#522);
#525=DIRECTION('',(7.761023514342E-1,0.E0,6.306069616634E-1));
#526=VECTOR('',#525,4.898979485567E-1);
#527=CARTESIAN_POINT('',(1.624767080298E0,-1.15E0,-5.098492116291E0));
#528=LINE('',#527,#526);
#529=CARTESIAN_POINT('',(1.057220814801E0,-1.15E0,-4.4E0));
#530=DIRECTION('',(0.E0,-1.E0,0.E0));
#531=DIRECTION('',(-9.786345413644E-1,0.E0,-2.056074766355E-1));
#532=AXIS2_PLACEMENT_3D('',#529,#530,#531);
#534=CARTESIAN_POINT('',(2.2E1,-1.15E0,0.E0));
#535=DIRECTION('',(0.E0,-1.E0,0.E0));
#536=DIRECTION('',(-9.860108146114E-1,0.E0,-1.666813530944E-1));
#537=AXIS2_PLACEMENT_3D('',#534,#535,#536);
#539=DIRECTION('',(-9.868833507635E-1,0.E0,-1.614349775785E-1));
#540=VECTOR('',#539,3.001125766257E-1);
#541=CARTESIAN_POINT('',(1.988912041353E-1,-1.15E0,-2.951551332921E0));
#542=LINE('',#541,#540);
#543=CARTESIAN_POINT('',(2.2E1,-1.15E0,0.E0));
#544=DIRECTION('',(0.E0,-1.E0,0.E0));
#545=DIRECTION('',(-9.959700817334E-1,0.E0,-8.968609865471E-2));
#546=AXIS2_PLACEMENT_3D('',#543,#544,#545);
#548=DIRECTION('',(9.959700817334E-1,0.E0,8.968609865471E-2));
#549=VECTOR('',#548,3.E-1);
#550=CARTESIAN_POINT('',(-2.101328226555E-1,-1.15E0,-2.E0));
#551=LINE('',#550,#549);
#552=DIRECTION('',(-9.868833507635E-1,0.E0,1.614349775785E-1));
#553=VECTOR('',#552,3.001125766257E-1);
#554=CARTESIAN_POINT('',(1.988912041353E-1,-1.15E0,2.951551332921E0));
#555=LINE('',#554,#553);
#556=DIRECTION('',(9.959700817334E-1,0.E0,-8.968609865471E-2));
#557=VECTOR('',#556,3.E-1);
#558=CARTESIAN_POINT('',(-2.101328226555E-1,-1.15E0,2.E0));
#559=LINE('',#558,#557);
#560=CARTESIAN_POINT('',(2.2E1,-1.15E0,0.E0));
#561=DIRECTION('',(0.E0,1.E0,0.E0));
#562=DIRECTION('',(-9.959700817334E-1,0.E0,8.968609865471E-2));
#563=AXIS2_PLACEMENT_3D('',#560,#561,#562);
#565=DIRECTION('',(9.868833507635E-1,0.E0,-1.614349775785E-1));
#566=VECTOR('',#565,3.000043007857E-1);
#567=CARTESIAN_POINT('',(1.195883416595E-2,-1.15E0,3.716994174005E0));
#568=LINE('',#567,#566);
#569=CARTESIAN_POINT('',(2.2E1,-1.15E0,0.E0));
#570=DIRECTION('',(0.E0,1.E0,0.E0));
#571=DIRECTION('',(-9.860108146114E-1,0.E0,1.666813530944E-1));
#572=AXIS2_PLACEMENT_3D('',#569,#570,#571);
#574=CARTESIAN_POINT('',(1.057220814801E0,-1.15E0,4.4E0));
#575=DIRECTION('',(0.E0,1.E0,0.E0));
#576=DIRECTION('',(-9.786345413644E-1,0.E0,2.056074766355E-1));
#577=AXIS2_PLACEMENT_3D('',#574,#575,#576);
#579=DIRECTION('',(7.761023514342E-1,0.E0,-6.306069616634E-1));
#580=VECTOR('',#579,4.898979485567E-1);
#581=CARTESIAN_POINT('',(1.624767080298E0,-1.15E0,5.098492116291E0));
#582=LINE('',#581,#580);
#583=CARTESIAN_POINT('',(2.257220814801E0,-1.15E0,5.1E0));
#584=DIRECTION('',(0.E0,-1.E0,0.E0));
#585=DIRECTION('',(-6.306069616633E-1,0.E0,-7.761023514343E-1));
#586=AXIS2_PLACEMENT_3D('',#583,#584,#585);
#588=DIRECTION('',(5.E-1,0.E0,8.660254037844E-1));
#589=VECTOR('',#588,2.309401076759E-1);
#590=CARTESIAN_POINT('',(2.603630976315E0,-1.15E0,4.9E0));
#591=LINE('',#590,#589);
#592=DIRECTION('',(-9.980273732804E-1,0.E0,-6.278026905832E-2));
#593=VECTOR('',#592,3.000043007857E-1);
#594=CARTESIAN_POINT('',(3.627105848532E-2,-1.15E0,-1.262779071600E0));
#595=LINE('',#594,#593);
#596=CARTESIAN_POINT('',(2.2E1,-1.15E0,0.E0));
#597=DIRECTION('',(0.E0,1.E0,0.E0));
#598=DIRECTION('',(-9.983471500359E-1,0.E0,-5.747145391578E-2));
#599=AXIS2_PLACEMENT_3D('',#596,#597,#598);
#601=DIRECTION('',(-9.980273732804E-1,0.E0,6.278026905829E-2));
#602=VECTOR('',#601,3.000043007857E-1);
#603=CARTESIAN_POINT('',(3.627105848532E-2,-1.15E0,1.262779071600E0));
#604=LINE('',#603,#602);
#605=DIRECTION('',(9.868833507636E-1,-6.927781731956E-13,1.614349775779E-1));
#606=VECTOR('',#605,3.000004305147E-1);
#607=CARTESIAN_POINT('',(-1.352528629047E-2,-1.075E0,-3.562962877978E0));
#608=LINE('',#607,#606);
#609=CARTESIAN_POINT('',(-3.793067676356E-2,-1.E0,-3.408755122646E0));
#610=CARTESIAN_POINT('',(-3.702111049707E-2,-1.E0,-3.414635556295E0));
#611=CARTESIAN_POINT('',(-3.519469355438E-2,-1.000530829854E0,
-3.426412308339E0));
#612=CARTESIAN_POINT('',(-3.245032668593E-2,-1.002934792276E0,
-3.444014691411E0));
#613=CARTESIAN_POINT('',(-2.973870265986E-2,-1.006927599819E0,
-3.461316497866E0));
#614=CARTESIAN_POINT('',(-2.709720678807E-2,-1.012429994352E0,
-3.478085978963E0));
#615=CARTESIAN_POINT('',(-2.451638362319E-2,-1.019459808195E0,
-3.494390616755E0));
#616=CARTESIAN_POINT('',(-2.202698947271E-2,-1.027966284891E0,
-3.510043678633E0));
#617=CARTESIAN_POINT('',(-1.966661830235E-2,-1.037819659729E0,
-3.524819410684E0));
#618=CARTESIAN_POINT('',(-1.744980894872E-2,-1.048942952214E0,
-3.538638827470E0));
#619=CARTESIAN_POINT('',(-1.538254154926E-2,-1.061326151506E0,
-3.551476189451E0));
#620=CARTESIAN_POINT('',(-1.412297634582E-2,-1.070327693981E0,
-3.559270090375E0));
#621=CARTESIAN_POINT('',(-1.352528629047E-2,-1.075E0,-3.562962877978E0));
#623=CARTESIAN_POINT('',(2.825401438064E-1,-1.075E0,-3.514532315205E0));
#624=CARTESIAN_POINT('',(2.819425382896E-1,-1.070327692630E0,
-3.510839512676E0));
#625=CARTESIAN_POINT('',(2.806831768371E-1,-1.061326148111E0,
-3.503045576366E0));
#626=CARTESIAN_POINT('',(2.786163430445E-1,-1.048942947426E0,
-3.490208141104E0));
#627=CARTESIAN_POINT('',(2.764001150087E-1,-1.037819655251E0,
-3.476388628439E0));
#628=CARTESIAN_POINT('',(2.740404963506E-1,-1.027966281646E0,
-3.461612773952E0));
#629=CARTESIAN_POINT('',(2.715520473696E-1,-1.019459806521E0,
-3.445959559370E0));
#630=CARTESIAN_POINT('',(2.689723707676E-1,-1.012429994003E0,
-3.429654736550E0));
#631=CARTESIAN_POINT('',(2.663322255724E-1,-1.006927600281E0,
-3.412885037143E0));
#632=CARTESIAN_POINT('',(2.636221772024E-1,-1.002934792852E0,
-3.395582974581E0));
#633=CARTESIAN_POINT('',(2.608796039118E-1,-1.000530830085E0,
-3.377980298073E0));
#634=CARTESIAN_POINT('',(2.590545153119E-1,-1.E0,-3.366203327002E0));
#635=CARTESIAN_POINT('',(2.581456442770E-1,-1.E0,-3.360322778325E0));
#637=DIRECTION('',(9.868833507635E-1,0.E0,1.614349775785E-1));
#638=VECTOR('',#637,3.000114662098E-1);
#639=CARTESIAN_POINT('',(-3.793067676356E-2,-1.E0,-3.408755122646E0));
#640=LINE('',#639,#638);
#641=DIRECTION('',(-9.868833507635E-1,0.E0,-1.614349775785E-1));
#642=VECTOR('',#641,3.000521585476E-1);
#643=CARTESIAN_POINT('',(2.257232002361E-1,-1.E0,-3.143385093695E0));
#644=LINE('',#643,#642);
#645=DIRECTION('',(9.959700817334E-1,0.E0,8.968609865473E-2));
#646=VECTOR('',#645,3.000114662098E-1);
#647=CARTESIAN_POINT('',(-2.266630264009E-1,-1.E0,-1.807055812869E0));
#648=LINE('',#647,#646);
#649=DIRECTION('',(-9.980273732804E-1,0.E0,-6.278026905827E-2));
#650=VECTOR('',#649,3.000114662098E-1);
#651=CARTESIAN_POINT('',(5.640574264571E-2,-1.E0,-1.574379582124E0));
#652=LINE('',#651,#650);
#653=CARTESIAN_POINT('',(-9.728490109136E-2,-1.15E0,-3.E0));
#654=CARTESIAN_POINT('',(-9.707445572481E-2,-1.143943693332E0,
-3.001550090407E0));
#655=CARTESIAN_POINT('',(-9.657623041701E-2,-1.131960763430E0,
-3.005217533344E0));
#656=CARTESIAN_POINT('',(-9.559774971612E-2,-1.114504935650E0,
-3.012404643522E0));
#657=CARTESIAN_POINT('',(-9.439931549739E-2,-1.097833267569E0,
-3.021183448424E0));
#658=CARTESIAN_POINT('',(-9.299975886539E-2,-1.082167276358E0,
-3.031402707920E0));
#659=CARTESIAN_POINT('',(-9.139010418990E-2,-1.067431802863E0,
-3.043112808167E0));
#660=CARTESIAN_POINT('',(-8.958814943804E-2,-1.053862877083E0,
-3.056167296996E0));
#661=CARTESIAN_POINT('',(-8.762153149183E-2,-1.041660008429E0,
-3.070349916724E0));
#662=CARTESIAN_POINT('',(-8.549657803225E-2,-1.030849694442E0,
-3.085599701219E0));
#663=CARTESIAN_POINT('',(-8.321659237430E-2,-1.021483903385E0,
-3.101876848342E0));
#664=CARTESIAN_POINT('',(-8.081378994110E-2,-1.013723910405E0,
-3.118936422787E0));
#665=CARTESIAN_POINT('',(-7.832392704458E-2,-1.007654364752E0,
-3.136514198417E0));
#666=CARTESIAN_POINT('',(-7.573381838697E-2,-1.003244764785E0,
-3.154693595503E0));
#667=CARTESIAN_POINT('',(-7.307757856583E-2,-1.000586879827E0,
-3.173226110198E0));
#668=CARTESIAN_POINT('',(-7.128896181545E-2,-1.E0,-3.185630663432E0));
#669=CARTESIAN_POINT('',(-7.039327939527E-2,-1.E0,-3.191824007182E0));
#671=CARTESIAN_POINT('',(2.257232002361E-1,-1.E0,-3.143385093695E0));
#672=CARTESIAN_POINT('',(2.248290763658E-1,-1.E0,-3.137191483919E0));
#673=CARTESIAN_POINT('',(2.230436519559E-1,-1.000586881820E0,
-3.124786385162E0));
#674=CARTESIAN_POINT('',(2.203923930701E-1,-1.003244777563E0,
-3.106253014767E0));
#675=CARTESIAN_POINT('',(2.178073766114E-1,-1.007654396856E0,
-3.088072742636E0));
#676=CARTESIAN_POINT('',(2.153226303882E-1,-1.013723971217E0,
-3.070494087142E0));
#677=CARTESIAN_POINT('',(2.129249760624E-1,-1.021484001070E0,
-3.053433632978E0));
#678=CARTESIAN_POINT('',(2.106500716259E-1,-1.030849833012E0,
-3.037155628996E0));
#679=CARTESIAN_POINT('',(2.085300287800E-1,-1.041660185108E0,
-3.021905032288E0));
#680=CARTESIAN_POINT('',(2.065681074127E-1,-1.053863089448E0,
-3.007721646552E0));
#681=CARTESIAN_POINT('',(2.047705877668E-1,-1.067432036879E0,
-2.994666453468E0));
#682=CARTESIAN_POINT('',(2.031650031980E-1,-1.082167513082E0,
-2.982955723012E0));
#683=CARTESIAN_POINT('',(2.017690689612E-1,-1.097833486076E0,
-2.972735914789E0));
#684=CARTESIAN_POINT('',(2.005737990362E-1,-1.114505112350E0,
-2.963956639776E0));
#685=CARTESIAN_POINT('',(1.995979453661E-1,-1.131960868917E0,
-2.956769146509E0));
#686=CARTESIAN_POINT('',(1.991010750737E-1,-1.143943731647E0,
-2.953101507269E0));
#687=CARTESIAN_POINT('',(1.988912041353E-1,-1.15E0,-2.951551332921E0));
#689=CARTESIAN_POINT('',(8.865820186451E-2,-1.15E0,-1.973094170404E0));
#690=CARTESIAN_POINT('',(8.851792249943E-2,-1.143942208961E0,
-1.971536358738E0));
#691=CARTESIAN_POINT('',(8.818633873581E-2,-1.131956667368E0,
-1.967850502613E0));
#692=CARTESIAN_POINT('',(8.753861621981E-2,-1.114498033042E0,
-1.960626877451E0));
#693=CARTESIAN_POINT('',(8.675068435951E-2,-1.097824690214E0,
-1.951803003083E0));
#694=CARTESIAN_POINT('',(8.583791971827E-2,-1.082157945811E0,
-1.941530588679E0));
#695=CARTESIAN_POINT('',(8.479788316216E-2,-1.067422542340E0,
-1.929758651671E0));
#696=CARTESIAN_POINT('',(8.364590088812E-2,-1.053854446041E0,
-1.916634061985E0));
#697=CARTESIAN_POINT('',(8.240325331351E-2,-1.041652985193E0,
-1.902373868649E0));
#698=CARTESIAN_POINT('',(8.107735169743E-2,-1.030844199433E0,
-1.887038552866E0));
#699=CARTESIAN_POINT('',(7.967388388040E-2,-1.021480050742E0,
-1.870667781700E0));
#700=CARTESIAN_POINT('',(7.821601539786E-2,-1.013721534869E0,
-1.853507189833E0));
#701=CARTESIAN_POINT('',(7.672774384784E-2,-1.007653132093E0,
-1.835821958267E0));
#702=CARTESIAN_POINT('',(7.520333351224E-2,-1.003244288457E0,
-1.817527544017E0));
#703=CARTESIAN_POINT('',(7.366489415445E-2,-1.000586810690E0,
-1.798873677430E0));
#704=CARTESIAN_POINT('',(7.264567343074E-2,-1.E0,-1.786385003767E0));
#705=CARTESIAN_POINT('',(7.213941812104E-2,-1.E0,-1.780148954913E0));
#707=CARTESIAN_POINT('',(-2.266630264009E-1,-1.E0,-1.807055812869E0));
#708=CARTESIAN_POINT('',(-2.261560331842E-1,-1.E0,-1.813291794793E0));
#709=CARTESIAN_POINT('',(-2.251354062130E-1,-1.000586810598E0,
-1.825780341800E0));
#710=CARTESIAN_POINT('',(-2.235950806248E-1,-1.003244288751E0,
-1.844434041221E0));
#711=CARTESIAN_POINT('',(-2.220690286870E-1,-1.007653133793E0,
-1.862728311923E0));
#712=CARTESIAN_POINT('',(-2.205793652726E-1,-1.013721539180E0,
-1.880413423138E0));
#713=CARTESIAN_POINT('',(-2.191203297004E-1,-1.021480058651E0,
-1.897573914453E0));
#714=CARTESIAN_POINT('',(-2.177159180546E-1,-1.030844211456E0,
-1.913944603923E0));
#715=CARTESIAN_POINT('',(-2.163892819699E-1,-1.041653000982E0,
-1.929279854877E0));
#716=CARTESIAN_POINT('',(-2.151460810418E-1,-1.053854464730E0,
-1.943539997829E0));
#717=CARTESIAN_POINT('',(-2.139937003225E-1,-1.067422562132E0,
-1.956664549061E0));
#718=CARTESIAN_POINT('',(-2.129533969946E-1,-1.082157964837E0,
-1.968436458347E0));
#719=CARTESIAN_POINT('',(-2.120404691525E-1,-1.097824706836E0,
-1.978708854017E0));
#720=CARTESIAN_POINT('',(-2.112524489126E-1,-1.114498045581E0,
-1.987532716434E0));
#721=CARTESIAN_POINT('',(-2.106046899057E-1,-1.131956674192E0,
-1.994756334824E0));
#722=CARTESIAN_POINT('',(-2.102731019653E-1,-1.143942211348E0,
-1.998442188949E0));
#723=CARTESIAN_POINT('',(-2.101328226555E-1,-1.15E0,-2.E0));
#725=DIRECTION('',(-9.980273732804E-1,3.419482008722E-13,-6.278026905862E-2));
#726=VECTOR('',#725,3.000004305147E-1);
#727=CARTESIAN_POINT('',(4.578550670908E-2,-1.075E0,-1.418614106294E0));
#728=LINE('',#727,#726);
#729=CARTESIAN_POINT('',(5.640574264571E-2,-1.E0,-1.574379582124E0));
#730=CARTESIAN_POINT('',(5.597991807631E-2,-1.E0,-1.568444468583E0));
#731=CARTESIAN_POINT('',(5.513188934461E-2,-1.000530830085E0,
-1.556557128962E0));
#732=CARTESIAN_POINT('',(5.387866671341E-2,-1.002934792852E0,
-1.538786215605E0));
#733=CARTESIAN_POINT('',(5.266079768919E-2,-1.006927600281E0,
-1.521315596666E0));
#734=CARTESIAN_POINT('',(5.149354295485E-2,-1.012429994003E0,
-1.504379519752E0));
#735=CARTESIAN_POINT('',(5.037104490284E-2,-1.019459806521E0,
-1.487910094240E0));
#736=CARTESIAN_POINT('',(4.930497443261E-2,-1.027966281646E0,
-1.472096207974E0));
#737=CARTESIAN_POINT('',(4.830903558593E-2,-1.037819655251E0,
-1.457166312400E0));
#738=CARTESIAN_POINT('',(4.738665367544E-2,-1.048942947426E0,
-1.443200647053E0));
#739=CARTESIAN_POINT('',(4.653771728316E-2,-1.061326148111E0,
-1.430225638265E0));
#740=CARTESIAN_POINT('',(4.602672560822E-2,-1.070327692630E0,
-1.422347166206E0));
#741=CARTESIAN_POINT('',(4.578550670908E-2,-1.075E0,-1.418614106294E0));
#743=CARTESIAN_POINT('',(-2.536231349404E-1,-1.075E0,-1.437448214039E0));
#744=CARTESIAN_POINT('',(-2.533820017791E-1,-1.070327693981E0,
-1.441181278261E0));
#745=CARTESIAN_POINT('',(-2.528712166148E-1,-1.061326151506E0,
-1.449059761276E0));
#746=CARTESIAN_POINT('',(-2.520227192501E-1,-1.048942952214E0,
-1.462034795356E0));
#747=CARTESIAN_POINT('',(-2.511009253972E-1,-1.037819659729E0,
-1.476000496918E0));
#748=CARTESIAN_POINT('',(-2.501057474131E-1,-1.027966284891E0,
-1.490930441005E0));
#749=CARTESIAN_POINT('',(-2.490406323597E-1,-1.019459808195E0,
-1.506744389258E0));
#750=CARTESIAN_POINT('',(-2.479192932540E-1,-1.012429994352E0,
-1.523213890171E0));
#751=CARTESIAN_POINT('',(-2.467534038604E-1,-1.006927599819E0,
-1.540150055577E0));
#752=CARTESIAN_POINT('',(-2.455371279191E-1,-1.002934792276E0,
-1.557620776348E0));
#753=CARTESIAN_POINT('',(-2.442857191285E-1,-1.000530829854E0,
-1.575391803762E0));
#754=CARTESIAN_POINT('',(-2.434390341266E-1,-1.E0,-1.587279226194E0));
#755=CARTESIAN_POINT('',(-2.430139129296E-1,-1.E0,-1.593214382693E0));
#757=DIRECTION('',(0.E0,1.E0,0.E0));
#758=VECTOR('',#757,2.3E0);
#759=CARTESIAN_POINT('',(4.700400899824E-1,-1.15E0,-4.523364485981E0));
#760=LINE('',#759,#758);
#761=CARTESIAN_POINT('',(1.057220814801E0,-1.15E0,-4.4E0));
#762=DIRECTION('',(0.E0,-1.E0,0.E0));
#763=DIRECTION('',(-9.786345413644E-1,0.E0,-2.056074766355E-1));
#764=AXIS2_PLACEMENT_3D('',#761,#762,#763);
#766=DIRECTION('',(0.E0,1.E0,0.E0));
#767=VECTOR('',#766,2.3E0);
#768=CARTESIAN_POINT('',(1.435584991799E0,-1.15E0,-4.865661410861E0));
#769=LINE('',#768,#767);
#770=DIRECTION('',(7.761023514342E-1,0.E0,6.306069616634E-1));
#771=VECTOR('',#770,4.898979485566E-1);
#772=CARTESIAN_POINT('',(1.435584991799E0,-1.15E0,-4.865661410861E0));
#773=LINE('',#772,#771);
#774=DIRECTION('',(0.E0,1.E0,0.E0));
#775=VECTOR('',#774,2.3E0);
#776=CARTESIAN_POINT('',(1.815795941637E0,-1.15E0,-4.556728353996E0));
#777=LINE('',#776,#775);
#778=CARTESIAN_POINT('',(2.257220814801E0,-1.15E0,-5.1E0));
#779=DIRECTION('',(0.E0,1.E0,0.E0));
#780=DIRECTION('',(-6.306069616634E-1,0.E0,7.761023514342E-1));
#781=AXIS2_PLACEMENT_3D('',#778,#779,#780);
#783=DIRECTION('',(0.E0,1.E0,0.E0));
#784=VECTOR('',#783,2.3E0);
#785=CARTESIAN_POINT('',(2.863438597450E0,-1.15E0,-4.75E0));
#786=LINE('',#785,#784);
#787=DIRECTION('',(5.E-1,0.E0,-8.660254037844E-1));
#788=VECTOR('',#787,2.309401076759E-1);
#789=CARTESIAN_POINT('',(2.863438597450E0,-1.15E0,-4.75E0));
#790=LINE('',#789,#788);
#791=DIRECTION('',(-8.660254037844E-1,0.E0,-5.E-1));
#792=VECTOR('',#791,3.E-1);
#793=CARTESIAN_POINT('',(2.978908651288E0,1.15E0,-4.95E0));
#794=LINE('',#793,#792);
#795=DIRECTION('',(0.E0,-1.E0,0.E0));
#796=VECTOR('',#795,2.3E0);
#797=CARTESIAN_POINT('',(2.719101030153E0,1.15E0,-5.1E0));
#798=LINE('',#797,#796);
#799=DIRECTION('',(8.660254037844E-1,0.E0,5.E-1));
#800=VECTOR('',#799,3.E-1);
#801=CARTESIAN_POINT('',(2.719101030153E0,-1.15E0,-5.1E0));
#802=LINE('',#801,#800);
#803=DIRECTION('',(0.E0,1.E0,0.E0));
#804=VECTOR('',#803,2.3E0);
#805=CARTESIAN_POINT('',(2.978908651288E0,-1.15E0,-4.95E0));
#806=LINE('',#805,#804);
#807=DIRECTION('',(0.E0,-1.E0,0.E0));
#808=VECTOR('',#807,2.3E0);
#809=CARTESIAN_POINT('',(2.603630976315E0,1.15E0,-4.9E0));
#810=LINE('',#809,#808);
#811=DIRECTION('',(5.E-1,0.E0,-8.660254037844E-1));
#812=VECTOR('',#811,2.309401076758E-1);
#813=CARTESIAN_POINT('',(2.603630976315E0,1.15E0,-4.9E0));
#814=LINE('',#813,#812);
#815=DIRECTION('',(0.E0,-1.E0,0.E0));
#816=VECTOR('',#815,2.3E0);
#817=CARTESIAN_POINT('',(2.004978030136E0,1.15E0,-4.789559059426E0));
#818=LINE('',#817,#816);
#819=CARTESIAN_POINT('',(2.257220814801E0,1.15E0,-5.1E0));
#820=DIRECTION('',(0.E0,1.E0,0.E0));
#821=DIRECTION('',(-6.306069616634E-1,0.E0,7.761023514342E-1));
#822=AXIS2_PLACEMENT_3D('',#819,#820,#821);
#824=DIRECTION('',(0.E0,-1.E0,0.E0));
#825=VECTOR('',#824,2.3E0);
#826=CARTESIAN_POINT('',(1.624767080298E0,1.15E0,-5.098492116291E0));
#827=LINE('',#826,#825);
#828=DIRECTION('',(7.761023514342E-1,0.E0,6.306069616634E-1));
#829=VECTOR('',#828,4.898979485566E-1);
#830=CARTESIAN_POINT('',(1.624767080298E0,1.15E0,-5.098492116291E0));
#831=LINE('',#830,#829);
#832=DIRECTION('',(0.E0,-1.E0,0.E0));
#833=VECTOR('',#832,2.3E0);
#834=CARTESIAN_POINT('',(1.764497275731E-1,1.15E0,-4.585046728972E0));
#835=LINE('',#834,#833);
#836=CARTESIAN_POINT('',(1.057220814801E0,1.15E0,-4.4E0));
#837=DIRECTION('',(0.E0,-1.E0,0.E0));
#838=DIRECTION('',(-9.786345413644E-1,0.E0,-2.056074766355E-1));
#839=AXIS2_PLACEMENT_3D('',#836,#837,#838);
#841=CARTESIAN_POINT('',(2.257232002361E-1,-1.E0,3.143385093695E0));
#842=CARTESIAN_POINT('',(2.248290763658E-1,-1.E0,3.137191483919E0));
#843=CARTESIAN_POINT('',(2.230436519559E-1,-1.000586881820E0,3.124786385162E0));
#844=CARTESIAN_POINT('',(2.203923930701E-1,-1.003244777563E0,3.106253014767E0));
#845=CARTESIAN_POINT('',(2.178073766114E-1,-1.007654396856E0,3.088072742636E0));
#846=CARTESIAN_POINT('',(2.153226303882E-1,-1.013723971217E0,3.070494087142E0));
#847=CARTESIAN_POINT('',(2.129249760624E-1,-1.021484001070E0,3.053433632978E0));
#848=CARTESIAN_POINT('',(2.106500716259E-1,-1.030849833012E0,3.037155628996E0));
#849=CARTESIAN_POINT('',(2.085300287800E-1,-1.041660185108E0,3.021905032288E0));
#850=CARTESIAN_POINT('',(2.065681074127E-1,-1.053863089448E0,3.007721646552E0));
#851=CARTESIAN_POINT('',(2.047705877668E-1,-1.067432036879E0,2.994666453468E0));
#852=CARTESIAN_POINT('',(2.031650031980E-1,-1.082167513082E0,2.982955723012E0));
#853=CARTESIAN_POINT('',(2.017690689612E-1,-1.097833486076E0,2.972735914789E0));
#854=CARTESIAN_POINT('',(2.005737990362E-1,-1.114505112350E0,2.963956639776E0));
#855=CARTESIAN_POINT('',(1.995979453661E-1,-1.131960868917E0,2.956769146509E0));
#856=CARTESIAN_POINT('',(1.991010750737E-1,-1.143943731647E0,2.953101507269E0));
#857=CARTESIAN_POINT('',(1.988912041353E-1,-1.15E0,2.951551332921E0));
#859=CARTESIAN_POINT('',(-9.728490109136E-2,-1.15E0,3.E0));
#860=CARTESIAN_POINT('',(-9.707445572481E-2,-1.143943693332E0,
3.001550090407E0));
#861=CARTESIAN_POINT('',(-9.657623041702E-2,-1.131960763430E0,
3.005217533344E0));
#862=CARTESIAN_POINT('',(-9.559774971612E-2,-1.114504935650E0,
3.012404643522E0));
#863=CARTESIAN_POINT('',(-9.439931549739E-2,-1.097833267569E0,
3.021183448424E0));
#864=CARTESIAN_POINT('',(-9.299975886539E-2,-1.082167276358E0,
3.031402707920E0));
#865=CARTESIAN_POINT('',(-9.139010418990E-2,-1.067431802863E0,
3.043112808167E0));
#866=CARTESIAN_POINT('',(-8.958814943804E-2,-1.053862877083E0,
3.056167296996E0));
#867=CARTESIAN_POINT('',(-8.762153149183E-2,-1.041660008429E0,
3.070349916724E0));
#868=CARTESIAN_POINT('',(-8.549657803225E-2,-1.030849694442E0,
3.085599701219E0));
#869=CARTESIAN_POINT('',(-8.321659237430E-2,-1.021483903385E0,
3.101876848341E0));
#870=CARTESIAN_POINT('',(-8.081378994110E-2,-1.013723910405E0,
3.118936422787E0));
#871=CARTESIAN_POINT('',(-7.832392704459E-2,-1.007654364752E0,
3.136514198417E0));
#872=CARTESIAN_POINT('',(-7.573381838697E-2,-1.003244764785E0,
3.154693595503E0));
#873=CARTESIAN_POINT('',(-7.307757856583E-2,-1.000586879827E0,
3.173226110198E0));
#874=CARTESIAN_POINT('',(-7.128896181545E-2,-1.E0,3.185630663432E0));
#875=CARTESIAN_POINT('',(-7.039327939527E-2,-1.E0,3.191824007182E0));
#877=DIRECTION('',(9.868833507635E-1,0.E0,-1.614349775785E-1));
#878=VECTOR('',#877,3.000114662098E-1);
#879=CARTESIAN_POINT('',(-3.793067676356E-2,-1.E0,3.408755122646E0));
#880=LINE('',#879,#878);
#881=DIRECTION('',(-9.868833507635E-1,0.E0,1.614349775785E-1));
#882=VECTOR('',#881,3.000521585476E-1);
#883=CARTESIAN_POINT('',(2.257232002361E-1,-1.E0,3.143385093695E0));
#884=LINE('',#883,#882);
#885=DIRECTION('',(9.959700817334E-1,0.E0,-8.968609865473E-2));
#886=VECTOR('',#885,3.000114662098E-1);
#887=CARTESIAN_POINT('',(-2.266630264009E-1,-1.E0,1.807055812869E0));
#888=LINE('',#887,#886);
#889=DIRECTION('',(-9.980273732804E-1,0.E0,6.278026905827E-2));
#890=VECTOR('',#889,3.000114662098E-1);
#891=CARTESIAN_POINT('',(5.640574264571E-2,-1.E0,1.574379582124E0));
#892=LINE('',#891,#890);
#893=DIRECTION('',(9.868833507636E-1,-6.927781731956E-13,-1.614349775779E-1));
#894=VECTOR('',#893,3.000004305147E-1);
#895=CARTESIAN_POINT('',(-1.352528629047E-2,-1.075E0,3.562962877978E0));
#896=LINE('',#895,#894);
#897=CARTESIAN_POINT('',(2.825401438064E-1,-1.075E0,3.514532315205E0));
#898=CARTESIAN_POINT('',(2.819425382896E-1,-1.070327692630E0,3.510839512676E0));
#899=CARTESIAN_POINT('',(2.806831768371E-1,-1.061326148111E0,3.503045576366E0));
#900=CARTESIAN_POINT('',(2.786163430445E-1,-1.048942947426E0,3.490208141104E0));
#901=CARTESIAN_POINT('',(2.764001150087E-1,-1.037819655251E0,3.476388628439E0));
#902=CARTESIAN_POINT('',(2.740404963506E-1,-1.027966281646E0,3.461612773952E0));
#903=CARTESIAN_POINT('',(2.715520473696E-1,-1.019459806521E0,3.445959559370E0));
#904=CARTESIAN_POINT('',(2.689723707676E-1,-1.012429994003E0,3.429654736550E0));
#905=CARTESIAN_POINT('',(2.663322255724E-1,-1.006927600281E0,3.412885037143E0));
#906=CARTESIAN_POINT('',(2.636221772024E-1,-1.002934792852E0,3.395582974581E0));
#907=CARTESIAN_POINT('',(2.608796039118E-1,-1.000530830085E0,3.377980298073E0));
#908=CARTESIAN_POINT('',(2.590545153119E-1,-1.E0,3.366203327002E0));
#909=CARTESIAN_POINT('',(2.581456442770E-1,-1.E0,3.360322778325E0));
#911=CARTESIAN_POINT('',(-3.793067676356E-2,-1.E0,3.408755122646E0));
#912=CARTESIAN_POINT('',(-3.702111049707E-2,-1.E0,3.414635556295E0));
#913=CARTESIAN_POINT('',(-3.519469355438E-2,-1.000530829854E0,
3.426412308339E0));
#914=CARTESIAN_POINT('',(-3.245032668593E-2,-1.002934792276E0,
3.444014691411E0));
#915=CARTESIAN_POINT('',(-2.973870265986E-2,-1.006927599819E0,
3.461316497866E0));
#916=CARTESIAN_POINT('',(-2.709720678807E-2,-1.012429994352E0,
3.478085978963E0));
#917=CARTESIAN_POINT('',(-2.451638362319E-2,-1.019459808195E0,
3.494390616755E0));
#918=CARTESIAN_POINT('',(-2.202698947271E-2,-1.027966284891E0,
3.510043678633E0));
#919=CARTESIAN_POINT('',(-1.966661830236E-2,-1.037819659729E0,
3.524819410684E0));
#920=CARTESIAN_POINT('',(-1.744980894872E-2,-1.048942952214E0,
3.538638827470E0));
#921=CARTESIAN_POINT('',(-1.538254154926E-2,-1.061326151506E0,
3.551476189451E0));
#922=CARTESIAN_POINT('',(-1.412297634582E-2,-1.070327693981E0,
3.559270090375E0));
#923=CARTESIAN_POINT('',(-1.352528629047E-2,-1.075E0,3.562962877978E0));
#925=CARTESIAN_POINT('',(-2.266630264009E-1,-1.E0,1.807055812869E0));
#926=CARTESIAN_POINT('',(-2.261560331842E-1,-1.E0,1.813291794793E0));
#927=CARTESIAN_POINT('',(-2.251354062130E-1,-1.000586810598E0,
1.825780341800E0));
#928=CARTESIAN_POINT('',(-2.235950806248E-1,-1.003244288751E0,
1.844434041221E0));
#929=CARTESIAN_POINT('',(-2.220690286870E-1,-1.007653133793E0,
1.862728311923E0));
#930=CARTESIAN_POINT('',(-2.205793652726E-1,-1.013721539180E0,
1.880413423138E0));
#931=CARTESIAN_POINT('',(-2.191203297004E-1,-1.021480058651E0,
1.897573914453E0));
#932=CARTESIAN_POINT('',(-2.177159180546E-1,-1.030844211456E0,
1.913944603923E0));
#933=CARTESIAN_POINT('',(-2.163892819699E-1,-1.041653000982E0,
1.929279854877E0));
#934=CARTESIAN_POINT('',(-2.151460810418E-1,-1.053854464730E0,
1.943539997829E0));
#935=CARTESIAN_POINT('',(-2.139937003225E-1,-1.067422562132E0,
1.956664549061E0));
#936=CARTESIAN_POINT('',(-2.129533969946E-1,-1.082157964837E0,
1.968436458347E0));
#937=CARTESIAN_POINT('',(-2.120404691525E-1,-1.097824706836E0,
1.978708854017E0));
#938=CARTESIAN_POINT('',(-2.112524489126E-1,-1.114498045581E0,
1.987532716434E0));
#939=CARTESIAN_POINT('',(-2.106046899057E-1,-1.131956674192E0,
1.994756334824E0));
#940=CARTESIAN_POINT('',(-2.102731019653E-1,-1.143942211348E0,
1.998442188949E0));
#941=CARTESIAN_POINT('',(-2.101328226555E-1,-1.15E0,2.E0));
#943=CARTESIAN_POINT('',(8.865820186451E-2,-1.15E0,1.973094170404E0));
#944=CARTESIAN_POINT('',(8.851792249943E-2,-1.143942208961E0,1.971536358738E0));
#945=CARTESIAN_POINT('',(8.818633873581E-2,-1.131956667368E0,1.967850502613E0));
#946=CARTESIAN_POINT('',(8.753861621981E-2,-1.114498033042E0,1.960626877451E0));
#947=CARTESIAN_POINT('',(8.675068435950E-2,-1.097824690214E0,1.951803003083E0));
#948=CARTESIAN_POINT('',(8.583791971827E-2,-1.082157945811E0,1.941530588679E0));
#949=CARTESIAN_POINT('',(8.479788316216E-2,-1.067422542340E0,1.929758651671E0));
#950=CARTESIAN_POINT('',(8.364590088811E-2,-1.053854446041E0,1.916634061984E0));
#951=CARTESIAN_POINT('',(8.240325331351E-2,-1.041652985193E0,1.902373868649E0));
#952=CARTESIAN_POINT('',(8.107735169743E-2,-1.030844199433E0,1.887038552866E0));
#953=CARTESIAN_POINT('',(7.967388388040E-2,-1.021480050742E0,1.870667781700E0));
#954=CARTESIAN_POINT('',(7.821601539785E-2,-1.013721534869E0,1.853507189832E0));
#955=CARTESIAN_POINT('',(7.672774384784E-2,-1.007653132093E0,1.835821958267E0));
#956=CARTESIAN_POINT('',(7.520333351224E-2,-1.003244288457E0,1.817527544017E0));
#957=CARTESIAN_POINT('',(7.366489415445E-2,-1.000586810690E0,1.798873677430E0));
#958=CARTESIAN_POINT('',(7.264567343074E-2,-1.E0,1.786385003767E0));
#959=CARTESIAN_POINT('',(7.213941812104E-2,-1.E0,1.780148954913E0));
#961=DIRECTION('',(-9.980273732804E-1,3.434284961141E-13,6.278026905859E-2));
#962=VECTOR('',#961,3.000004305146E-1);
#963=CARTESIAN_POINT('',(4.578550670908E-2,-1.075E0,1.418614106294E0));
#964=LINE('',#963,#962);
#965=CARTESIAN_POINT('',(-2.536231349404E-1,-1.075E0,1.437448214039E0));
#966=CARTESIAN_POINT('',(-2.533820017791E-1,-1.070327693981E0,
1.441181278261E0));
#967=CARTESIAN_POINT('',(-2.528712166148E-1,-1.061326151506E0,
1.449059761276E0));
#968=CARTESIAN_POINT('',(-2.520227192501E-1,-1.048942952214E0,
1.462034795356E0));
#969=CARTESIAN_POINT('',(-2.511009253972E-1,-1.037819659729E0,
1.476000496918E0));
#970=CARTESIAN_POINT('',(-2.501057474131E-1,-1.027966284891E0,
1.490930441005E0));
#971=CARTESIAN_POINT('',(-2.490406323597E-1,-1.019459808195E0,
1.506744389258E0));
#972=CARTESIAN_POINT('',(-2.479192932540E-1,-1.012429994352E0,
1.523213890171E0));
#973=CARTESIAN_POINT('',(-2.467534038604E-1,-1.006927599819E0,
1.540150055577E0));
#974=CARTESIAN_POINT('',(-2.455371279191E-1,-1.002934792276E0,
1.557620776348E0));
#975=CARTESIAN_POINT('',(-2.442857191285E-1,-1.000530829854E0,
1.575391803762E0));
#976=CARTESIAN_POINT('',(-2.434390341266E-1,-1.E0,1.587279226194E0));
#977=CARTESIAN_POINT('',(-2.430139129296E-1,-1.E0,1.593214382693E0));
#979=CARTESIAN_POINT('',(5.640574264571E-2,-1.E0,1.574379582124E0));
#980=CARTESIAN_POINT('',(5.597991807631E-2,-1.E0,1.568444468583E0));
#981=CARTESIAN_POINT('',(5.513188934461E-2,-1.000530830085E0,1.556557128962E0));
#982=CARTESIAN_POINT('',(5.387866671341E-2,-1.002934792852E0,1.538786215605E0));
#983=CARTESIAN_POINT('',(5.266079768919E-2,-1.006927600281E0,1.521315596666E0));
#984=CARTESIAN_POINT('',(5.149354295485E-2,-1.012429994003E0,1.504379519752E0));
#985=CARTESIAN_POINT('',(5.037104490284E-2,-1.019459806521E0,1.487910094240E0));
#986=CARTESIAN_POINT('',(4.930497443261E-2,-1.027966281646E0,1.472096207974E0));
#987=CARTESIAN_POINT('',(4.830903558593E-2,-1.037819655251E0,1.457166312400E0));
#988=CARTESIAN_POINT('',(4.738665367544E-2,-1.048942947426E0,1.443200647053E0));
#989=CARTESIAN_POINT('',(4.653771728316E-2,-1.061326148111E0,1.430225638265E0));
#990=CARTESIAN_POINT('',(4.602672560822E-2,-1.070327692630E0,1.422347166206E0));
#991=CARTESIAN_POINT('',(4.578550670908E-2,-1.075E0,1.418614106294E0));
#993=DIRECTION('',(0.E0,-1.E0,0.E0));
#994=VECTOR('',#993,2.3E0);
#995=CARTESIAN_POINT('',(1.764497275731E-1,1.15E0,4.585046728972E0));
#996=LINE('',#995,#994);
#997=CARTESIAN_POINT('',(1.057220814801E0,1.15E0,4.4E0));
#998=DIRECTION('',(0.E0,1.E0,0.E0));
#999=DIRECTION('',(-9.786345413644E-1,0.E0,2.056074766355E-1));
#1000=AXIS2_PLACEMENT_3D('',#997,#998,#999);
#1002=DIRECTION('',(0.E0,-1.E0,0.E0));
#1003=VECTOR('',#1002,2.3E0);
#1004=CARTESIAN_POINT('',(1.624767080298E0,1.15E0,5.098492116291E0));
#1005=LINE('',#1004,#1003);
#1006=DIRECTION('',(7.761023514342E-1,0.E0,-6.306069616634E-1));
#1007=VECTOR('',#1006,4.898979485566E-1);
#1008=CARTESIAN_POINT('',(1.624767080298E0,1.15E0,5.098492116291E0));
#1009=LINE('',#1008,#1007);
#1010=DIRECTION('',(0.E0,-1.E0,0.E0));
#1011=VECTOR('',#1010,2.3E0);
#1012=CARTESIAN_POINT('',(2.004978030136E0,1.15E0,4.789559059426E0));
#1013=LINE('',#1012,#1011);
#1014=CARTESIAN_POINT('',(2.257220814801E0,1.15E0,5.1E0));
#1015=DIRECTION('',(0.E0,-1.E0,0.E0));
#1016=DIRECTION('',(-6.306069616634E-1,0.E0,-7.761023514342E-1));
#1017=AXIS2_PLACEMENT_3D('',#1014,#1015,#1016);
#1019=DIRECTION('',(0.E0,-1.E0,0.E0));
#1020=VECTOR('',#1019,2.3E0);
#1021=CARTESIAN_POINT('',(2.603630976315E0,1.15E0,4.9E0));
#1022=LINE('',#1021,#1020);
#1023=DIRECTION('',(5.E-1,0.E0,8.660254037844E-1));
#1024=VECTOR('',#1023,2.309401076758E-1);
#1025=CARTESIAN_POINT('',(2.603630976315E0,1.15E0,4.9E0));
#1026=LINE('',#1025,#1024);
#1027=DIRECTION('',(-8.660254037844E-1,0.E0,5.E-1));
#1028=VECTOR('',#1027,3.E-1);
#1029=CARTESIAN_POINT('',(2.978908651288E0,1.15E0,4.95E0));
#1030=LINE('',#1029,#1028);
#1031=DIRECTION('',(0.E0,1.E0,0.E0));
#1032=VECTOR('',#1031,2.3E0);
#1033=CARTESIAN_POINT('',(2.978908651288E0,-1.15E0,4.95E0));
#1034=LINE('',#1033,#1032);
#1035=DIRECTION('',(8.660254037844E-1,0.E0,-5.E-1));
#1036=VECTOR('',#1035,3.E-1);
#1037=CARTESIAN_POINT('',(2.719101030153E0,-1.15E0,5.1E0));
#1038=LINE('',#1037,#1036);
#1039=DIRECTION('',(0.E0,-1.E0,0.E0));
#1040=VECTOR('',#1039,2.3E0);
#1041=CARTESIAN_POINT('',(2.719101030153E0,1.15E0,5.1E0));
#1042=LINE('',#1041,#1040);
#1043=DIRECTION('',(0.E0,1.E0,0.E0));
#1044=VECTOR('',#1043,2.3E0);
#1045=CARTESIAN_POINT('',(2.863438597450E0,-1.15E0,4.75E0));
#1046=LINE('',#1045,#1044);
#1047=DIRECTION('',(5.E-1,0.E0,8.660254037844E-1));
#1048=VECTOR('',#1047,2.309401076759E-1);
#1049=CARTESIAN_POINT('',(2.863438597450E0,-1.15E0,4.75E0));
#1050=LINE('',#1049,#1048);
#1051=DIRECTION('',(0.E0,1.E0,0.E0));
#1052=VECTOR('',#1051,2.3E0);
#1053=CARTESIAN_POINT('',(1.815795941637E0,-1.15E0,4.556728353996E0));
#1054=LINE('',#1053,#1052);
#1055=CARTESIAN_POINT('',(2.257220814801E0,-1.15E0,5.1E0));
#1056=DIRECTION('',(0.E0,-1.E0,0.E0));
#1057=DIRECTION('',(-6.306069616634E-1,0.E0,-7.761023514342E-1));
#1058=AXIS2_PLACEMENT_3D('',#1055,#1056,#1057);
#1060=DIRECTION('',(0.E0,1.E0,0.E0));
#1061=VECTOR('',#1060,2.3E0);
#1062=CARTESIAN_POINT('',(1.435584991799E0,-1.15E0,4.865661410861E0));
#1063=LINE('',#1062,#1061);
#1064=DIRECTION('',(7.761023514342E-1,0.E0,-6.306069616634E-1));
#1065=VECTOR('',#1064,4.898979485566E-1);
#1066=CARTESIAN_POINT('',(1.435584991799E0,-1.15E0,4.865661410861E0));
#1067=LINE('',#1066,#1065);
#1068=DIRECTION('',(0.E0,1.E0,0.E0));
#1069=VECTOR('',#1068,2.3E0);
#1070=CARTESIAN_POINT('',(4.700400899824E-1,-1.15E0,4.523364485981E0));
#1071=LINE('',#1070,#1069);
#1072=CARTESIAN_POINT('',(1.057220814801E0,-1.15E0,4.4E0));
#1073=DIRECTION('',(0.E0,1.E0,0.E0));
#1074=DIRECTION('',(-9.786345413644E-1,0.E0,2.056074766355E-1));
#1075=AXIS2_PLACEMENT_3D('',#1072,#1073,#1074);
#1077=DIRECTION('',(9.980273732804E-1,0.E0,6.278026905827E-2));
#1078=VECTOR('',#1077,3.000114662098E-1);
#1079=CARTESIAN_POINT('',(-2.430139129296E-1,1.E0,-1.593214382693E0));
#1080=LINE('',#1079,#1078);
#1081=DIRECTION('',(-9.959700817334E-1,0.E0,-8.968609865473E-2));
#1082=VECTOR('',#1081,3.000114662098E-1);
#1083=CARTESIAN_POINT('',(7.213941812104E-2,1.E0,-1.780148954913E0));
#1084=LINE('',#1083,#1082);
#1085=DIRECTION('',(9.868833507635E-1,0.E0,1.614349775785E-1));
#1086=VECTOR('',#1085,3.000521585476E-1);
#1087=CARTESIAN_POINT('',(-7.039327939526E-2,1.E0,-3.191824007182E0));
#1088=LINE('',#1087,#1086);
#1089=DIRECTION('',(-9.868833507635E-1,0.E0,-1.614349775785E-1));
#1090=VECTOR('',#1089,3.000114662098E-1);
#1091=CARTESIAN_POINT('',(2.581456442770E-1,1.E0,-3.360322778325E0));
#1092=LINE('',#1091,#1090);
#1093=CARTESIAN_POINT('',(-2.101328226555E-1,1.15E0,-2.E0));
#1094=CARTESIAN_POINT('',(-2.102731019653E-1,1.143942211348E0,
-1.998442188949E0));
#1095=CARTESIAN_POINT('',(-2.106046899057E-1,1.131956674192E0,
-1.994756334824E0));
#1096=CARTESIAN_POINT('',(-2.112524489126E-1,1.114498045581E0,
-1.987532716434E0));
#1097=CARTESIAN_POINT('',(-2.120404691525E-1,1.097824706836E0,
-1.978708854017E0));
#1098=CARTESIAN_POINT('',(-2.129533969946E-1,1.082157964837E0,
-1.968436458347E0));
#1099=CARTESIAN_POINT('',(-2.139937003225E-1,1.067422562132E0,
-1.956664549061E0));
#1100=CARTESIAN_POINT('',(-2.151460810418E-1,1.053854464730E0,
-1.943539997829E0));
#1101=CARTESIAN_POINT('',(-2.163892819699E-1,1.041653000982E0,
-1.929279854877E0));
#1102=CARTESIAN_POINT('',(-2.177159180546E-1,1.030844211456E0,
-1.913944603923E0));
#1103=CARTESIAN_POINT('',(-2.191203297004E-1,1.021480058651E0,
-1.897573914453E0));
#1104=CARTESIAN_POINT('',(-2.205793652726E-1,1.013721539180E0,
-1.880413423138E0));
#1105=CARTESIAN_POINT('',(-2.220690286870E-1,1.007653133793E0,
-1.862728311923E0));
#1106=CARTESIAN_POINT('',(-2.235950806248E-1,1.003244288751E0,
-1.844434041221E0));
#1107=CARTESIAN_POINT('',(-2.251354062130E-1,1.000586810598E0,
-1.825780341800E0));
#1108=CARTESIAN_POINT('',(-2.261560331842E-1,1.E0,-1.813291794793E0));
#1109=CARTESIAN_POINT('',(-2.266630264009E-1,1.E0,-1.807055812869E0));
#1111=CARTESIAN_POINT('',(7.213941812104E-2,1.E0,-1.780148954913E0));
#1112=CARTESIAN_POINT('',(7.264567343074E-2,1.E0,-1.786385003767E0));
#1113=CARTESIAN_POINT('',(7.366489415445E-2,1.000586810690E0,
-1.798873677430E0));
#1114=CARTESIAN_POINT('',(7.520333351224E-2,1.003244288457E0,
-1.817527544017E0));
#1115=CARTESIAN_POINT('',(7.672774384784E-2,1.007653132093E0,
-1.835821958267E0));
#1116=CARTESIAN_POINT('',(7.821601539786E-2,1.013721534869E0,
-1.853507189833E0));
#1117=CARTESIAN_POINT('',(7.967388388040E-2,1.021480050742E0,
-1.870667781700E0));
#1118=CARTESIAN_POINT('',(8.107735169743E-2,1.030844199433E0,
-1.887038552866E0));
#1119=CARTESIAN_POINT('',(8.240325331351E-2,1.041652985193E0,
-1.902373868649E0));
#1120=CARTESIAN_POINT('',(8.364590088812E-2,1.053854446041E0,
-1.916634061985E0));
#1121=CARTESIAN_POINT('',(8.479788316216E-2,1.067422542340E0,
-1.929758651671E0));
#1122=CARTESIAN_POINT('',(8.583791971827E-2,1.082157945811E0,
-1.941530588679E0));
#1123=CARTESIAN_POINT('',(8.675068435951E-2,1.097824690214E0,
-1.951803003083E0));
#1124=CARTESIAN_POINT('',(8.753861621981E-2,1.114498033042E0,
-1.960626877451E0));
#1125=CARTESIAN_POINT('',(8.818633873581E-2,1.131956667368E0,
-1.967850502613E0));
#1126=CARTESIAN_POINT('',(8.851792249943E-2,1.143942208961E0,
-1.971536358738E0));
#1127=CARTESIAN_POINT('',(8.865820186451E-2,1.15E0,-1.973094170404E0));
#1129=CARTESIAN_POINT('',(1.988912041353E-1,1.15E0,-2.951551332921E0));
#1130=CARTESIAN_POINT('',(1.991010750737E-1,1.143943731647E0,
-2.953101507269E0));
#1131=CARTESIAN_POINT('',(1.995979453661E-1,1.131960868917E0,
-2.956769146509E0));
#1132=CARTESIAN_POINT('',(2.005737990362E-1,1.114505112350E0,
-2.963956639776E0));
#1133=CARTESIAN_POINT('',(2.017690689612E-1,1.097833486076E0,
-2.972735914789E0));
#1134=CARTESIAN_POINT('',(2.031650031980E-1,1.082167513082E0,
-2.982955723012E0));
#1135=CARTESIAN_POINT('',(2.047705877668E-1,1.067432036879E0,
-2.994666453468E0));
#1136=CARTESIAN_POINT('',(2.065681074127E-1,1.053863089448E0,
-3.007721646552E0));
#1137=CARTESIAN_POINT('',(2.085300287800E-1,1.041660185108E0,
-3.021905032288E0));
#1138=CARTESIAN_POINT('',(2.106500716259E-1,1.030849833012E0,
-3.037155628996E0));
#1139=CARTESIAN_POINT('',(2.129249760624E-1,1.021484001070E0,
-3.053433632978E0));
#1140=CARTESIAN_POINT('',(2.153226303881E-1,1.013723971217E0,
-3.070494087142E0));
#1141=CARTESIAN_POINT('',(2.178073766114E-1,1.007654396856E0,
-3.088072742636E0));
#1142=CARTESIAN_POINT('',(2.203923930701E-1,1.003244777563E0,
-3.106253014767E0));
#1143=CARTESIAN_POINT('',(2.230436519559E-1,1.000586881820E0,
-3.124786385162E0));
#1144=CARTESIAN_POINT('',(2.248290763658E-1,1.E0,-3.137191483919E0));
#1145=CARTESIAN_POINT('',(2.257232002361E-1,1.E0,-3.143385093695E0));
#1147=CARTESIAN_POINT('',(-7.039327939526E-2,1.E0,-3.191824007182E0));
#1148=CARTESIAN_POINT('',(-7.128896181545E-2,1.E0,-3.185630663432E0));
#1149=CARTESIAN_POINT('',(-7.307757856583E-2,1.000586879827E0,
-3.173226110198E0));
#1150=CARTESIAN_POINT('',(-7.573381838697E-2,1.003244764785E0,
-3.154693595503E0));
#1151=CARTESIAN_POINT('',(-7.832392704458E-2,1.007654364752E0,
-3.136514198417E0));
#1152=CARTESIAN_POINT('',(-8.081378994110E-2,1.013723910405E0,
-3.118936422787E0));
#1153=CARTESIAN_POINT('',(-8.321659237430E-2,1.021483903385E0,
-3.101876848342E0));
#1154=CARTESIAN_POINT('',(-8.549657803225E-2,1.030849694442E0,
-3.085599701219E0));
#1155=CARTESIAN_POINT('',(-8.762153149183E-2,1.041660008429E0,
-3.070349916724E0));
#1156=CARTESIAN_POINT('',(-8.958814943804E-2,1.053862877083E0,
-3.056167296996E0));
#1157=CARTESIAN_POINT('',(-9.139010418990E-2,1.067431802863E0,
-3.043112808167E0));
#1158=CARTESIAN_POINT('',(-9.299975886539E-2,1.082167276358E0,
-3.031402707920E0));
#1159=CARTESIAN_POINT('',(-9.439931549739E-2,1.097833267569E0,
-3.021183448424E0));
#1160=CARTESIAN_POINT('',(-9.559774971612E-2,1.114504935650E0,
-3.012404643522E0));
#1161=CARTESIAN_POINT('',(-9.657623041701E-2,1.131960763430E0,
-3.005217533344E0));
#1162=CARTESIAN_POINT('',(-9.707445572481E-2,1.143943693332E0,
-3.001550090407E0));
#1163=CARTESIAN_POINT('',(-9.728490109136E-2,1.15E0,-3.E0));
#1165=DIRECTION('',(9.980273732804E-1,0.E0,-6.278026905830E-2));
#1166=VECTOR('',#1165,3.000004305147E-1);
#1167=CARTESIAN_POINT('',(-2.536231349404E-1,1.075E0,1.437448214039E0));
#1168=LINE('',#1167,#1166);
#1169=CARTESIAN_POINT('',(4.578550670909E-2,1.075E0,1.418614106294E0));
#1170=CARTESIAN_POINT('',(4.602672560822E-2,1.070327692630E0,1.422347166206E0));
#1171=CARTESIAN_POINT('',(4.653771728316E-2,1.061326148111E0,1.430225638265E0));
#1172=CARTESIAN_POINT('',(4.738665367544E-2,1.048942947426E0,1.443200647053E0));
#1173=CARTESIAN_POINT('',(4.830903558593E-2,1.037819655251E0,1.457166312400E0));
#1174=CARTESIAN_POINT('',(4.930497443261E-2,1.027966281646E0,1.472096207974E0));
#1175=CARTESIAN_POINT('',(5.037104490284E-2,1.019459806521E0,1.487910094240E0));
#1176=CARTESIAN_POINT('',(5.149354295485E-2,1.012429994003E0,1.504379519752E0));
#1177=CARTESIAN_POINT('',(5.266079768919E-2,1.006927600281E0,1.521315596666E0));
#1178=CARTESIAN_POINT('',(5.387866671341E-2,1.002934792852E0,1.538786215605E0));
#1179=CARTESIAN_POINT('',(5.513188934461E-2,1.000530830085E0,1.556557128962E0));
#1180=CARTESIAN_POINT('',(5.597991807631E-2,1.E0,1.568444468583E0));
#1181=CARTESIAN_POINT('',(5.640574264571E-2,1.E0,1.574379582124E0));
#1183=CARTESIAN_POINT('',(-2.430139129296E-1,1.E0,1.593214382693E0));
#1184=CARTESIAN_POINT('',(-2.434390341266E-1,1.E0,1.587279226194E0));
#1185=CARTESIAN_POINT('',(-2.442857191285E-1,1.000530829854E0,
1.575391803762E0));
#1186=CARTESIAN_POINT('',(-2.455371279191E-1,1.002934792276E0,
1.557620776348E0));
#1187=CARTESIAN_POINT('',(-2.467534038604E-1,1.006927599819E0,
1.540150055577E0));
#1188=CARTESIAN_POINT('',(-2.479192932540E-1,1.012429994352E0,
1.523213890171E0));
#1189=CARTESIAN_POINT('',(-2.490406323597E-1,1.019459808195E0,
1.506744389258E0));
#1190=CARTESIAN_POINT('',(-2.501057474131E-1,1.027966284891E0,
1.490930441005E0));
#1191=CARTESIAN_POINT('',(-2.511009253972E-1,1.037819659729E0,
1.476000496918E0));
#1192=CARTESIAN_POINT('',(-2.520227192501E-1,1.048942952214E0,
1.462034795356E0));
#1193=CARTESIAN_POINT('',(-2.528712166148E-1,1.061326151506E0,
1.449059761276E0));
#1194=CARTESIAN_POINT('',(-2.533820017791E-1,1.070327693981E0,
1.441181278261E0));
#1195=CARTESIAN_POINT('',(-2.536231349404E-1,1.075E0,1.437448214039E0));
#1197=DIRECTION('',(9.980273732804E-1,0.E0,-6.278026905827E-2));
#1198=VECTOR('',#1197,3.000114662098E-1);
#1199=CARTESIAN_POINT('',(-2.430139129296E-1,1.E0,1.593214382693E0));
#1200=LINE('',#1199,#1198);
#1201=DIRECTION('',(-9.959700817334E-1,0.E0,8.968609865473E-2));
#1202=VECTOR('',#1201,3.000114662098E-1);
#1203=CARTESIAN_POINT('',(7.213941812104E-2,1.E0,1.780148954913E0));
#1204=LINE('',#1203,#1202);
#1205=DIRECTION('',(9.868833507635E-1,0.E0,-1.614349775785E-1));
#1206=VECTOR('',#1205,3.000521585476E-1);
#1207=CARTESIAN_POINT('',(-7.039327939527E-2,1.E0,3.191824007182E0));
#1208=LINE('',#1207,#1206);
#1209=DIRECTION('',(-9.868833507635E-1,0.E0,1.614349775785E-1));
#1210=VECTOR('',#1209,3.000114662098E-1);
#1211=CARTESIAN_POINT('',(2.581456442770E-1,1.E0,3.360322778325E0));
#1212=LINE('',#1211,#1210);
#1213=CARTESIAN_POINT('',(7.213941812104E-2,1.E0,1.780148954913E0));
#1214=CARTESIAN_POINT('',(7.264567343074E-2,1.E0,1.786385003767E0));
#1215=CARTESIAN_POINT('',(7.366489415445E-2,1.000586810690E0,1.798873677430E0));
#1216=CARTESIAN_POINT('',(7.520333351224E-2,1.003244288457E0,1.817527544017E0));
#1217=CARTESIAN_POINT('',(7.672774384784E-2,1.007653132093E0,1.835821958267E0));
#1218=CARTESIAN_POINT('',(7.821601539785E-2,1.013721534869E0,1.853507189832E0));
#1219=CARTESIAN_POINT('',(7.967388388040E-2,1.021480050742E0,1.870667781700E0));
#1220=CARTESIAN_POINT('',(8.107735169743E-2,1.030844199433E0,1.887038552866E0));
#1221=CARTESIAN_POINT('',(8.240325331351E-2,1.041652985193E0,1.902373868649E0));
#1222=CARTESIAN_POINT('',(8.364590088811E-2,1.053854446041E0,1.916634061984E0));
#1223=CARTESIAN_POINT('',(8.479788316216E-2,1.067422542340E0,1.929758651671E0));
#1224=CARTESIAN_POINT('',(8.583791971827E-2,1.082157945811E0,1.941530588679E0));
#1225=CARTESIAN_POINT('',(8.675068435951E-2,1.097824690214E0,1.951803003083E0));
#1226=CARTESIAN_POINT('',(8.753861621981E-2,1.114498033042E0,1.960626877451E0));
#1227=CARTESIAN_POINT('',(8.818633873581E-2,1.131956667368E0,1.967850502613E0));
#1228=CARTESIAN_POINT('',(8.851792249943E-2,1.143942208961E0,1.971536358738E0));
#1229=CARTESIAN_POINT('',(8.865820186451E-2,1.15E0,1.973094170404E0));
#1231=CARTESIAN_POINT('',(-2.101328226555E-1,1.15E0,2.E0));
#1232=CARTESIAN_POINT('',(-2.102731019653E-1,1.143942211348E0,
1.998442188949E0));
#1233=CARTESIAN_POINT('',(-2.106046899057E-1,1.131956674192E0,
1.994756334824E0));
#1234=CARTESIAN_POINT('',(-2.112524489126E-1,1.114498045581E0,
1.987532716434E0));
#1235=CARTESIAN_POINT('',(-2.120404691525E-1,1.097824706836E0,
1.978708854017E0));
#1236=CARTESIAN_POINT('',(-2.129533969946E-1,1.082157964837E0,
1.968436458347E0));
#1237=CARTESIAN_POINT('',(-2.139937003225E-1,1.067422562132E0,
1.956664549061E0));
#1238=CARTESIAN_POINT('',(-2.151460810418E-1,1.053854464730E0,
1.943539997829E0));
#1239=CARTESIAN_POINT('',(-2.163892819699E-1,1.041653000982E0,
1.929279854877E0));
#1240=CARTESIAN_POINT('',(-2.177159180546E-1,1.030844211456E0,
1.913944603923E0));
#1241=CARTESIAN_POINT('',(-2.191203297004E-1,1.021480058651E0,
1.897573914453E0));
#1242=CARTESIAN_POINT('',(-2.205793652726E-1,1.013721539180E0,
1.880413423138E0));
#1243=CARTESIAN_POINT('',(-2.220690286870E-1,1.007653133793E0,
1.862728311923E0));
#1244=CARTESIAN_POINT('',(-2.235950806248E-1,1.003244288751E0,
1.844434041221E0));
#1245=CARTESIAN_POINT('',(-2.251354062130E-1,1.000586810598E0,
1.825780341800E0));
#1246=CARTESIAN_POINT('',(-2.261560331842E-1,1.E0,1.813291794793E0));
#1247=CARTESIAN_POINT('',(-2.266630264009E-1,1.E0,1.807055812869E0));
#1249=CARTESIAN_POINT('',(-7.039327939527E-2,1.E0,3.191824007182E0));
#1250=CARTESIAN_POINT('',(-7.128896181545E-2,1.E0,3.185630663432E0));
#1251=CARTESIAN_POINT('',(-7.307757856583E-2,1.000586879827E0,
3.173226110198E0));
#1252=CARTESIAN_POINT('',(-7.573381838697E-2,1.003244764785E0,
3.154693595503E0));
#1253=CARTESIAN_POINT('',(-7.832392704459E-2,1.007654364752E0,
3.136514198417E0));
#1254=CARTESIAN_POINT('',(-8.081378994110E-2,1.013723910405E0,
3.118936422787E0));
#1255=CARTESIAN_POINT('',(-8.321659237430E-2,1.021483903385E0,
3.101876848341E0));
#1256=CARTESIAN_POINT('',(-8.549657803225E-2,1.030849694442E0,
3.085599701219E0));
#1257=CARTESIAN_POINT('',(-8.762153149183E-2,1.041660008429E0,
3.070349916724E0));
#1258=CARTESIAN_POINT('',(-8.958814943804E-2,1.053862877083E0,
3.056167296996E0));
#1259=CARTESIAN_POINT('',(-9.139010418990E-2,1.067431802863E0,
3.043112808167E0));
#1260=CARTESIAN_POINT('',(-9.299975886539E-2,1.082167276358E0,
3.031402707920E0));
#1261=CARTESIAN_POINT('',(-9.439931549739E-2,1.097833267569E0,
3.021183448424E0));
#1262=CARTESIAN_POINT('',(-9.559774971612E-2,1.114504935650E0,
3.012404643522E0));
#1263=CARTESIAN_POINT('',(-9.657623041702E-2,1.131960763430E0,
3.005217533344E0));
#1264=CARTESIAN_POINT('',(-9.707445572481E-2,1.143943693332E0,
3.001550090407E0));
#1265=CARTESIAN_POINT('',(-9.728490109136E-2,1.15E0,3.E0));
#1267=CARTESIAN_POINT('',(1.988912041353E-1,1.15E0,2.951551332921E0));
#1268=CARTESIAN_POINT('',(1.991010750737E-1,1.143943731647E0,2.953101507269E0));
#1269=CARTESIAN_POINT('',(1.995979453661E-1,1.131960868917E0,2.956769146509E0));
#1270=CARTESIAN_POINT('',(2.005737990362E-1,1.114505112350E0,2.963956639776E0));
#1271=CARTESIAN_POINT('',(2.017690689612E-1,1.097833486076E0,2.972735914789E0));
#1272=CARTESIAN_POINT('',(2.031650031980E-1,1.082167513082E0,2.982955723012E0));
#1273=CARTESIAN_POINT('',(2.047705877668E-1,1.067432036879E0,2.994666453468E0));
#1274=CARTESIAN_POINT('',(2.065681074127E-1,1.053863089448E0,3.007721646552E0));
#1275=CARTESIAN_POINT('',(2.085300287800E-1,1.041660185108E0,3.021905032288E0));
#1276=CARTESIAN_POINT('',(2.106500716259E-1,1.030849833012E0,3.037155628996E0));
#1277=CARTESIAN_POINT('',(2.129249760624E-1,1.021484001070E0,3.053433632978E0));
#1278=CARTESIAN_POINT('',(2.153226303881E-1,1.013723971217E0,3.070494087142E0));
#1279=CARTESIAN_POINT('',(2.178073766114E-1,1.007654396856E0,3.088072742636E0));
#1280=CARTESIAN_POINT('',(2.203923930701E-1,1.003244777563E0,3.106253014767E0));
#1281=CARTESIAN_POINT('',(2.230436519559E-1,1.000586881820E0,3.124786385162E0));
#1282=CARTESIAN_POINT('',(2.248290763658E-1,1.E0,3.137191483919E0));
#1283=CARTESIAN_POINT('',(2.257232002361E-1,1.E0,3.143385093695E0));
#1285=DIRECTION('',(-9.868833507635E-1,0.E0,1.614349775785E-1));
#1286=VECTOR('',#1285,3.000004305147E-1);
#1287=CARTESIAN_POINT('',(2.825401438063E-1,1.075E0,3.514532315204E0));
#1288=LINE('',#1287,#1286);
#1289=CARTESIAN_POINT('',(-1.352528629047E-2,1.075E0,3.562962877978E0));
#1290=CARTESIAN_POINT('',(-1.412297634582E-2,1.070327693981E0,
3.559270090375E0));
#1291=CARTESIAN_POINT('',(-1.538254154926E-2,1.061326151506E0,
3.551476189451E0));
#1292=CARTESIAN_POINT('',(-1.744980894872E-2,1.048942952214E0,
3.538638827470E0));
#1293=CARTESIAN_POINT('',(-1.966661830236E-2,1.037819659729E0,
3.524819410684E0));
#1294=CARTESIAN_POINT('',(-2.202698947271E-2,1.027966284891E0,
3.510043678633E0));
#1295=CARTESIAN_POINT('',(-2.451638362319E-2,1.019459808195E0,
3.494390616755E0));
#1296=CARTESIAN_POINT('',(-2.709720678807E-2,1.012429994352E0,
3.478085978963E0));
#1297=CARTESIAN_POINT('',(-2.973870265986E-2,1.006927599819E0,
3.461316497866E0));
#1298=CARTESIAN_POINT('',(-3.245032668593E-2,1.002934792276E0,
3.444014691411E0));
#1299=CARTESIAN_POINT('',(-3.519469355438E-2,1.000530829854E0,
3.426412308339E0));
#1300=CARTESIAN_POINT('',(-3.702111049707E-2,1.E0,3.414635556295E0));
#1301=CARTESIAN_POINT('',(-3.793067676356E-2,1.E0,3.408755122646E0));
#1303=CARTESIAN_POINT('',(2.581456442770E-1,1.E0,3.360322778325E0));
#1304=CARTESIAN_POINT('',(2.590545153119E-1,1.E0,3.366203327002E0));
#1305=CARTESIAN_POINT('',(2.608796039118E-1,1.000530830085E0,3.377980298073E0));
#1306=CARTESIAN_POINT('',(2.636221772024E-1,1.002934792852E0,3.395582974581E0));
#1307=CARTESIAN_POINT('',(2.663322255724E-1,1.006927600281E0,3.412885037143E0));
#1308=CARTESIAN_POINT('',(2.689723707676E-1,1.012429994003E0,3.429654736550E0));
#1309=CARTESIAN_POINT('',(2.715520473696E-1,1.019459806521E0,3.445959559370E0));
#1310=CARTESIAN_POINT('',(2.740404963506E-1,1.027966281646E0,3.461612773952E0));
#1311=CARTESIAN_POINT('',(2.764001150087E-1,1.037819655251E0,3.476388628439E0));
#1312=CARTESIAN_POINT('',(2.786163430445E-1,1.048942947426E0,3.490208141104E0));
#1313=CARTESIAN_POINT('',(2.806831768372E-1,1.061326148111E0,3.503045576366E0));
#1314=CARTESIAN_POINT('',(2.819425382896E-1,1.070327692630E0,3.510839512676E0));
#1315=CARTESIAN_POINT('',(2.825401438063E-1,1.075E0,3.514532315204E0));
#1317=CARTESIAN_POINT('',(1.764497275731E-1,1.15E0,4.585046728972E0));
#1318=CARTESIAN_POINT('',(1.764497275731E-1,-1.15E0,4.585046728972E0));
#1319=VERTEX_POINT('',#1317);
#1320=VERTEX_POINT('',#1318);
#1321=CARTESIAN_POINT('',(4.700400899824E-1,-1.15E0,4.523364485981E0));
#1322=CARTESIAN_POINT('',(4.700400899824E-1,1.15E0,4.523364485981E0));
#1323=VERTEX_POINT('',#1321);
#1324=VERTEX_POINT('',#1322);
#1325=CARTESIAN_POINT('',(1.624767080298E0,1.15E0,5.098492116291E0));
#1326=CARTESIAN_POINT('',(1.624767080298E0,-1.15E0,5.098492116291E0));
#1327=VERTEX_POINT('',#1325);
#1328=VERTEX_POINT('',#1326);
#1329=CARTESIAN_POINT('',(1.435584991799E0,-1.15E0,4.865661410861E0));
#1330=CARTESIAN_POINT('',(1.435584991799E0,1.15E0,4.865661410861E0));
#1331=VERTEX_POINT('',#1329);
#1332=VERTEX_POINT('',#1330);
#1333=CARTESIAN_POINT('',(2.004978030136E0,1.15E0,4.789559059426E0));
#1334=CARTESIAN_POINT('',(2.004978030136E0,-1.15E0,4.789559059426E0));
#1335=VERTEX_POINT('',#1333);
#1336=VERTEX_POINT('',#1334);
#1337=CARTESIAN_POINT('',(1.815795941637E0,-1.15E0,4.556728353996E0));
#1338=CARTESIAN_POINT('',(1.815795941637E0,1.15E0,4.556728353996E0));
#1339=VERTEX_POINT('',#1337);
#1340=VERTEX_POINT('',#1338);
#1341=CARTESIAN_POINT('',(2.978908651288E0,1.15E0,4.95E0));
#1342=CARTESIAN_POINT('',(2.719101030153E0,1.15E0,5.1E0));
#1343=VERTEX_POINT('',#1341);
#1344=VERTEX_POINT('',#1342);
#1345=CARTESIAN_POINT('',(2.719101030153E0,-1.15E0,5.1E0));
#1346=VERTEX_POINT('',#1345);
#1347=CARTESIAN_POINT('',(2.978908651288E0,-1.15E0,4.95E0));
#1348=VERTEX_POINT('',#1347);
#1349=CARTESIAN_POINT('',(2.863438597450E0,1.15E0,4.75E0));
#1350=VERTEX_POINT('',#1349);
#1351=CARTESIAN_POINT('',(2.603630976315E0,1.15E0,4.9E0));
#1352=VERTEX_POINT('',#1351);
#1353=CARTESIAN_POINT('',(2.603630976315E0,-1.15E0,4.9E0));
#1354=VERTEX_POINT('',#1353);
#1355=CARTESIAN_POINT('',(2.863438597450E0,-1.15E0,4.75E0));
#1356=VERTEX_POINT('',#1355);
#1357=CARTESIAN_POINT('',(-3.793067676356E-2,-1.E0,3.408755122646E0));
#1358=CARTESIAN_POINT('',(2.581456442770E-1,-1.E0,3.360322778325E0));
#1359=VERTEX_POINT('',#1357);
#1360=VERTEX_POINT('',#1358);
#1361=CARTESIAN_POINT('',(2.257232002361E-1,-1.E0,3.143385093695E0));
#1362=CARTESIAN_POINT('',(-7.039327939527E-2,-1.E0,3.191824007182E0));
#1363=VERTEX_POINT('',#1361);
#1364=VERTEX_POINT('',#1362);
#1365=CARTESIAN_POINT('',(1.988912041353E-1,-1.15E0,2.951551332921E0));
#1366=CARTESIAN_POINT('',(-9.728490109136E-2,-1.15E0,3.E0));
#1367=VERTEX_POINT('',#1365);
#1368=VERTEX_POINT('',#1366);
#1369=CARTESIAN_POINT('',(-2.266630264009E-1,-1.E0,1.807055812869E0));
#1370=CARTESIAN_POINT('',(7.213941812104E-2,-1.E0,1.780148954913E0));
#1371=VERTEX_POINT('',#1369);
#1372=VERTEX_POINT('',#1370);
#1373=CARTESIAN_POINT('',(-2.101328226555E-1,-1.15E0,2.E0));
#1374=CARTESIAN_POINT('',(8.865820186451E-2,-1.15E0,1.973094170404E0));
#1375=VERTEX_POINT('',#1373);
#1376=VERTEX_POINT('',#1374);
#1377=CARTESIAN_POINT('',(5.640574264571E-2,-1.E0,1.574379582124E0));
#1378=CARTESIAN_POINT('',(-2.430139129296E-1,-1.E0,1.593214382693E0));
#1379=VERTEX_POINT('',#1377);
#1380=VERTEX_POINT('',#1378);
#1381=CARTESIAN_POINT('',(-2.430139129296E-1,1.E0,1.593214382693E0));
#1382=CARTESIAN_POINT('',(5.640574264571E-2,1.E0,1.574379582124E0));
#1383=VERTEX_POINT('',#1381);
#1384=VERTEX_POINT('',#1382);
#1385=CARTESIAN_POINT('',(-7.039327939527E-2,1.E0,3.191824007182E0));
#1386=CARTESIAN_POINT('',(2.257232002361E-1,1.E0,3.143385093695E0));
#1387=VERTEX_POINT('',#1385);
#1388=VERTEX_POINT('',#1386);
#1389=CARTESIAN_POINT('',(-9.728490109136E-2,1.15E0,3.E0));
#1390=CARTESIAN_POINT('',(1.988912041353E-1,1.15E0,2.951551332921E0));
#1391=VERTEX_POINT('',#1389);
#1392=VERTEX_POINT('',#1390);
#1393=CARTESIAN_POINT('',(7.213941812104E-2,1.E0,1.780148954913E0));
#1394=CARTESIAN_POINT('',(-2.266630264009E-1,1.E0,1.807055812869E0));
#1395=VERTEX_POINT('',#1393);
#1396=VERTEX_POINT('',#1394);
#1397=CARTESIAN_POINT('',(8.865820186451E-2,1.15E0,1.973094170404E0));
#1398=CARTESIAN_POINT('',(-2.101328226555E-1,1.15E0,2.E0));
#1399=VERTEX_POINT('',#1397);
#1400=VERTEX_POINT('',#1398);
#1401=CARTESIAN_POINT('',(2.581456442770E-1,1.E0,3.360322778325E0));
#1402=CARTESIAN_POINT('',(-3.793067676356E-2,1.E0,3.408755122646E0));
#1403=VERTEX_POINT('',#1401);
#1404=VERTEX_POINT('',#1402);
#1405=CARTESIAN_POINT('',(-1.352528629047E-2,-1.075E0,3.562962877978E0));
#1406=CARTESIAN_POINT('',(2.825401438064E-1,-1.075E0,3.514532315205E0));
#1407=VERTEX_POINT('',#1405);
#1408=VERTEX_POINT('',#1406);
#1409=VERTEX_POINT('',#486);
#1410=CARTESIAN_POINT('',(3.080280837688E-1,-1.15E0,3.668562986434E0));
#1411=VERTEX_POINT('',#1410);
#1412=CARTESIAN_POINT('',(4.578550670908E-2,-1.075E0,1.418614106294E0));
#1413=CARTESIAN_POINT('',(-2.536231349404E-1,-1.075E0,1.437448214039E0));
#1414=VERTEX_POINT('',#1412);
#1415=VERTEX_POINT('',#1413);
#1416=VERTEX_POINT('',#229);
#1417=CARTESIAN_POINT('',(-2.631414458006E-1,-1.15E0,1.281613422322E0));
#1418=VERTEX_POINT('',#1417);
#1419=CARTESIAN_POINT('',(2.825401438063E-1,1.075E0,3.514532315204E0));
#1420=CARTESIAN_POINT('',(-1.352528629047E-2,1.075E0,3.562962877978E0));
#1421=VERTEX_POINT('',#1419);
#1422=VERTEX_POINT('',#1420);
#1423=VERTEX_POINT('',#277);
#1424=CARTESIAN_POINT('',(1.195883416595E-2,1.15E0,3.716994174005E0));
#1425=VERTEX_POINT('',#1424);
#1426=CARTESIAN_POINT('',(-2.536231349404E-1,1.075E0,1.437448214039E0));
#1427=CARTESIAN_POINT('',(4.578550670909E-2,1.075E0,1.418614106294E0));
#1428=VERTEX_POINT('',#1426);
#1429=VERTEX_POINT('',#1427);
#1430=VERTEX_POINT('',#438);
#1431=CARTESIAN_POINT('',(3.627105848532E-2,1.15E0,1.262779071600E0));
#1432=VERTEX_POINT('',#1431);
#1433=CARTESIAN_POINT('',(1.764497275731E-1,1.15E0,-4.585046728972E0));
#1434=CARTESIAN_POINT('',(1.764497275731E-1,-1.15E0,-4.585046728972E0));
#1435=VERTEX_POINT('',#1433);
#1436=VERTEX_POINT('',#1434);
#1437=CARTESIAN_POINT('',(4.700400899824E-1,-1.15E0,-4.523364485981E0));
#1438=CARTESIAN_POINT('',(4.700400899824E-1,1.15E0,-4.523364485981E0));
#1439=VERTEX_POINT('',#1437);
#1440=VERTEX_POINT('',#1438);
#1441=CARTESIAN_POINT('',(1.624767080298E0,1.15E0,-5.098492116291E0));
#1442=CARTESIAN_POINT('',(1.624767080298E0,-1.15E0,-5.098492116291E0));
#1443=VERTEX_POINT('',#1441);
#1444=VERTEX_POINT('',#1442);
#1445=CARTESIAN_POINT('',(1.435584991799E0,-1.15E0,-4.865661410861E0));
#1446=CARTESIAN_POINT('',(1.435584991799E0,1.15E0,-4.865661410861E0));
#1447=VERTEX_POINT('',#1445);
#1448=VERTEX_POINT('',#1446);
#1449=CARTESIAN_POINT('',(2.004978030136E0,1.15E0,-4.789559059426E0));
#1450=CARTESIAN_POINT('',(2.004978030136E0,-1.15E0,-4.789559059426E0));
#1451=VERTEX_POINT('',#1449);
#1452=VERTEX_POINT('',#1450);
#1453=CARTESIAN_POINT('',(1.815795941637E0,-1.15E0,-4.556728353996E0));
#1454=CARTESIAN_POINT('',(1.815795941637E0,1.15E0,-4.556728353996E0));
#1455=VERTEX_POINT('',#1453);
#1456=VERTEX_POINT('',#1454);
#1457=CARTESIAN_POINT('',(2.978908651288E0,1.15E0,-4.95E0));
#1458=CARTESIAN_POINT('',(2.719101030153E0,1.15E0,-5.1E0));
#1459=VERTEX_POINT('',#1457);
#1460=VERTEX_POINT('',#1458);
#1461=CARTESIAN_POINT('',(2.719101030153E0,-1.15E0,-5.1E0));
#1462=VERTEX_POINT('',#1461);
#1463=CARTESIAN_POINT('',(2.978908651288E0,-1.15E0,-4.95E0));
#1464=VERTEX_POINT('',#1463);
#1465=CARTESIAN_POINT('',(2.863438597450E0,1.15E0,-4.75E0));
#1466=VERTEX_POINT('',#1465);
#1467=CARTESIAN_POINT('',(2.603630976315E0,1.15E0,-4.9E0));
#1468=VERTEX_POINT('',#1467);
#1469=CARTESIAN_POINT('',(2.603630976315E0,-1.15E0,-4.9E0));
#1470=VERTEX_POINT('',#1469);
#1471=CARTESIAN_POINT('',(2.863438597450E0,-1.15E0,-4.75E0));
#1472=VERTEX_POINT('',#1471);
#1473=CARTESIAN_POINT('',(-3.793067676356E-2,-1.E0,-3.408755122646E0));
#1474=CARTESIAN_POINT('',(2.581456442770E-1,-1.E0,-3.360322778325E0));
#1475=VERTEX_POINT('',#1473);
#1476=VERTEX_POINT('',#1474);
#1477=CARTESIAN_POINT('',(2.257232002361E-1,-1.E0,-3.143385093695E0));
#1478=CARTESIAN_POINT('',(-7.039327939527E-2,-1.E0,-3.191824007182E0));
#1479=VERTEX_POINT('',#1477);
#1480=VERTEX_POINT('',#1478);
#1481=CARTESIAN_POINT('',(1.988912041353E-1,-1.15E0,-2.951551332921E0));
#1482=CARTESIAN_POINT('',(-9.728490109136E-2,-1.15E0,-3.E0));
#1483=VERTEX_POINT('',#1481);
#1484=VERTEX_POINT('',#1482);
#1485=CARTESIAN_POINT('',(-2.266630264009E-1,-1.E0,-1.807055812869E0));
#1486=CARTESIAN_POINT('',(7.213941812104E-2,-1.E0,-1.780148954913E0));
#1487=VERTEX_POINT('',#1485);
#1488=VERTEX_POINT('',#1486);
#1489=CARTESIAN_POINT('',(-2.101328226555E-1,-1.15E0,-2.E0));
#1490=CARTESIAN_POINT('',(8.865820186451E-2,-1.15E0,-1.973094170404E0));
#1491=VERTEX_POINT('',#1489);
#1492=VERTEX_POINT('',#1490);
#1493=CARTESIAN_POINT('',(5.640574264571E-2,-1.E0,-1.574379582124E0));
#1494=CARTESIAN_POINT('',(-2.430139129296E-1,-1.E0,-1.593214382693E0));
#1495=VERTEX_POINT('',#1493);
#1496=VERTEX_POINT('',#1494);
#1497=CARTESIAN_POINT('',(-2.430139129296E-1,1.E0,-1.593214382693E0));
#1498=CARTESIAN_POINT('',(5.640574264571E-2,1.E0,-1.574379582124E0));
#1499=VERTEX_POINT('',#1497);
#1500=VERTEX_POINT('',#1498);
#1501=CARTESIAN_POINT('',(-7.039327939526E-2,1.E0,-3.191824007182E0));
#1502=CARTESIAN_POINT('',(2.257232002361E-1,1.E0,-3.143385093695E0));
#1503=VERTEX_POINT('',#1501);
#1504=VERTEX_POINT('',#1502);
#1505=CARTESIAN_POINT('',(-9.728490109136E-2,1.15E0,-3.E0));
#1506=CARTESIAN_POINT('',(1.988912041353E-1,1.15E0,-2.951551332921E0));
#1507=VERTEX_POINT('',#1505);
#1508=VERTEX_POINT('',#1506);
#1509=CARTESIAN_POINT('',(7.213941812104E-2,1.E0,-1.780148954913E0));
#1510=CARTESIAN_POINT('',(-2.266630264009E-1,1.E0,-1.807055812869E0));
#1511=VERTEX_POINT('',#1509);
#1512=VERTEX_POINT('',#1510);
#1513=CARTESIAN_POINT('',(8.865820186451E-2,1.15E0,-1.973094170404E0));
#1514=CARTESIAN_POINT('',(-2.101328226555E-1,1.15E0,-2.E0));
#1515=VERTEX_POINT('',#1513);
#1516=VERTEX_POINT('',#1514);
#1517=CARTESIAN_POINT('',(2.581456442770E-1,1.E0,-3.360322778325E0));
#1518=CARTESIAN_POINT('',(-3.793067676356E-2,1.E0,-3.408755122646E0));
#1519=VERTEX_POINT('',#1517);
#1520=VERTEX_POINT('',#1518);
#1521=CARTESIAN_POINT('',(-1.352528629047E-2,-1.075E0,-3.562962877978E0));
#1522=CARTESIAN_POINT('',(2.825401438064E-1,-1.075E0,-3.514532315205E0));
#1523=VERTEX_POINT('',#1521);
#1524=VERTEX_POINT('',#1522);
#1525=VERTEX_POINT('',#371);
#1526=CARTESIAN_POINT('',(3.080280837688E-1,-1.15E0,-3.668562986434E0));
#1527=VERTEX_POINT('',#1526);
#1528=CARTESIAN_POINT('',(4.578550670908E-2,-1.075E0,-1.418614106294E0));
#1529=CARTESIAN_POINT('',(-2.536231349404E-1,-1.075E0,-1.437448214039E0));
#1530=VERTEX_POINT('',#1528);
#1531=VERTEX_POINT('',#1529);
#1532=VERTEX_POINT('',#210);
#1533=CARTESIAN_POINT('',(-2.631414458006E-1,-1.15E0,-1.281613422322E0));
#1534=VERTEX_POINT('',#1533);
#1535=CARTESIAN_POINT('',(2.825401438063E-1,1.075E0,-3.514532315204E0));
#1536=CARTESIAN_POINT('',(-1.352528629047E-2,1.075E0,-3.562962877978E0));
#1537=VERTEX_POINT('',#1535);
#1538=VERTEX_POINT('',#1536);
#1539=VERTEX_POINT('',#162);
#1540=CARTESIAN_POINT('',(1.195883416595E-2,1.15E0,-3.716994174005E0));
#1541=VERTEX_POINT('',#1540);
#1542=CARTESIAN_POINT('',(-2.536231349404E-1,1.075E0,-1.437448214039E0));
#1543=CARTESIAN_POINT('',(4.578550670909E-2,1.075E0,-1.418614106294E0));
#1544=VERTEX_POINT('',#1542);
#1545=VERTEX_POINT('',#1543);
#1546=VERTEX_POINT('',#419);
#1547=CARTESIAN_POINT('',(3.627105848532E-2,1.15E0,-1.262779071600E0));
#1548=VERTEX_POINT('',#1547);
#1549=CARTESIAN_POINT('',(2.2E1,1.15E0,0.E0));
#1550=DIRECTION('',(0.E0,1.E0,0.E0));
#1551=DIRECTION('',(1.E0,0.E0,0.E0));
#1552=AXIS2_PLACEMENT_3D('',#1549,#1550,#1551);
#1553=PLANE('',#1552);
#1555=ORIENTED_EDGE('',*,*,#1554,.T.);
#1557=ORIENTED_EDGE('',*,*,#1556,.T.);
#1559=ORIENTED_EDGE('',*,*,#1558,.T.);
#1561=ORIENTED_EDGE('',*,*,#1560,.T.);
#1563=ORIENTED_EDGE('',*,*,#1562,.T.);
#1565=ORIENTED_EDGE('',*,*,#1564,.T.);
#1567=ORIENTED_EDGE('',*,*,#1566,.F.);
#1569=ORIENTED_EDGE('',*,*,#1568,.F.);
#1571=ORIENTED_EDGE('',*,*,#1570,.F.);
#1573=ORIENTED_EDGE('',*,*,#1572,.F.);
#1575=ORIENTED_EDGE('',*,*,#1574,.F.);
#1577=ORIENTED_EDGE('',*,*,#1576,.F.);
#1578=EDGE_LOOP('',(#1555,#1557,#1559,#1561,#1563,#1565,#1567,#1569,#1571,#1573,
#1575,#1577));
#1579=FACE_OUTER_BOUND('',#1578,.F.);
#1580=ADVANCED_FACE('',(#1579),#1553,.T.);
#1581=CARTESIAN_POINT('',(2.2E1,1.15E0,0.E0));
#1582=DIRECTION('',(0.E0,1.E0,0.E0));
#1583=DIRECTION('',(1.E0,0.E0,0.E0));
#1584=AXIS2_PLACEMENT_3D('',#1581,#1582,#1583);
#1585=PLANE('',#1584);
#1587=ORIENTED_EDGE('',*,*,#1586,.T.);
#1589=ORIENTED_EDGE('',*,*,#1588,.F.);
#1591=ORIENTED_EDGE('',*,*,#1590,.T.);
#1593=ORIENTED_EDGE('',*,*,#1592,.T.);
#1594=EDGE_LOOP('',(#1587,#1589,#1591,#1593));
#1595=FACE_OUTER_BOUND('',#1594,.F.);
#1596=ADVANCED_FACE('',(#1595),#1585,.T.);
#1597=CARTESIAN_POINT('',(2.2E1,1.15E0,0.E0));
#1598=DIRECTION('',(0.E0,1.E0,0.E0));
#1599=DIRECTION('',(1.E0,0.E0,0.E0));
#1600=AXIS2_PLACEMENT_3D('',#1597,#1598,#1599);
#1601=PLANE('',#1600);
#1603=ORIENTED_EDGE('',*,*,#1602,.F.);
#1605=ORIENTED_EDGE('',*,*,#1604,.F.);
#1607=ORIENTED_EDGE('',*,*,#1606,.F.);
#1609=ORIENTED_EDGE('',*,*,#1608,.T.);
#1610=EDGE_LOOP('',(#1603,#1605,#1607,#1609));
#1611=FACE_OUTER_BOUND('',#1610,.F.);
#1612=ADVANCED_FACE('',(#1611),#1601,.T.);
#1613=CARTESIAN_POINT('',(2.2E1,1.15E0,0.E0));
#1614=DIRECTION('',(0.E0,1.E0,0.E0));
#1615=DIRECTION('',(1.E0,0.E0,0.E0));
#1616=AXIS2_PLACEMENT_3D('',#1613,#1614,#1615);
#1617=PLANE('',#1616);
#1619=ORIENTED_EDGE('',*,*,#1618,.F.);
#1621=ORIENTED_EDGE('',*,*,#1620,.T.);
#1623=ORIENTED_EDGE('',*,*,#1622,.T.);
#1625=ORIENTED_EDGE('',*,*,#1624,.T.);
#1627=ORIENTED_EDGE('',*,*,#1626,.T.);
#1629=ORIENTED_EDGE('',*,*,#1628,.T.);
#1631=ORIENTED_EDGE('',*,*,#1630,.T.);
#1633=ORIENTED_EDGE('',*,*,#1632,.F.);
#1635=ORIENTED_EDGE('',*,*,#1634,.F.);
#1637=ORIENTED_EDGE('',*,*,#1636,.F.);
#1639=ORIENTED_EDGE('',*,*,#1638,.F.);
#1641=ORIENTED_EDGE('',*,*,#1640,.F.);
#1642=EDGE_LOOP('',(#1619,#1621,#1623,#1625,#1627,#1629,#1631,#1633,#1635,#1637,
#1639,#1641));
#1643=FACE_OUTER_BOUND('',#1642,.F.);
#1644=ADVANCED_FACE('',(#1643),#1617,.T.);
#1645=CARTESIAN_POINT('',(2.2E1,1.15E0,0.E0));
#1646=DIRECTION('',(0.E0,1.E0,0.E0));
#1647=DIRECTION('',(1.E0,0.E0,0.E0));
#1648=AXIS2_PLACEMENT_3D('',#1645,#1646,#1647);
#1649=PLANE('',#1648);
#1651=ORIENTED_EDGE('',*,*,#1650,.F.);
#1653=ORIENTED_EDGE('',*,*,#1652,.T.);
#1655=ORIENTED_EDGE('',*,*,#1654,.F.);
#1657=ORIENTED_EDGE('',*,*,#1656,.F.);
#1658=EDGE_LOOP('',(#1651,#1653,#1655,#1657));
#1659=FACE_OUTER_BOUND('',#1658,.F.);
#1660=ADVANCED_FACE('',(#1659),#1649,.T.);
#1661=CARTESIAN_POINT('',(3.098732023848E-1,9.5E-1,-3.668261160811E0));
#1662=DIRECTION('',(9.868833507635E-1,0.E0,1.614349775785E-1));
#1663=DIRECTION('',(0.E0,1.E0,0.E0));
#1664=AXIS2_PLACEMENT_3D('',#1661,#1662,#1663);
#1665=CYLINDRICAL_SURFACE('',#1664,2.E-1);
#1667=ORIENTED_EDGE('',*,*,#1666,.T.);
#1669=ORIENTED_EDGE('',*,*,#1668,.F.);
#1670=ORIENTED_EDGE('',*,*,#1554,.F.);
#1672=ORIENTED_EDGE('',*,*,#1671,.F.);
#1673=EDGE_LOOP('',(#1667,#1669,#1670,#1672));
#1674=FACE_OUTER_BOUND('',#1673,.F.);
#1675=ADVANCED_FACE('',(#1674),#1665,.T.);
#1676=CARTESIAN_POINT('',(2.907570072927E-1,1.2E0,-3.354988191767E0));
#1677=DIRECTION('',(9.868833507635E-1,0.E0,1.614349775785E-1));
#1678=DIRECTION('',(0.E0,-1.E0,0.E0));
#1679=AXIS2_PLACEMENT_3D('',#1676,#1677,#1678);
#1680=CYLINDRICAL_SURFACE('',#1679,2.E-1);
#1681=ORIENTED_EDGE('',*,*,#1666,.F.);
#1683=ORIENTED_EDGE('',*,*,#1682,.F.);
#1685=ORIENTED_EDGE('',*,*,#1684,.T.);
#1687=ORIENTED_EDGE('',*,*,#1686,.F.);
#1688=EDGE_LOOP('',(#1681,#1683,#1685,#1687));
#1689=FACE_OUTER_BOUND('',#1688,.F.);
#1690=ADVANCED_FACE('',(#1689),#1680,.F.);
#1691=CARTESIAN_POINT('',(2.2E1,-1.E0,0.E0));
#1692=DIRECTION('',(0.E0,1.E0,0.E0));
#1693=DIRECTION('',(1.E0,0.E0,0.E0));
#1694=AXIS2_PLACEMENT_3D('',#1691,#1692,#1693);
#1695=CYLINDRICAL_SURFACE('',#1694,2.2E1);
#1696=ORIENTED_EDGE('',*,*,#1654,.T.);
#1698=ORIENTED_EDGE('',*,*,#1697,.T.);
#1700=ORIENTED_EDGE('',*,*,#1699,.T.);
#1702=ORIENTED_EDGE('',*,*,#1701,.T.);
#1704=ORIENTED_EDGE('',*,*,#1703,.T.);
#1705=ORIENTED_EDGE('',*,*,#1588,.T.);
#1707=ORIENTED_EDGE('',*,*,#1706,.T.);
#1709=ORIENTED_EDGE('',*,*,#1708,.T.);
#1710=ORIENTED_EDGE('',*,*,#1682,.T.);
#1711=ORIENTED_EDGE('',*,*,#1671,.T.);
#1712=ORIENTED_EDGE('',*,*,#1576,.T.);
#1714=ORIENTED_EDGE('',*,*,#1713,.F.);
#1716=ORIENTED_EDGE('',*,*,#1715,.F.);
#1718=ORIENTED_EDGE('',*,*,#1717,.T.);
#1720=ORIENTED_EDGE('',*,*,#1719,.T.);
#1722=ORIENTED_EDGE('',*,*,#1721,.F.);
#1724=ORIENTED_EDGE('',*,*,#1723,.T.);
#1726=ORIENTED_EDGE('',*,*,#1725,.F.);
#1728=ORIENTED_EDGE('',*,*,#1727,.T.);
#1730=ORIENTED_EDGE('',*,*,#1729,.F.);
#1732=ORIENTED_EDGE('',*,*,#1731,.T.);
#1734=ORIENTED_EDGE('',*,*,#1733,.T.);
#1736=ORIENTED_EDGE('',*,*,#1735,.T.);
#1738=ORIENTED_EDGE('',*,*,#1737,.F.);
#1740=ORIENTED_EDGE('',*,*,#1739,.F.);
#1742=ORIENTED_EDGE('',*,*,#1741,.T.);
#1744=ORIENTED_EDGE('',*,*,#1743,.F.);
#1746=ORIENTED_EDGE('',*,*,#1745,.T.);
#1748=ORIENTED_EDGE('',*,*,#1747,.F.);
#1750=ORIENTED_EDGE('',*,*,#1749,.T.);
#1752=ORIENTED_EDGE('',*,*,#1751,.F.);
#1754=ORIENTED_EDGE('',*,*,#1753,.F.);
#1756=ORIENTED_EDGE('',*,*,#1755,.T.);
#1758=ORIENTED_EDGE('',*,*,#1757,.T.);
#1759=ORIENTED_EDGE('',*,*,#1620,.F.);
#1761=ORIENTED_EDGE('',*,*,#1760,.F.);
#1763=ORIENTED_EDGE('',*,*,#1762,.F.);
#1765=ORIENTED_EDGE('',*,*,#1764,.F.);
#1767=ORIENTED_EDGE('',*,*,#1766,.F.);
#1768=ORIENTED_EDGE('',*,*,#1608,.F.);
#1770=ORIENTED_EDGE('',*,*,#1769,.F.);
#1772=ORIENTED_EDGE('',*,*,#1771,.F.);
#1774=ORIENTED_EDGE('',*,*,#1773,.F.);
#1776=ORIENTED_EDGE('',*,*,#1775,.F.);
#1777=EDGE_LOOP('',(#1696,#1698,#1700,#1702,#1704,#1705,#1707,#1709,#1710,#1711,
#1712,#1714,#1716,#1718,#1720,#1722,#1724,#1726,#1728,#1730,#1732,#1734,#1736,
#1738,#1740,#1742,#1744,#1746,#1748,#1750,#1752,#1754,#1756,#1758,#1759,#1761,
#1763,#1765,#1767,#1768,#1770,#1772,#1774,#1776));
#1778=FACE_OUTER_BOUND('',#1777,.F.);
#1779=ADVANCED_FACE('',(#1778),#1695,.F.);
#1780=CARTESIAN_POINT('',(-2.647906705956E-1,9.5E-1,-1.281717165745E0));
#1781=DIRECTION('',(-9.980273732804E-1,0.E0,-6.278026905830E-2));
#1782=DIRECTION('',(0.E0,1.E0,0.E0));
#1783=AXIS2_PLACEMENT_3D('',#1780,#1781,#1782);
#1784=CYLINDRICAL_SURFACE('',#1783,2.E-1);
#1786=ORIENTED_EDGE('',*,*,#1785,.T.);
#1787=ORIENTED_EDGE('',*,*,#1697,.F.);
#1788=ORIENTED_EDGE('',*,*,#1652,.F.);
#1790=ORIENTED_EDGE('',*,*,#1789,.F.);
#1791=EDGE_LOOP('',(#1786,#1787,#1788,#1790));
#1792=FACE_OUTER_BOUND('',#1791,.F.);
#1793=ADVANCED_FACE('',(#1792),#1784,.T.);
#1794=CARTESIAN_POINT('',(-2.579966315243E-1,1.2E0,-1.594156860955E0));
#1795=DIRECTION('',(-9.980273732804E-1,0.E0,-6.278026905830E-2));
#1796=DIRECTION('',(0.E0,-1.E0,0.E0));
#1797=AXIS2_PLACEMENT_3D('',#1794,#1795,#1796);
#1798=CYLINDRICAL_SURFACE('',#1797,2.E-1);
#1799=ORIENTED_EDGE('',*,*,#1785,.F.);
#1801=ORIENTED_EDGE('',*,*,#1800,.F.);
#1803=ORIENTED_EDGE('',*,*,#1802,.T.);
#1804=ORIENTED_EDGE('',*,*,#1699,.F.);
#1805=EDGE_LOOP('',(#1799,#1801,#1803,#1804));
#1806=FACE_OUTER_BOUND('',#1805,.F.);
#1807=ADVANCED_FACE('',(#1806),#1798,.F.);
#1808=CARTESIAN_POINT('',(2.2E1,-1.E0,0.E0));
#1809=DIRECTION('',(0.E0,1.E0,0.E0));
#1810=DIRECTION('',(1.E0,0.E0,0.E0));
#1811=AXIS2_PLACEMENT_3D('',#1808,#1809,#1810);
#1812=CYLINDRICAL_SURFACE('',#1811,2.23E1);
#1814=ORIENTED_EDGE('',*,*,#1813,.F.);
#1816=ORIENTED_EDGE('',*,*,#1815,.T.);
#1818=ORIENTED_EDGE('',*,*,#1817,.T.);
#1820=ORIENTED_EDGE('',*,*,#1819,.T.);
#1822=ORIENTED_EDGE('',*,*,#1821,.T.);
#1824=ORIENTED_EDGE('',*,*,#1823,.T.);
#1826=ORIENTED_EDGE('',*,*,#1825,.T.);
#1828=ORIENTED_EDGE('',*,*,#1827,.T.);
#1830=ORIENTED_EDGE('',*,*,#1829,.T.);
#1832=ORIENTED_EDGE('',*,*,#1831,.T.);
#1834=ORIENTED_EDGE('',*,*,#1833,.T.);
#1836=ORIENTED_EDGE('',*,*,#1835,.F.);
#1837=ORIENTED_EDGE('',*,*,#1556,.F.);
#1838=ORIENTED_EDGE('',*,*,#1668,.T.);
#1839=ORIENTED_EDGE('',*,*,#1686,.T.);
#1841=ORIENTED_EDGE('',*,*,#1840,.F.);
#1843=ORIENTED_EDGE('',*,*,#1842,.T.);
#1844=ORIENTED_EDGE('',*,*,#1592,.F.);
#1846=ORIENTED_EDGE('',*,*,#1845,.T.);
#1848=ORIENTED_EDGE('',*,*,#1847,.F.);
#1849=ORIENTED_EDGE('',*,*,#1800,.T.);
#1850=ORIENTED_EDGE('',*,*,#1789,.T.);
#1851=ORIENTED_EDGE('',*,*,#1650,.T.);
#1853=ORIENTED_EDGE('',*,*,#1852,.F.);
#1855=ORIENTED_EDGE('',*,*,#1854,.F.);
#1857=ORIENTED_EDGE('',*,*,#1856,.T.);
#1859=ORIENTED_EDGE('',*,*,#1858,.F.);
#1860=ORIENTED_EDGE('',*,*,#1604,.T.);
#1862=ORIENTED_EDGE('',*,*,#1861,.F.);
#1864=ORIENTED_EDGE('',*,*,#1863,.T.);
#1866=ORIENTED_EDGE('',*,*,#1865,.F.);
#1868=ORIENTED_EDGE('',*,*,#1867,.F.);
#1869=ORIENTED_EDGE('',*,*,#1640,.T.);
#1871=ORIENTED_EDGE('',*,*,#1870,.T.);
#1873=ORIENTED_EDGE('',*,*,#1872,.F.);
#1875=ORIENTED_EDGE('',*,*,#1874,.F.);
#1877=ORIENTED_EDGE('',*,*,#1876,.F.);
#1879=ORIENTED_EDGE('',*,*,#1878,.F.);
#1881=ORIENTED_EDGE('',*,*,#1880,.F.);
#1883=ORIENTED_EDGE('',*,*,#1882,.F.);
#1885=ORIENTED_EDGE('',*,*,#1884,.F.);
#1887=ORIENTED_EDGE('',*,*,#1886,.F.);
#1889=ORIENTED_EDGE('',*,*,#1888,.F.);
#1891=ORIENTED_EDGE('',*,*,#1890,.F.);
#1892=EDGE_LOOP('',(#1814,#1816,#1818,#1820,#1822,#1824,#1826,#1828,#1830,#1832,
#1834,#1836,#1837,#1838,#1839,#1841,#1843,#1844,#1846,#1848,#1849,#1850,#1851,
#1853,#1855,#1857,#1859,#1860,#1862,#1864,#1866,#1868,#1869,#1871,#1873,#1875,
#1877,#1879,#1881,#1883,#1885,#1887,#1889,#1891));
#1893=FACE_OUTER_BOUND('',#1892,.F.);
#1894=ADVANCED_FACE('',(#1893),#1812,.T.);
#1895=CARTESIAN_POINT('',(2.2E1,-1.15E0,0.E0));
#1896=DIRECTION('',(0.E0,1.E0,0.E0));
#1897=DIRECTION('',(1.E0,0.E0,0.E0));
#1898=AXIS2_PLACEMENT_3D('',#1895,#1896,#1897);
#1899=PLANE('',#1898);
#1901=ORIENTED_EDGE('',*,*,#1900,.T.);
#1902=ORIENTED_EDGE('',*,*,#1715,.T.);
#1904=ORIENTED_EDGE('',*,*,#1903,.T.);
#1906=ORIENTED_EDGE('',*,*,#1905,.T.);
#1908=ORIENTED_EDGE('',*,*,#1907,.T.);
#1910=ORIENTED_EDGE('',*,*,#1909,.T.);
#1912=ORIENTED_EDGE('',*,*,#1911,.F.);
#1914=ORIENTED_EDGE('',*,*,#1913,.F.);
#1916=ORIENTED_EDGE('',*,*,#1915,.F.);
#1918=ORIENTED_EDGE('',*,*,#1917,.F.);
#1920=ORIENTED_EDGE('',*,*,#1919,.F.);
#1921=ORIENTED_EDGE('',*,*,#1833,.F.);
#1922=EDGE_LOOP('',(#1901,#1902,#1904,#1906,#1908,#1910,#1912,#1914,#1916,#1918,
#1920,#1921));
#1923=FACE_OUTER_BOUND('',#1922,.F.);
#1924=ADVANCED_FACE('',(#1923),#1899,.F.);
#1925=CARTESIAN_POINT('',(2.2E1,-1.15E0,0.E0));
#1926=DIRECTION('',(0.E0,1.E0,0.E0));
#1927=DIRECTION('',(1.E0,0.E0,0.E0));
#1928=AXIS2_PLACEMENT_3D('',#1925,#1926,#1927);
#1929=PLANE('',#1928);
#1931=ORIENTED_EDGE('',*,*,#1930,.T.);
#1932=ORIENTED_EDGE('',*,*,#1823,.F.);
#1934=ORIENTED_EDGE('',*,*,#1933,.T.);
#1935=ORIENTED_EDGE('',*,*,#1725,.T.);
#1936=EDGE_LOOP('',(#1931,#1932,#1934,#1935));
#1937=FACE_OUTER_BOUND('',#1936,.F.);
#1938=ADVANCED_FACE('',(#1937),#1929,.F.);
#1939=CARTESIAN_POINT('',(2.2E1,-1.15E0,0.E0));
#1940=DIRECTION('',(0.E0,1.E0,0.E0));
#1941=DIRECTION('',(1.E0,0.E0,0.E0));
#1942=AXIS2_PLACEMENT_3D('',#1939,#1940,#1941);
#1943=PLANE('',#1942);
#1945=ORIENTED_EDGE('',*,*,#1944,.F.);
#1946=ORIENTED_EDGE('',*,*,#1745,.F.);
#1948=ORIENTED_EDGE('',*,*,#1947,.F.);
#1949=ORIENTED_EDGE('',*,*,#1882,.T.);
#1950=EDGE_LOOP('',(#1945,#1946,#1948,#1949));
#1951=FACE_OUTER_BOUND('',#1950,.F.);
#1952=ADVANCED_FACE('',(#1951),#1943,.F.);
#1953=CARTESIAN_POINT('',(2.2E1,-1.15E0,0.E0));
#1954=DIRECTION('',(0.E0,1.E0,0.E0));
#1955=DIRECTION('',(1.E0,0.E0,0.E0));
#1956=AXIS2_PLACEMENT_3D('',#1953,#1954,#1955);
#1957=PLANE('',#1956);
#1959=ORIENTED_EDGE('',*,*,#1958,.F.);
#1960=ORIENTED_EDGE('',*,*,#1872,.T.);
#1962=ORIENTED_EDGE('',*,*,#1961,.T.);
#1964=ORIENTED_EDGE('',*,*,#1963,.T.);
#1966=ORIENTED_EDGE('',*,*,#1965,.T.);
#1968=ORIENTED_EDGE('',*,*,#1967,.T.);
#1970=ORIENTED_EDGE('',*,*,#1969,.T.);
#1972=ORIENTED_EDGE('',*,*,#1971,.F.);
#1974=ORIENTED_EDGE('',*,*,#1973,.F.);
#1976=ORIENTED_EDGE('',*,*,#1975,.F.);
#1978=ORIENTED_EDGE('',*,*,#1977,.F.);
#1979=ORIENTED_EDGE('',*,*,#1755,.F.);
#1980=EDGE_LOOP('',(#1959,#1960,#1962,#1964,#1966,#1968,#1970,#1972,#1974,#1976,
#1978,#1979));
#1981=FACE_OUTER_BOUND('',#1980,.F.);
#1982=ADVANCED_FACE('',(#1981),#1957,.F.);
#1983=CARTESIAN_POINT('',(2.2E1,-1.15E0,0.E0));
#1984=DIRECTION('',(0.E0,1.E0,0.E0));
#1985=DIRECTION('',(1.E0,0.E0,0.E0));
#1986=AXIS2_PLACEMENT_3D('',#1983,#1984,#1985);
#1987=PLANE('',#1986);
#1988=ORIENTED_EDGE('',*,*,#1735,.F.);
#1990=ORIENTED_EDGE('',*,*,#1989,.T.);
#1991=ORIENTED_EDGE('',*,*,#1813,.T.);
#1993=ORIENTED_EDGE('',*,*,#1992,.F.);
#1994=EDGE_LOOP('',(#1988,#1990,#1991,#1993));
#1995=FACE_OUTER_BOUND('',#1994,.F.);
#1996=ADVANCED_FACE('',(#1995),#1987,.F.);
#1997=CARTESIAN_POINT('',(1.032802469579E-2,-9.5E-1,-3.717260942808E0));
#1998=DIRECTION('',(-9.868833507635E-1,0.E0,-1.614349775785E-1));
#1999=DIRECTION('',(0.E0,-1.E0,0.E0));
#2000=AXIS2_PLACEMENT_3D('',#1997,#1998,#1999);
#2001=CYLINDRICAL_SURFACE('',#2000,2.E-1);
#2003=ORIENTED_EDGE('',*,*,#2002,.T.);
#2004=ORIENTED_EDGE('',*,*,#1717,.F.);
#2005=ORIENTED_EDGE('',*,*,#1900,.F.);
#2006=ORIENTED_EDGE('',*,*,#1831,.F.);
#2007=EDGE_LOOP('',(#2003,#2004,#2005,#2006));
#2008=FACE_OUTER_BOUND('',#2007,.F.);
#2009=ADVANCED_FACE('',(#2008),#2001,.T.);
#2010=CARTESIAN_POINT('',(-2.582011482430E-1,-1.2E0,-3.444787100080E0));
#2011=DIRECTION('',(-9.868833507635E-1,0.E0,-1.614349775785E-1));
#2012=DIRECTION('',(0.E0,1.E0,0.E0));
#2013=AXIS2_PLACEMENT_3D('',#2010,#2011,#2012);
#2014=CYLINDRICAL_SURFACE('',#2013,2.E-1);
#2015=ORIENTED_EDGE('',*,*,#2002,.F.);
#2016=ORIENTED_EDGE('',*,*,#1829,.F.);
#2018=ORIENTED_EDGE('',*,*,#2017,.T.);
#2019=ORIENTED_EDGE('',*,*,#1719,.F.);
#2020=EDGE_LOOP('',(#2015,#2016,#2018,#2019));
#2021=FACE_OUTER_BOUND('',#2020,.F.);
#2022=ADVANCED_FACE('',(#2021),#2014,.F.);
#2023=CARTESIAN_POINT('',(2.2E1,-1.E0,0.E0));
#2024=DIRECTION('',(0.E0,1.E0,0.E0));
#2025=DIRECTION('',(1.E0,0.E0,0.E0));
#2026=AXIS2_PLACEMENT_3D('',#2023,#2024,#2025);
#2027=PLANE('',#2026);
#2028=ORIENTED_EDGE('',*,*,#2017,.F.);
#2029=ORIENTED_EDGE('',*,*,#1827,.F.);
#2031=ORIENTED_EDGE('',*,*,#2030,.F.);
#2032=ORIENTED_EDGE('',*,*,#1721,.T.);
#2033=EDGE_LOOP('',(#2028,#2029,#2031,#2032));
#2034=FACE_OUTER_BOUND('',#2033,.F.);
#2035=ADVANCED_FACE('',(#2034),#2027,.F.);
#2036=CARTESIAN_POINT('',(2.2E1,-1.E0,0.E0));
#2037=DIRECTION('',(0.E0,1.E0,0.E0));
#2038=DIRECTION('',(1.E0,0.E0,0.E0));
#2039=AXIS2_PLACEMENT_3D('',#2036,#2037,#2038);
#2040=PLANE('',#2039);
#2042=ORIENTED_EDGE('',*,*,#2041,.F.);
#2043=ORIENTED_EDGE('',*,*,#1819,.F.);
#2045=ORIENTED_EDGE('',*,*,#2044,.F.);
#2046=ORIENTED_EDGE('',*,*,#1729,.T.);
#2047=EDGE_LOOP('',(#2042,#2043,#2045,#2046));
#2048=FACE_OUTER_BOUND('',#2047,.F.);
#2049=ADVANCED_FACE('',(#2048),#2040,.F.);
#2050=CARTESIAN_POINT('',(2.905524905739E-1,-1.2E0,-3.132780279028E0));
#2051=DIRECTION('',(9.868833507635E-1,0.E0,1.614349775785E-1));
#2052=DIRECTION('',(0.E0,1.E0,0.E0));
#2053=AXIS2_PLACEMENT_3D('',#2050,#2051,#2052);
#2054=CYLINDRICAL_SURFACE('',#2053,2.E-1);
#2055=ORIENTED_EDGE('',*,*,#2030,.T.);
#2056=ORIENTED_EDGE('',*,*,#1825,.F.);
#2057=ORIENTED_EDGE('',*,*,#1930,.F.);
#2058=ORIENTED_EDGE('',*,*,#1723,.F.);
#2059=EDGE_LOOP('',(#2055,#2056,#2057,#2058));
#2060=FACE_OUTER_BOUND('',#2059,.F.);
#2061=ADVANCED_FACE('',(#2060),#2054,.F.);
#2062=CARTESIAN_POINT('',(-2.582011482430E-1,-1.2E0,-1.809895788847E0));
#2063=DIRECTION('',(-9.959700817334E-1,0.E0,-8.968609865471E-2));
#2064=DIRECTION('',(0.E0,1.E0,0.E0));
#2065=AXIS2_PLACEMENT_3D('',#2062,#2063,#2064);
#2066=CYLINDRICAL_SURFACE('',#2065,2.E-1);
#2067=ORIENTED_EDGE('',*,*,#2041,.T.);
#2068=ORIENTED_EDGE('',*,*,#1727,.F.);
#2069=ORIENTED_EDGE('',*,*,#1933,.F.);
#2070=ORIENTED_EDGE('',*,*,#1821,.F.);
#2071=EDGE_LOOP('',(#2067,#2068,#2069,#2070));
#2072=FACE_OUTER_BOUND('',#2071,.F.);
#2073=ADVANCED_FACE('',(#2072),#2066,.F.);
#2074=CARTESIAN_POINT('',(2.905524905740E-1,-1.2E0,-1.559650731766E0));
#2075=DIRECTION('',(9.980273732804E-1,0.E0,6.278026905830E-2));
#2076=DIRECTION('',(0.E0,1.E0,0.E0));
#2077=AXIS2_PLACEMENT_3D('',#2074,#2075,#2076);
#2078=CYLINDRICAL_SURFACE('',#2077,2.E-1);
#2080=ORIENTED_EDGE('',*,*,#2079,.F.);
#2081=ORIENTED_EDGE('',*,*,#1731,.F.);
#2082=ORIENTED_EDGE('',*,*,#2044,.T.);
#2083=ORIENTED_EDGE('',*,*,#1817,.F.);
#2084=EDGE_LOOP('',(#2080,#2081,#2082,#2083));
#2085=FACE_OUTER_BOUND('',#2084,.F.);
#2086=ADVANCED_FACE('',(#2085),#2078,.F.);
#2087=CARTESIAN_POINT('',(3.813701243448E-2,-9.5E-1,-1.262661694969E0));
#2088=DIRECTION('',(9.980273732804E-1,0.E0,6.278026905830E-2));
#2089=DIRECTION('',(0.E0,-1.E0,0.E0));
#2090=AXIS2_PLACEMENT_3D('',#2087,#2088,#2089);
#2091=CYLINDRICAL_SURFACE('',#2090,2.E-1);
#2092=ORIENTED_EDGE('',*,*,#2079,.T.);
#2093=ORIENTED_EDGE('',*,*,#1815,.F.);
#2094=ORIENTED_EDGE('',*,*,#1989,.F.);
#2095=ORIENTED_EDGE('',*,*,#1733,.F.);
#2096=EDGE_LOOP('',(#2092,#2093,#2094,#2095));
#2097=FACE_OUTER_BOUND('',#2096,.F.);
#2098=ADVANCED_FACE('',(#2097),#2091,.T.);
#2099=CARTESIAN_POINT('',(1.057220814801E0,-1.E0,-4.4E0));
#2100=DIRECTION('',(0.E0,-1.E0,0.E0));
#2101=DIRECTION('',(9.786345413644E-1,0.E0,2.056074766355E-1));
#2102=AXIS2_PLACEMENT_3D('',#2099,#2100,#2101);
#2103=CYLINDRICAL_SURFACE('',#2102,6.E-1);
#2104=ORIENTED_EDGE('',*,*,#1713,.T.);
#2105=ORIENTED_EDGE('',*,*,#1574,.T.);
#2107=ORIENTED_EDGE('',*,*,#2106,.F.);
#2108=ORIENTED_EDGE('',*,*,#1903,.F.);
#2109=EDGE_LOOP('',(#2104,#2105,#2107,#2108));
#2110=FACE_OUTER_BOUND('',#2109,.F.);
#2111=ADVANCED_FACE('',(#2110),#2103,.F.);
#2112=CARTESIAN_POINT('',(1.435584991799E0,-1.15E0,-4.865661410861E0));
#2113=DIRECTION('',(6.306069616634E-1,0.E0,-7.761023514342E-1));
#2114=DIRECTION('',(0.E0,1.E0,0.E0));
#2115=AXIS2_PLACEMENT_3D('',#2112,#2113,#2114);
#2116=PLANE('',#2115);
#2117=ORIENTED_EDGE('',*,*,#2106,.T.);
#2118=ORIENTED_EDGE('',*,*,#1572,.T.);
#2120=ORIENTED_EDGE('',*,*,#2119,.F.);
#2121=ORIENTED_EDGE('',*,*,#1905,.F.);
#2122=EDGE_LOOP('',(#2117,#2118,#2120,#2121));
#2123=FACE_OUTER_BOUND('',#2122,.F.);
#2124=ADVANCED_FACE('',(#2123),#2116,.F.);
#2125=CARTESIAN_POINT('',(2.257220814801E0,1.E0,-5.1E0));
#2126=DIRECTION('',(0.E0,1.E0,0.E0));
#2127=DIRECTION('',(6.306069616634E-1,0.E0,-7.761023514342E-1));
#2128=AXIS2_PLACEMENT_3D('',#2125,#2126,#2127);
#2129=CYLINDRICAL_SURFACE('',#2128,7.E-1);
#2130=ORIENTED_EDGE('',*,*,#2119,.T.);
#2131=ORIENTED_EDGE('',*,*,#1570,.T.);
#2133=ORIENTED_EDGE('',*,*,#2132,.F.);
#2134=ORIENTED_EDGE('',*,*,#1907,.F.);
#2135=EDGE_LOOP('',(#2130,#2131,#2133,#2134));
#2136=FACE_OUTER_BOUND('',#2135,.F.);
#2137=ADVANCED_FACE('',(#2136),#2129,.T.);
#2138=CARTESIAN_POINT('',(2.863438597450E0,-1.15E0,-4.75E0));
#2139=DIRECTION('',(-8.660254037844E-1,0.E0,-5.E-1));
#2140=DIRECTION('',(0.E0,1.E0,0.E0));
#2141=AXIS2_PLACEMENT_3D('',#2138,#2139,#2140);
#2142=PLANE('',#2141);
#2143=ORIENTED_EDGE('',*,*,#2132,.T.);
#2144=ORIENTED_EDGE('',*,*,#1568,.T.);
#2146=ORIENTED_EDGE('',*,*,#2145,.F.);
#2147=ORIENTED_EDGE('',*,*,#1909,.F.);
#2148=EDGE_LOOP('',(#2143,#2144,#2146,#2147));
#2149=FACE_OUTER_BOUND('',#2148,.F.);
#2150=ADVANCED_FACE('',(#2149),#2142,.F.);
#2151=CARTESIAN_POINT('',(2.978908651288E0,0.E0,-4.95E0));
#2152=DIRECTION('',(-5.E-1,0.E0,8.660254037844E-1));
#2153=DIRECTION('',(8.660254037844E-1,0.E0,5.E-1));
#2154=AXIS2_PLACEMENT_3D('',#2151,#2152,#2153);
#2155=PLANE('',#2154);
#2156=ORIENTED_EDGE('',*,*,#1566,.T.);
#2158=ORIENTED_EDGE('',*,*,#2157,.T.);
#2159=ORIENTED_EDGE('',*,*,#1911,.T.);
#2160=ORIENTED_EDGE('',*,*,#2145,.T.);
#2161=EDGE_LOOP('',(#2156,#2158,#2159,#2160));
#2162=FACE_OUTER_BOUND('',#2161,.F.);
#2163=ADVANCED_FACE('',(#2162),#2155,.F.);
#2164=CARTESIAN_POINT('',(2.603630976315E0,1.15E0,-4.9E0));
#2165=DIRECTION('',(8.660254037844E-1,0.E0,5.E-1));
#2166=DIRECTION('',(0.E0,-1.E0,0.E0));
#2167=AXIS2_PLACEMENT_3D('',#2164,#2165,#2166);
#2168=PLANE('',#2167);
#2170=ORIENTED_EDGE('',*,*,#2169,.T.);
#2171=ORIENTED_EDGE('',*,*,#1913,.T.);
#2172=ORIENTED_EDGE('',*,*,#2157,.F.);
#2173=ORIENTED_EDGE('',*,*,#1564,.F.);
#2174=EDGE_LOOP('',(#2170,#2171,#2172,#2173));
#2175=FACE_OUTER_BOUND('',#2174,.F.);
#2176=ADVANCED_FACE('',(#2175),#2168,.F.);
#2177=CARTESIAN_POINT('',(2.257220814801E0,1.E0,-5.1E0));
#2178=DIRECTION('',(0.E0,1.E0,0.E0));
#2179=DIRECTION('',(6.306069616634E-1,0.E0,-7.761023514342E-1));
#2180=AXIS2_PLACEMENT_3D('',#2177,#2178,#2179);
#2181=CYLINDRICAL_SURFACE('',#2180,4.E-1);
#2183=ORIENTED_EDGE('',*,*,#2182,.T.);
#2184=ORIENTED_EDGE('',*,*,#1915,.T.);
#2185=ORIENTED_EDGE('',*,*,#2169,.F.);
#2186=ORIENTED_EDGE('',*,*,#1562,.F.);
#2187=EDGE_LOOP('',(#2183,#2184,#2185,#2186));
#2188=FACE_OUTER_BOUND('',#2187,.F.);
#2189=ADVANCED_FACE('',(#2188),#2181,.F.);
#2190=CARTESIAN_POINT('',(1.624767080298E0,1.15E0,-5.098492116291E0));
#2191=DIRECTION('',(-6.306069616634E-1,0.E0,7.761023514342E-1));
#2192=DIRECTION('',(0.E0,-1.E0,0.E0));
#2193=AXIS2_PLACEMENT_3D('',#2190,#2191,#2192);
#2194=PLANE('',#2193);
#2196=ORIENTED_EDGE('',*,*,#2195,.T.);
#2197=ORIENTED_EDGE('',*,*,#1917,.T.);
#2198=ORIENTED_EDGE('',*,*,#2182,.F.);
#2199=ORIENTED_EDGE('',*,*,#1560,.F.);
#2200=EDGE_LOOP('',(#2196,#2197,#2198,#2199));
#2201=FACE_OUTER_BOUND('',#2200,.F.);
#2202=ADVANCED_FACE('',(#2201),#2194,.F.);
#2203=CARTESIAN_POINT('',(1.057220814801E0,-1.E0,-4.4E0));
#2204=DIRECTION('',(0.E0,-1.E0,0.E0));
#2205=DIRECTION('',(9.786345413644E-1,0.E0,2.056074766355E-1));
#2206=AXIS2_PLACEMENT_3D('',#2203,#2204,#2205);
#2207=CYLINDRICAL_SURFACE('',#2206,9.E-1);
#2208=ORIENTED_EDGE('',*,*,#1835,.T.);
#2209=ORIENTED_EDGE('',*,*,#1919,.T.);
#2210=ORIENTED_EDGE('',*,*,#2195,.F.);
#2211=ORIENTED_EDGE('',*,*,#1558,.F.);
#2212=EDGE_LOOP('',(#2208,#2209,#2210,#2211));
#2213=FACE_OUTER_BOUND('',#2212,.F.);
#2214=ADVANCED_FACE('',(#2213),#2207,.T.);
#2215=CARTESIAN_POINT('',(2.905524905739E-1,-1.2E0,3.132780279028E0));
#2216=DIRECTION('',(-9.868833507635E-1,0.E0,1.614349775785E-1));
#2217=DIRECTION('',(0.E0,1.E0,0.E0));
#2218=AXIS2_PLACEMENT_3D('',#2215,#2216,#2217);
#2219=CYLINDRICAL_SURFACE('',#2218,2.E-1);
#2221=ORIENTED_EDGE('',*,*,#2220,.F.);
#2222=ORIENTED_EDGE('',*,*,#1747,.T.);
#2223=ORIENTED_EDGE('',*,*,#1944,.T.);
#2224=ORIENTED_EDGE('',*,*,#1880,.T.);
#2225=EDGE_LOOP('',(#2221,#2222,#2223,#2224));
#2226=FACE_OUTER_BOUND('',#2225,.F.);
#2227=ADVANCED_FACE('',(#2226),#2219,.F.);
#2228=CARTESIAN_POINT('',(2.2E1,-1.E0,0.E0));
#2229=DIRECTION('',(0.E0,-1.E0,0.E0));
#2230=DIRECTION('',(1.E0,0.E0,0.E0));
#2231=AXIS2_PLACEMENT_3D('',#2228,#2229,#2230);
#2232=PLANE('',#2231);
#2234=ORIENTED_EDGE('',*,*,#2233,.T.);
#2235=ORIENTED_EDGE('',*,*,#1749,.F.);
#2236=ORIENTED_EDGE('',*,*,#2220,.T.);
#2237=ORIENTED_EDGE('',*,*,#1878,.T.);
#2238=EDGE_LOOP('',(#2234,#2235,#2236,#2237));
#2239=FACE_OUTER_BOUND('',#2238,.F.);
#2240=ADVANCED_FACE('',(#2239),#2232,.T.);
#2241=CARTESIAN_POINT('',(2.2E1,-1.E0,0.E0));
#2242=DIRECTION('',(0.E0,-1.E0,0.E0));
#2243=DIRECTION('',(1.E0,0.E0,0.E0));
#2244=AXIS2_PLACEMENT_3D('',#2241,#2242,#2243);
#2245=PLANE('',#2244);
#2247=ORIENTED_EDGE('',*,*,#2246,.T.);
#2248=ORIENTED_EDGE('',*,*,#1741,.F.);
#2250=ORIENTED_EDGE('',*,*,#2249,.T.);
#2251=ORIENTED_EDGE('',*,*,#1886,.T.);
#2252=EDGE_LOOP('',(#2247,#2248,#2250,#2251));
#2253=FACE_OUTER_BOUND('',#2252,.F.);
#2254=ADVANCED_FACE('',(#2253),#2245,.T.);
#2255=CARTESIAN_POINT('',(-2.582011482430E-1,-1.2E0,3.444787100080E0));
#2256=DIRECTION('',(9.868833507635E-1,0.E0,-1.614349775785E-1));
#2257=DIRECTION('',(0.E0,1.E0,0.E0));
#2258=AXIS2_PLACEMENT_3D('',#2255,#2256,#2257);
#2259=CYLINDRICAL_SURFACE('',#2258,2.E-1);
#2261=ORIENTED_EDGE('',*,*,#2260,.T.);
#2262=ORIENTED_EDGE('',*,*,#1751,.T.);
#2263=ORIENTED_EDGE('',*,*,#2233,.F.);
#2264=ORIENTED_EDGE('',*,*,#1876,.T.);
#2265=EDGE_LOOP('',(#2261,#2262,#2263,#2264));
#2266=FACE_OUTER_BOUND('',#2265,.F.);
#2267=ADVANCED_FACE('',(#2266),#2259,.F.);
#2268=CARTESIAN_POINT('',(1.032802469579E-2,-9.5E-1,3.717260942808E0));
#2269=DIRECTION('',(9.868833507635E-1,0.E0,-1.614349775785E-1));
#2270=DIRECTION('',(0.E0,-1.E0,0.E0));
#2271=AXIS2_PLACEMENT_3D('',#2268,#2269,#2270);
#2272=CYLINDRICAL_SURFACE('',#2271,2.E-1);
#2273=ORIENTED_EDGE('',*,*,#2260,.F.);
#2274=ORIENTED_EDGE('',*,*,#1874,.T.);
#2275=ORIENTED_EDGE('',*,*,#1958,.T.);
#2276=ORIENTED_EDGE('',*,*,#1753,.T.);
#2277=EDGE_LOOP('',(#2273,#2274,#2275,#2276));
#2278=FACE_OUTER_BOUND('',#2277,.F.);
#2279=ADVANCED_FACE('',(#2278),#2272,.T.);
#2280=CARTESIAN_POINT('',(-2.582011482430E-1,-1.2E0,1.809895788847E0));
#2281=DIRECTION('',(9.959700817334E-1,0.E0,-8.968609865471E-2));
#2282=DIRECTION('',(0.E0,1.E0,0.E0));
#2283=AXIS2_PLACEMENT_3D('',#2280,#2281,#2282);
#2284=CYLINDRICAL_SURFACE('',#2283,2.E-1);
#2285=ORIENTED_EDGE('',*,*,#2246,.F.);
#2286=ORIENTED_EDGE('',*,*,#1884,.T.);
#2287=ORIENTED_EDGE('',*,*,#1947,.T.);
#2288=ORIENTED_EDGE('',*,*,#1743,.T.);
#2289=EDGE_LOOP('',(#2285,#2286,#2287,#2288));
#2290=FACE_OUTER_BOUND('',#2289,.F.);
#2291=ADVANCED_FACE('',(#2290),#2284,.F.);
#2292=CARTESIAN_POINT('',(2.905524905740E-1,-1.2E0,1.559650731766E0));
#2293=DIRECTION('',(-9.980273732804E-1,0.E0,6.278026905830E-2));
#2294=DIRECTION('',(0.E0,1.E0,0.E0));
#2295=AXIS2_PLACEMENT_3D('',#2292,#2293,#2294);
#2296=CYLINDRICAL_SURFACE('',#2295,2.E-1);
#2298=ORIENTED_EDGE('',*,*,#2297,.T.);
#2299=ORIENTED_EDGE('',*,*,#1888,.T.);
#2300=ORIENTED_EDGE('',*,*,#2249,.F.);
#2301=ORIENTED_EDGE('',*,*,#1739,.T.);
#2302=EDGE_LOOP('',(#2298,#2299,#2300,#2301));
#2303=FACE_OUTER_BOUND('',#2302,.F.);
#2304=ADVANCED_FACE('',(#2303),#2296,.F.);
#2305=CARTESIAN_POINT('',(3.813701243448E-2,-9.5E-1,1.262661694969E0));
#2306=DIRECTION('',(-9.980273732804E-1,0.E0,6.278026905830E-2));
#2307=DIRECTION('',(0.E0,-1.E0,0.E0));
#2308=AXIS2_PLACEMENT_3D('',#2305,#2306,#2307);
#2309=CYLINDRICAL_SURFACE('',#2308,2.E-1);
#2310=ORIENTED_EDGE('',*,*,#2297,.F.);
#2311=ORIENTED_EDGE('',*,*,#1737,.T.);
#2312=ORIENTED_EDGE('',*,*,#1992,.T.);
#2313=ORIENTED_EDGE('',*,*,#1890,.T.);
#2314=EDGE_LOOP('',(#2310,#2311,#2312,#2313));
#2315=FACE_OUTER_BOUND('',#2314,.F.);
#2316=ADVANCED_FACE('',(#2315),#2309,.T.);
#2317=CARTESIAN_POINT('',(1.057220814801E0,-1.E0,4.4E0));
#2318=DIRECTION('',(0.E0,1.E0,0.E0));
#2319=DIRECTION('',(9.786345413644E-1,0.E0,-2.056074766355E-1));
#2320=AXIS2_PLACEMENT_3D('',#2317,#2318,#2319);
#2321=CYLINDRICAL_SURFACE('',#2320,9.E-1);
#2322=ORIENTED_EDGE('',*,*,#1870,.F.);
#2323=ORIENTED_EDGE('',*,*,#1638,.T.);
#2325=ORIENTED_EDGE('',*,*,#2324,.T.);
#2326=ORIENTED_EDGE('',*,*,#1961,.F.);
#2327=EDGE_LOOP('',(#2322,#2323,#2325,#2326));
#2328=FACE_OUTER_BOUND('',#2327,.F.);
#2329=ADVANCED_FACE('',(#2328),#2321,.T.);
#2330=CARTESIAN_POINT('',(1.624767080298E0,1.15E0,5.098492116291E0));
#2331=DIRECTION('',(6.306069616634E-1,0.E0,7.761023514342E-1));
#2332=DIRECTION('',(0.E0,-1.E0,0.E0));
#2333=AXIS2_PLACEMENT_3D('',#2330,#2331,#2332);
#2334=PLANE('',#2333);
#2335=ORIENTED_EDGE('',*,*,#2324,.F.);
#2336=ORIENTED_EDGE('',*,*,#1636,.T.);
#2338=ORIENTED_EDGE('',*,*,#2337,.T.);
#2339=ORIENTED_EDGE('',*,*,#1963,.F.);
#2340=EDGE_LOOP('',(#2335,#2336,#2338,#2339));
#2341=FACE_OUTER_BOUND('',#2340,.F.);
#2342=ADVANCED_FACE('',(#2341),#2334,.T.);
#2343=CARTESIAN_POINT('',(2.257220814801E0,1.E0,5.1E0));
#2344=DIRECTION('',(0.E0,-1.E0,0.E0));
#2345=DIRECTION('',(6.306069616634E-1,0.E0,7.761023514342E-1));
#2346=AXIS2_PLACEMENT_3D('',#2343,#2344,#2345);
#2347=CYLINDRICAL_SURFACE('',#2346,4.E-1);
#2348=ORIENTED_EDGE('',*,*,#2337,.F.);
#2349=ORIENTED_EDGE('',*,*,#1634,.T.);
#2351=ORIENTED_EDGE('',*,*,#2350,.T.);
#2352=ORIENTED_EDGE('',*,*,#1965,.F.);
#2353=EDGE_LOOP('',(#2348,#2349,#2351,#2352));
#2354=FACE_OUTER_BOUND('',#2353,.F.);
#2355=ADVANCED_FACE('',(#2354),#2347,.F.);
#2356=CARTESIAN_POINT('',(2.603630976315E0,1.15E0,4.9E0));
#2357=DIRECTION('',(-8.660254037844E-1,0.E0,5.E-1));
#2358=DIRECTION('',(0.E0,-1.E0,0.E0));
#2359=AXIS2_PLACEMENT_3D('',#2356,#2357,#2358);
#2360=PLANE('',#2359);
#2361=ORIENTED_EDGE('',*,*,#2350,.F.);
#2362=ORIENTED_EDGE('',*,*,#1632,.T.);
#2364=ORIENTED_EDGE('',*,*,#2363,.T.);
#2365=ORIENTED_EDGE('',*,*,#1967,.F.);
#2366=EDGE_LOOP('',(#2361,#2362,#2364,#2365));
#2367=FACE_OUTER_BOUND('',#2366,.F.);
#2368=ADVANCED_FACE('',(#2367),#2360,.T.);
#2369=CARTESIAN_POINT('',(2.978908651288E0,0.E0,4.95E0));
#2370=DIRECTION('',(5.E-1,0.E0,8.660254037844E-1));
#2371=DIRECTION('',(8.660254037844E-1,0.E0,-5.E-1));
#2372=AXIS2_PLACEMENT_3D('',#2369,#2370,#2371);
#2373=PLANE('',#2372);
#2374=ORIENTED_EDGE('',*,*,#1630,.F.);
#2376=ORIENTED_EDGE('',*,*,#2375,.F.);
#2377=ORIENTED_EDGE('',*,*,#1969,.F.);
#2378=ORIENTED_EDGE('',*,*,#2363,.F.);
#2379=EDGE_LOOP('',(#2374,#2376,#2377,#2378));
#2380=FACE_OUTER_BOUND('',#2379,.F.);
#2381=ADVANCED_FACE('',(#2380),#2373,.T.);
#2382=CARTESIAN_POINT('',(2.863438597450E0,-1.15E0,4.75E0));
#2383=DIRECTION('',(8.660254037844E-1,0.E0,-5.E-1));
#2384=DIRECTION('',(0.E0,1.E0,0.E0));
#2385=AXIS2_PLACEMENT_3D('',#2382,#2383,#2384);
#2386=PLANE('',#2385);
#2388=ORIENTED_EDGE('',*,*,#2387,.F.);
#2389=ORIENTED_EDGE('',*,*,#1971,.T.);
#2390=ORIENTED_EDGE('',*,*,#2375,.T.);
#2391=ORIENTED_EDGE('',*,*,#1628,.F.);
#2392=EDGE_LOOP('',(#2388,#2389,#2390,#2391));
#2393=FACE_OUTER_BOUND('',#2392,.F.);
#2394=ADVANCED_FACE('',(#2393),#2386,.T.);
#2395=CARTESIAN_POINT('',(2.257220814801E0,1.E0,5.1E0));
#2396=DIRECTION('',(0.E0,-1.E0,0.E0));
#2397=DIRECTION('',(6.306069616634E-1,0.E0,7.761023514342E-1));
#2398=AXIS2_PLACEMENT_3D('',#2395,#2396,#2397);
#2399=CYLINDRICAL_SURFACE('',#2398,7.E-1);
#2401=ORIENTED_EDGE('',*,*,#2400,.F.);
#2402=ORIENTED_EDGE('',*,*,#1973,.T.);
#2403=ORIENTED_EDGE('',*,*,#2387,.T.);
#2404=ORIENTED_EDGE('',*,*,#1626,.F.);
#2405=EDGE_LOOP('',(#2401,#2402,#2403,#2404));
#2406=FACE_OUTER_BOUND('',#2405,.F.);
#2407=ADVANCED_FACE('',(#2406),#2399,.T.);
#2408=CARTESIAN_POINT('',(1.435584991799E0,-1.15E0,4.865661410861E0));
#2409=DIRECTION('',(-6.306069616634E-1,0.E0,-7.761023514342E-1));
#2410=DIRECTION('',(0.E0,1.E0,0.E0));
#2411=AXIS2_PLACEMENT_3D('',#2408,#2409,#2410);
#2412=PLANE('',#2411);
#2414=ORIENTED_EDGE('',*,*,#2413,.F.);
#2415=ORIENTED_EDGE('',*,*,#1975,.T.);
#2416=ORIENTED_EDGE('',*,*,#2400,.T.);
#2417=ORIENTED_EDGE('',*,*,#1624,.F.);
#2418=EDGE_LOOP('',(#2414,#2415,#2416,#2417));
#2419=FACE_OUTER_BOUND('',#2418,.F.);
#2420=ADVANCED_FACE('',(#2419),#2412,.T.);
#2421=CARTESIAN_POINT('',(1.057220814801E0,-1.E0,4.4E0));
#2422=DIRECTION('',(0.E0,1.E0,0.E0));
#2423=DIRECTION('',(9.786345413644E-1,0.E0,-2.056074766355E-1));
#2424=AXIS2_PLACEMENT_3D('',#2421,#2422,#2423);
#2425=CYLINDRICAL_SURFACE('',#2424,6.E-1);
#2426=ORIENTED_EDGE('',*,*,#1757,.F.);
#2427=ORIENTED_EDGE('',*,*,#1977,.T.);
#2428=ORIENTED_EDGE('',*,*,#2413,.T.);
#2429=ORIENTED_EDGE('',*,*,#1622,.F.);
#2430=EDGE_LOOP('',(#2426,#2427,#2428,#2429));
#2431=FACE_OUTER_BOUND('',#2430,.F.);
#2432=ADVANCED_FACE('',(#2431),#2425,.F.);
#2433=CARTESIAN_POINT('',(0.E0,1.E0,0.E0));
#2434=DIRECTION('',(0.E0,-1.E0,0.E0));
#2435=DIRECTION('',(-1.E0,0.E0,0.E0));
#2436=AXIS2_PLACEMENT_3D('',#2433,#2434,#2435);
#2437=PLANE('',#2436);
#2438=ORIENTED_EDGE('',*,*,#1802,.F.);
#2439=ORIENTED_EDGE('',*,*,#1847,.T.);
#2441=ORIENTED_EDGE('',*,*,#2440,.F.);
#2442=ORIENTED_EDGE('',*,*,#1701,.F.);
#2443=EDGE_LOOP('',(#2438,#2439,#2441,#2442));
#2444=FACE_OUTER_BOUND('',#2443,.F.);
#2445=ADVANCED_FACE('',(#2444),#2437,.F.);
#2446=CARTESIAN_POINT('',(0.E0,1.E0,0.E0));
#2447=DIRECTION('',(0.E0,-1.E0,0.E0));
#2448=DIRECTION('',(-1.E0,0.E0,0.E0));
#2449=AXIS2_PLACEMENT_3D('',#2446,#2447,#2448);
#2450=PLANE('',#2449);
#2452=ORIENTED_EDGE('',*,*,#2451,.F.);
#2453=ORIENTED_EDGE('',*,*,#1840,.T.);
#2454=ORIENTED_EDGE('',*,*,#1684,.F.);
#2455=ORIENTED_EDGE('',*,*,#1708,.F.);
#2456=EDGE_LOOP('',(#2452,#2453,#2454,#2455));
#2457=FACE_OUTER_BOUND('',#2456,.F.);
#2458=ADVANCED_FACE('',(#2457),#2450,.F.);
#2459=CARTESIAN_POINT('',(2.907570072927E-1,1.2E0,-1.760462662092E0));
#2460=DIRECTION('',(9.959700817334E-1,0.E0,8.968609865471E-2));
#2461=DIRECTION('',(0.E0,-1.E0,0.E0));
#2462=AXIS2_PLACEMENT_3D('',#2459,#2460,#2461);
#2463=CYLINDRICAL_SURFACE('',#2462,2.E-1);
#2464=ORIENTED_EDGE('',*,*,#2440,.T.);
#2465=ORIENTED_EDGE('',*,*,#1845,.F.);
#2466=ORIENTED_EDGE('',*,*,#1590,.F.);
#2467=ORIENTED_EDGE('',*,*,#1703,.F.);
#2468=EDGE_LOOP('',(#2464,#2465,#2466,#2467));
#2469=FACE_OUTER_BOUND('',#2468,.F.);
#2470=ADVANCED_FACE('',(#2469),#2463,.F.);
#2471=CARTESIAN_POINT('',(-2.579966315243E-1,1.2E0,-3.222512277403E0));
#2472=DIRECTION('',(-9.868833507635E-1,0.E0,-1.614349775785E-1));
#2473=DIRECTION('',(0.E0,-1.E0,0.E0));
#2474=AXIS2_PLACEMENT_3D('',#2471,#2472,#2473);
#2475=CYLINDRICAL_SURFACE('',#2474,2.E-1);
#2476=ORIENTED_EDGE('',*,*,#2451,.T.);
#2477=ORIENTED_EDGE('',*,*,#1706,.F.);
#2478=ORIENTED_EDGE('',*,*,#1586,.F.);
#2479=ORIENTED_EDGE('',*,*,#1842,.F.);
#2480=EDGE_LOOP('',(#2476,#2477,#2478,#2479));
#2481=FACE_OUTER_BOUND('',#2480,.F.);
#2482=ADVANCED_FACE('',(#2481),#2475,.F.);
#2483=CARTESIAN_POINT('',(-2.647906705956E-1,9.5E-1,1.281717165745E0));
#2484=DIRECTION('',(9.980273732804E-1,0.E0,-6.278026905830E-2));
#2485=DIRECTION('',(0.E0,1.E0,0.E0));
#2486=AXIS2_PLACEMENT_3D('',#2483,#2484,#2485);
#2487=CYLINDRICAL_SURFACE('',#2486,2.E-1);
#2489=ORIENTED_EDGE('',*,*,#2488,.F.);
#2490=ORIENTED_EDGE('',*,*,#1852,.T.);
#2491=ORIENTED_EDGE('',*,*,#1656,.T.);
#2492=ORIENTED_EDGE('',*,*,#1775,.T.);
#2493=EDGE_LOOP('',(#2489,#2490,#2491,#2492));
#2494=FACE_OUTER_BOUND('',#2493,.F.);
#2495=ADVANCED_FACE('',(#2494),#2487,.T.);
#2496=CARTESIAN_POINT('',(-2.579966315243E-1,1.2E0,1.594156860955E0));
#2497=DIRECTION('',(9.980273732804E-1,0.E0,-6.278026905830E-2));
#2498=DIRECTION('',(0.E0,-1.E0,0.E0));
#2499=AXIS2_PLACEMENT_3D('',#2496,#2497,#2498);
#2500=CYLINDRICAL_SURFACE('',#2499,2.E-1);
#2501=ORIENTED_EDGE('',*,*,#2488,.T.);
#2502=ORIENTED_EDGE('',*,*,#1773,.T.);
#2504=ORIENTED_EDGE('',*,*,#2503,.F.);
#2505=ORIENTED_EDGE('',*,*,#1854,.T.);
#2506=EDGE_LOOP('',(#2501,#2502,#2504,#2505));
#2507=FACE_OUTER_BOUND('',#2506,.F.);
#2508=ADVANCED_FACE('',(#2507),#2500,.F.);
#2509=CARTESIAN_POINT('',(0.E0,1.E0,0.E0));
#2510=DIRECTION('',(0.E0,1.E0,0.E0));
#2511=DIRECTION('',(-1.E0,0.E0,0.E0));
#2512=AXIS2_PLACEMENT_3D('',#2509,#2510,#2511);
#2513=PLANE('',#2512);
#2514=ORIENTED_EDGE('',*,*,#2503,.T.);
#2515=ORIENTED_EDGE('',*,*,#1771,.T.);
#2517=ORIENTED_EDGE('',*,*,#2516,.T.);
#2518=ORIENTED_EDGE('',*,*,#1856,.F.);
#2519=EDGE_LOOP('',(#2514,#2515,#2517,#2518));
#2520=FACE_OUTER_BOUND('',#2519,.F.);
#2521=ADVANCED_FACE('',(#2520),#2513,.T.);
#2522=CARTESIAN_POINT('',(0.E0,1.E0,0.E0));
#2523=DIRECTION('',(0.E0,1.E0,0.E0));
#2524=DIRECTION('',(-1.E0,0.E0,0.E0));
#2525=AXIS2_PLACEMENT_3D('',#2522,#2523,#2524);
#2526=PLANE('',#2525);
#2528=ORIENTED_EDGE('',*,*,#2527,.T.);
#2529=ORIENTED_EDGE('',*,*,#1764,.T.);
#2531=ORIENTED_EDGE('',*,*,#2530,.T.);
#2532=ORIENTED_EDGE('',*,*,#1863,.F.);
#2533=EDGE_LOOP('',(#2528,#2529,#2531,#2532));
#2534=FACE_OUTER_BOUND('',#2533,.F.);
#2535=ADVANCED_FACE('',(#2534),#2526,.T.);
#2536=CARTESIAN_POINT('',(2.907570072927E-1,1.2E0,1.760462662092E0));
#2537=DIRECTION('',(-9.959700817334E-1,0.E0,8.968609865471E-2));
#2538=DIRECTION('',(0.E0,-1.E0,0.E0));
#2539=AXIS2_PLACEMENT_3D('',#2536,#2537,#2538);
#2540=CYLINDRICAL_SURFACE('',#2539,2.E-1);
#2541=ORIENTED_EDGE('',*,*,#2516,.F.);
#2542=ORIENTED_EDGE('',*,*,#1769,.T.);
#2543=ORIENTED_EDGE('',*,*,#1606,.T.);
#2544=ORIENTED_EDGE('',*,*,#1858,.T.);
#2545=EDGE_LOOP('',(#2541,#2542,#2543,#2544));
#2546=FACE_OUTER_BOUND('',#2545,.F.);
#2547=ADVANCED_FACE('',(#2546),#2540,.F.);
#2548=CARTESIAN_POINT('',(-2.579966315243E-1,1.2E0,3.222512277403E0));
#2549=DIRECTION('',(9.868833507635E-1,0.E0,-1.614349775785E-1));
#2550=DIRECTION('',(0.E0,-1.E0,0.E0));
#2551=AXIS2_PLACEMENT_3D('',#2548,#2549,#2550);
#2552=CYLINDRICAL_SURFACE('',#2551,2.E-1);
#2553=ORIENTED_EDGE('',*,*,#2527,.F.);
#2554=ORIENTED_EDGE('',*,*,#1861,.T.);
#2555=ORIENTED_EDGE('',*,*,#1602,.T.);
#2556=ORIENTED_EDGE('',*,*,#1766,.T.);
#2557=EDGE_LOOP('',(#2553,#2554,#2555,#2556));
#2558=FACE_OUTER_BOUND('',#2557,.F.);
#2559=ADVANCED_FACE('',(#2558),#2552,.F.);
#2560=CARTESIAN_POINT('',(2.907570072927E-1,1.2E0,3.354988191767E0));
#2561=DIRECTION('',(-9.868833507635E-1,0.E0,1.614349775785E-1));
#2562=DIRECTION('',(0.E0,-1.E0,0.E0));
#2563=AXIS2_PLACEMENT_3D('',#2560,#2561,#2562);
#2564=CYLINDRICAL_SURFACE('',#2563,2.E-1);
#2566=ORIENTED_EDGE('',*,*,#2565,.T.);
#2567=ORIENTED_EDGE('',*,*,#1865,.T.);
#2568=ORIENTED_EDGE('',*,*,#2530,.F.);
#2569=ORIENTED_EDGE('',*,*,#1762,.T.);
#2570=EDGE_LOOP('',(#2566,#2567,#2568,#2569));
#2571=FACE_OUTER_BOUND('',#2570,.F.);
#2572=ADVANCED_FACE('',(#2571),#2564,.F.);
#2573=CARTESIAN_POINT('',(3.098732023848E-1,9.5E-1,3.668261160811E0));
#2574=DIRECTION('',(-9.868833507635E-1,0.E0,1.614349775785E-1));
#2575=DIRECTION('',(0.E0,1.E0,0.E0));
#2576=AXIS2_PLACEMENT_3D('',#2573,#2574,#2575);
#2577=CYLINDRICAL_SURFACE('',#2576,2.E-1);
#2578=ORIENTED_EDGE('',*,*,#2565,.F.);
#2579=ORIENTED_EDGE('',*,*,#1760,.T.);
#2580=ORIENTED_EDGE('',*,*,#1618,.T.);
#2581=ORIENTED_EDGE('',*,*,#1867,.T.);
#2582=EDGE_LOOP('',(#2578,#2579,#2580,#2581));
#2583=FACE_OUTER_BOUND('',#2582,.F.);
#2584=ADVANCED_FACE('',(#2583),#2577,.T.);
#2585=CLOSED_SHELL('',(#1580,#1596,#1612,#1644,#1660,#1675,#1690,#1779,#1793,
#1807,#1894,#1924,#1938,#1952,#1982,#1996,#2009,#2022,#2035,#2049,#2061,#2073,
#2086,#2098,#2111,#2124,#2137,#2150,#2163,#2176,#2189,#2202,#2214,#2227,#2240,
#2254,#2267,#2279,#2291,#2304,#2316,#2329,#2342,#2355,#2368,#2381,#2394,#2407,
#2420,#2432,#2445,#2458,#2470,#2482,#2495,#2508,#2521,#2535,#2547,#2559,#2572,
#2584));
#2586=MANIFOLD_SOLID_BREP('',#2585);
#2588=DIMENSIONAL_EXPONENTS(0.E0,0.E0,0.E0,0.E0,0.E0,0.E0,0.E0);
#2590=PLANE_ANGLE_MEASURE_WITH_UNIT(PLANE_ANGLE_MEASURE(1.745329251994E-2),
#2589);
#2591=(CONVERSION_BASED_UNIT('DEGREE',#2590)NAMED_UNIT(*)PLANE_ANGLE_UNIT());
#2593=UNCERTAINTY_MEASURE_WITH_UNIT(LENGTH_MEASURE(1.E-4),#2587,'closure',
'Maximum model space distance between geometric entities at asserted connectivities');
#2594=(GEOMETRIC_REPRESENTATION_CONTEXT(3)GLOBAL_UNCERTAINTY_ASSIGNED_CONTEXT((
#2593))GLOBAL_UNIT_ASSIGNED_CONTEXT((#2587,#2591,#2592))REPRESENTATION_CONTEXT(
'ID1','3'));
#2596=APPLICATION_CONTEXT(
'CONFIGURATION CONTROLLED 3D DESIGNS OF MECHANICAL PARTS AND ASSEMBLIES');
#2597=APPLICATION_PROTOCOL_DEFINITION('international standard',
'config_control_design',1994,#2596);
#2598=DESIGN_CONTEXT('',#2596,'design');
#2599=MECHANICAL_CONTEXT('',#2596,'mechanical');
#2600=PRODUCT('C61036-A0263-C200-01-7606','C61036-A0263-C200-01-7606',
'NOT SPECIFIED',(#2599));
#2601=PRODUCT_DEFINITION_FORMATION_WITH_SPECIFIED_SOURCE('26','LAST_VERSION',
#2600,.MADE.);
#2605=PRODUCT_CATEGORY('part','');
#2606=PRODUCT_RELATED_PRODUCT_CATEGORY('detail','',(#2600));
#2607=PRODUCT_CATEGORY_RELATIONSHIP('','',#2605,#2606);
#2608=SECURITY_CLASSIFICATION_LEVEL('unclassified');
#2609=SECURITY_CLASSIFICATION('','',#2608);
#2610=CC_DESIGN_SECURITY_CLASSIFICATION(#2609,(#2601));
#2611=APPROVAL_STATUS('approved');
#2612=APPROVAL(#2611,'');
#2613=CC_DESIGN_APPROVAL(#2612,(#2609,#2601,#2602));
#2614=CALENDAR_DATE(118,15,8);
#2615=COORDINATED_UNIVERSAL_TIME_OFFSET(2,0,.AHEAD.);
#2616=LOCAL_TIME(11,25,3.3E1,#2615);
#2617=DATE_AND_TIME(#2614,#2616);
#2618=APPROVAL_DATE_TIME(#2617,#2612);
#2619=DATE_TIME_ROLE('creation_date');
#2620=CC_DESIGN_DATE_AND_TIME_ASSIGNMENT(#2617,#2619,(#2602));
#2621=DATE_TIME_ROLE('classification_date');
#2622=CC_DESIGN_DATE_AND_TIME_ASSIGNMENT(#2617,#2621,(#2609));
#2623=PERSON('UNSPECIFIED','UNSPECIFIED',$,$,$,$);
#2624=ORGANIZATION('UNSPECIFIED','UNSPECIFIED','UNSPECIFIED');
#2625=PERSON_AND_ORGANIZATION(#2623,#2624);
#2626=APPROVAL_ROLE('approver');
#2627=APPROVAL_PERSON_ORGANIZATION(#2625,#2612,#2626);
#2628=PERSON_AND_ORGANIZATION_ROLE('creator');
#2629=CC_DESIGN_PERSON_AND_ORGANIZATION_ASSIGNMENT(#2625,#2628,(#2601,#2602));
#2630=PERSON_AND_ORGANIZATION_ROLE('design_supplier');
#2631=CC_DESIGN_PERSON_AND_ORGANIZATION_ASSIGNMENT(#2625,#2630,(#2601));
#2632=PERSON_AND_ORGANIZATION_ROLE('classification_officer');
#2633=CC_DESIGN_PERSON_AND_ORGANIZATION_ASSIGNMENT(#2625,#2632,(#2609));
#2634=PERSON_AND_ORGANIZATION_ROLE('design_owner');
#2635=CC_DESIGN_PERSON_AND_ORGANIZATION_ASSIGNMENT(#2625,#2634,(#2600));
#13=CIRCLE('',#12,7.E-1);
#22=CIRCLE('',#21,6.E-1);
#27=CIRCLE('',#26,2.2E1);
#36=CIRCLE('',#35,2.2E1);
#53=CIRCLE('',#52,2.2E1);
#62=CIRCLE('',#61,2.2E1);
#67=CIRCLE('',#66,6.E-1);
#76=CIRCLE('',#75,7.E-1);
#106=B_SPLINE_CURVE_WITH_KNOTS('',3,(#93,#94,#95,#96,#97,#98,#99,#100,#101,#102,
#103,#104,#105),.UNSPECIFIED.,.F.,.F.,(4,1,1,1,1,1,1,1,1,1,4),(0.E0,1.E-1,2.E-1,
3.E-1,4.E-1,5.E-1,6.E-1,7.E-1,8.E-1,9.E-1,1.E0),.UNSPECIFIED.);
#120=B_SPLINE_CURVE_WITH_KNOTS('',3,(#107,#108,#109,#110,#111,#112,#113,#114,
#115,#116,#117,#118,#119),.UNSPECIFIED.,.F.,.F.,(4,1,1,1,1,1,1,1,1,1,4),(0.E0,
1.E-1,2.E-1,3.E-1,4.E-1,5.E-1,6.E-1,7.E-1,8.E-1,9.E-1,1.E0),.UNSPECIFIED.);
#125=CIRCLE('',#124,2.2E1);
#139=B_SPLINE_CURVE_WITH_KNOTS('',3,(#126,#127,#128,#129,#130,#131,#132,#133,
#134,#135,#136,#137,#138),.UNSPECIFIED.,.F.,.F.,(4,1,1,1,1,1,1,1,1,1,4),(0.E0,
1.E-1,2.E-1,3.E-1,4.E-1,5.E-1,6.E-1,7.E-1,8.E-1,9.E-1,1.E0),.UNSPECIFIED.);
#144=CIRCLE('',#143,2.2E1);
#149=CIRCLE('',#148,2.2E1);
#163=B_SPLINE_CURVE_WITH_KNOTS('',3,(#150,#151,#152,#153,#154,#155,#156,#157,
#158,#159,#160,#161,#162),.UNSPECIFIED.,.F.,.F.,(4,1,1,1,1,1,1,1,1,1,4),(0.E0,
1.E-1,2.E-1,3.E-1,4.E-1,5.E-1,6.E-1,7.E-1,8.E-1,9.E-1,1.E0),.UNSPECIFIED.);
#168=CIRCLE('',#167,2.2E1);
#182=B_SPLINE_CURVE_WITH_KNOTS('',3,(#169,#170,#171,#172,#173,#174,#175,#176,
#177,#178,#179,#180,#181),.UNSPECIFIED.,.F.,.F.,(4,1,1,1,1,1,1,1,1,1,4),(0.E0,
1.E-1,2.E-1,3.E-1,4.E-1,5.E-1,6.E-1,7.E-1,8.E-1,9.E-1,1.E0),.UNSPECIFIED.);
#187=CIRCLE('',#186,2.2E1);
#192=CIRCLE('',#191,2.2E1);
#197=CIRCLE('',#196,2.2E1);
#211=B_SPLINE_CURVE_WITH_KNOTS('',3,(#198,#199,#200,#201,#202,#203,#204,#205,
#206,#207,#208,#209,#210),.UNSPECIFIED.,.F.,.F.,(4,1,1,1,1,1,1,1,1,1,4),(0.E0,
1.E-1,2.E-1,3.E-1,4.E-1,5.E-1,6.E-1,7.E-1,8.E-1,9.E-1,1.E0),.UNSPECIFIED.);
#216=CIRCLE('',#215,2.2E1);
#230=B_SPLINE_CURVE_WITH_KNOTS('',3,(#217,#218,#219,#220,#221,#222,#223,#224,
#225,#226,#227,#228,#229),.UNSPECIFIED.,.F.,.F.,(4,1,1,1,1,1,1,1,1,1,4),(0.E0,
1.E-1,2.E-1,3.E-1,4.E-1,5.E-1,6.E-1,7.E-1,8.E-1,9.E-1,1.E0),.UNSPECIFIED.);
#235=CIRCLE('',#234,2.2E1);
#240=CIRCLE('',#239,2.2E1);
#245=CIRCLE('',#244,2.2E1);
#259=B_SPLINE_CURVE_WITH_KNOTS('',3,(#246,#247,#248,#249,#250,#251,#252,#253,
#254,#255,#256,#257,#258),.UNSPECIFIED.,.F.,.F.,(4,1,1,1,1,1,1,1,1,1,4),(0.E0,
1.E-1,2.E-1,3.E-1,4.E-1,5.E-1,6.E-1,7.E-1,8.E-1,9.E-1,1.E0),.UNSPECIFIED.);
#264=CIRCLE('',#263,2.2E1);
#278=B_SPLINE_CURVE_WITH_KNOTS('',3,(#265,#266,#267,#268,#269,#270,#271,#272,
#273,#274,#275,#276,#277),.UNSPECIFIED.,.F.,.F.,(4,1,1,1,1,1,1,1,1,1,4),(0.E0,
1.E-1,2.E-1,3.E-1,4.E-1,5.E-1,6.E-1,7.E-1,8.E-1,9.E-1,1.E0),.UNSPECIFIED.);
#283=CIRCLE('',#282,2.2E1);
#288=CIRCLE('',#287,2.2E1);
#302=B_SPLINE_CURVE_WITH_KNOTS('',3,(#289,#290,#291,#292,#293,#294,#295,#296,
#297,#298,#299,#300,#301),.UNSPECIFIED.,.F.,.F.,(4,1,1,1,1,1,1,1,1,1,4),(0.E0,
1.E-1,2.E-1,3.E-1,4.E-1,5.E-1,6.E-1,7.E-1,8.E-1,9.E-1,1.E0),.UNSPECIFIED.);
#320=B_SPLINE_CURVE_WITH_KNOTS('',3,(#307,#308,#309,#310,#311,#312,#313,#314,
#315,#316,#317,#318,#319),.UNSPECIFIED.,.F.,.F.,(4,1,1,1,1,1,1,1,1,1,4),(0.E0,
1.E-1,2.E-1,3.E-1,4.E-1,5.E-1,6.E-1,7.E-1,8.E-1,9.E-1,1.E0),.UNSPECIFIED.);
#334=B_SPLINE_CURVE_WITH_KNOTS('',3,(#321,#322,#323,#324,#325,#326,#327,#328,
#329,#330,#331,#332,#333),.UNSPECIFIED.,.F.,.F.,(4,1,1,1,1,1,1,1,1,1,4),(0.E0,
1.E-1,2.E-1,3.E-1,4.E-1,5.E-1,6.E-1,7.E-1,8.E-1,9.E-1,1.E0),.UNSPECIFIED.);
#348=B_SPLINE_CURVE_WITH_KNOTS('',3,(#335,#336,#337,#338,#339,#340,#341,#342,
#343,#344,#345,#346,#347),.UNSPECIFIED.,.F.,.F.,(4,1,1,1,1,1,1,1,1,1,4),(0.E0,
1.E-1,2.E-1,3.E-1,4.E-1,5.E-1,6.E-1,7.E-1,8.E-1,9.E-1,1.E0),.UNSPECIFIED.);
#353=CIRCLE('',#352,2.23E1);
#358=CIRCLE('',#357,2.23E1);
#372=B_SPLINE_CURVE_WITH_KNOTS('',3,(#359,#360,#361,#362,#363,#364,#365,#366,
#367,#368,#369,#370,#371),.UNSPECIFIED.,.F.,.F.,(4,1,1,1,1,1,1,1,1,1,4),(0.E0,
1.E-1,2.E-1,3.E-1,4.E-1,5.E-1,6.E-1,7.E-1,8.E-1,9.E-1,1.E0),.UNSPECIFIED.);
#377=CIRCLE('',#376,2.23E1);
#391=B_SPLINE_CURVE_WITH_KNOTS('',3,(#378,#379,#380,#381,#382,#383,#384,#385,
#386,#387,#388,#389,#390),.UNSPECIFIED.,.F.,.F.,(4,1,1,1,1,1,1,1,1,1,4),(0.E0,
1.E-1,2.E-1,3.E-1,4.E-1,5.E-1,6.E-1,7.E-1,8.E-1,9.E-1,1.E0),.UNSPECIFIED.);
#396=CIRCLE('',#395,2.23E1);
#401=CIRCLE('',#400,2.23E1);
#406=CIRCLE('',#405,2.23E1);
#420=B_SPLINE_CURVE_WITH_KNOTS('',3,(#407,#408,#409,#410,#411,#412,#413,#414,
#415,#416,#417,#418,#419),.UNSPECIFIED.,.F.,.F.,(4,1,1,1,1,1,1,1,1,1,4),(0.E0,
1.E-1,2.E-1,3.E-1,4.E-1,5.E-1,6.E-1,7.E-1,8.E-1,9.E-1,1.E0),.UNSPECIFIED.);
#425=CIRCLE('',#424,2.23E1);
#439=B_SPLINE_CURVE_WITH_KNOTS('',3,(#426,#427,#428,#429,#430,#431,#432,#433,
#434,#435,#436,#437,#438),.UNSPECIFIED.,.F.,.F.,(4,1,1,1,1,1,1,1,1,1,4),(0.E0,
1.E-1,2.E-1,3.E-1,4.E-1,5.E-1,6.E-1,7.E-1,8.E-1,9.E-1,1.E0),.UNSPECIFIED.);
#444=CIRCLE('',#443,2.23E1);
#449=CIRCLE('',#448,2.23E1);
#454=CIRCLE('',#453,2.23E1);
#468=B_SPLINE_CURVE_WITH_KNOTS('',3,(#455,#456,#457,#458,#459,#460,#461,#462,
#463,#464,#465,#466,#467),.UNSPECIFIED.,.F.,.F.,(4,1,1,1,1,1,1,1,1,1,4),(0.E0,
1.E-1,2.E-1,3.E-1,4.E-1,5.E-1,6.E-1,7.E-1,8.E-1,9.E-1,1.E0),.UNSPECIFIED.);
#473=CIRCLE('',#472,2.23E1);
#487=B_SPLINE_CURVE_WITH_KNOTS('',3,(#474,#475,#476,#477,#478,#479,#480,#481,
#482,#483,#484,#485,#486),.UNSPECIFIED.,.F.,.F.,(4,1,1,1,1,1,1,1,1,1,4),(0.E0,
1.E-1,2.E-1,3.E-1,4.E-1,5.E-1,6.E-1,7.E-1,8.E-1,9.E-1,1.E0),.UNSPECIFIED.);
#492=CIRCLE('',#491,2.23E1);
#497=CIRCLE('',#496,2.23E1);
#511=B_SPLINE_CURVE_WITH_KNOTS('',3,(#498,#499,#500,#501,#502,#503,#504,#505,
#506,#507,#508,#509,#510),.UNSPECIFIED.,.F.,.F.,(4,1,1,1,1,1,1,1,1,1,4),(0.E0,
1.E-1,2.E-1,3.E-1,4.E-1,5.E-1,6.E-1,7.E-1,8.E-1,9.E-1,1.E0),.UNSPECIFIED.);
#524=CIRCLE('',#523,4.E-1);
#533=CIRCLE('',#532,9.E-1);
#538=CIRCLE('',#537,2.23E1);
#547=CIRCLE('',#546,2.23E1);
#564=CIRCLE('',#563,2.23E1);
#573=CIRCLE('',#572,2.23E1);
#578=CIRCLE('',#577,9.E-1);
#587=CIRCLE('',#586,4.E-1);
#600=CIRCLE('',#599,2.23E1);
#622=B_SPLINE_CURVE_WITH_KNOTS('',3,(#609,#610,#611,#612,#613,#614,#615,#616,
#617,#618,#619,#620,#621),.UNSPECIFIED.,.F.,.F.,(4,1,1,1,1,1,1,1,1,1,4),(0.E0,
1.E-1,2.E-1,3.E-1,4.E-1,5.E-1,6.E-1,7.E-1,8.E-1,9.E-1,1.E0),.UNSPECIFIED.);
#636=B_SPLINE_CURVE_WITH_KNOTS('',3,(#623,#624,#625,#626,#627,#628,#629,#630,
#631,#632,#633,#634,#635),.UNSPECIFIED.,.F.,.F.,(4,1,1,1,1,1,1,1,1,1,4),(0.E0,
1.E-1,2.E-1,3.E-1,4.E-1,5.E-1,6.E-1,7.E-1,8.E-1,9.E-1,1.E0),.UNSPECIFIED.);
#670=B_SPLINE_CURVE_WITH_KNOTS('',3,(#653,#654,#655,#656,#657,#658,#659,#660,
#661,#662,#663,#664,#665,#666,#667,#668,#669),.UNSPECIFIED.,.F.,.F.,(4,1,1,1,1,
1,1,1,1,1,1,1,1,1,4),(0.E0,7.142857142857E-2,1.428571428571E-1,
2.142857142857E-1,2.857142857143E-1,3.571428571429E-1,4.285714285714E-1,5.E-1,
5.714285714286E-1,6.428571428571E-1,7.142857142857E-1,7.857142857143E-1,
8.571428571429E-1,9.285714285714E-1,1.E0),.UNSPECIFIED.);
#688=B_SPLINE_CURVE_WITH_KNOTS('',3,(#671,#672,#673,#674,#675,#676,#677,#678,
#679,#680,#681,#682,#683,#684,#685,#686,#687),.UNSPECIFIED.,.F.,.F.,(4,1,1,1,1,
1,1,1,1,1,1,1,1,1,4),(0.E0,7.142857142857E-2,1.428571428571E-1,
2.142857142857E-1,2.857142857143E-1,3.571428571429E-1,4.285714285714E-1,5.E-1,
5.714285714286E-1,6.428571428571E-1,7.142857142857E-1,7.857142857143E-1,
8.571428571429E-1,9.285714285714E-1,1.E0),.UNSPECIFIED.);
#706=B_SPLINE_CURVE_WITH_KNOTS('',3,(#689,#690,#691,#692,#693,#694,#695,#696,
#697,#698,#699,#700,#701,#702,#703,#704,#705),.UNSPECIFIED.,.F.,.F.,(4,1,1,1,1,
1,1,1,1,1,1,1,1,1,4),(0.E0,7.142857142857E-2,1.428571428571E-1,
2.142857142857E-1,2.857142857143E-1,3.571428571429E-1,4.285714285714E-1,5.E-1,
5.714285714286E-1,6.428571428571E-1,7.142857142857E-1,7.857142857143E-1,
8.571428571429E-1,9.285714285714E-1,1.E0),.UNSPECIFIED.);
#724=B_SPLINE_CURVE_WITH_KNOTS('',3,(#707,#708,#709,#710,#711,#712,#713,#714,
#715,#716,#717,#718,#719,#720,#721,#722,#723),.UNSPECIFIED.,.F.,.F.,(4,1,1,1,1,
1,1,1,1,1,1,1,1,1,4),(0.E0,7.142857142857E-2,1.428571428571E-1,
2.142857142857E-1,2.857142857143E-1,3.571428571429E-1,4.285714285714E-1,5.E-1,
5.714285714286E-1,6.428571428571E-1,7.142857142857E-1,7.857142857143E-1,
8.571428571429E-1,9.285714285714E-1,1.E0),.UNSPECIFIED.);
#742=B_SPLINE_CURVE_WITH_KNOTS('',3,(#729,#730,#731,#732,#733,#734,#735,#736,
#737,#738,#739,#740,#741),.UNSPECIFIED.,.F.,.F.,(4,1,1,1,1,1,1,1,1,1,4),(0.E0,
1.E-1,2.E-1,3.E-1,4.E-1,5.E-1,6.E-1,7.E-1,8.E-1,9.E-1,1.E0),.UNSPECIFIED.);
#756=B_SPLINE_CURVE_WITH_KNOTS('',3,(#743,#744,#745,#746,#747,#748,#749,#750,
#751,#752,#753,#754,#755),.UNSPECIFIED.,.F.,.F.,(4,1,1,1,1,1,1,1,1,1,4),(0.E0,
1.E-1,2.E-1,3.E-1,4.E-1,5.E-1,6.E-1,7.E-1,8.E-1,9.E-1,1.E0),.UNSPECIFIED.);
#765=CIRCLE('',#764,6.E-1);
#782=CIRCLE('',#781,7.E-1);
#823=CIRCLE('',#822,4.E-1);
#840=CIRCLE('',#839,9.E-1);
#858=B_SPLINE_CURVE_WITH_KNOTS('',3,(#841,#842,#843,#844,#845,#846,#847,#848,
#849,#850,#851,#852,#853,#854,#855,#856,#857),.UNSPECIFIED.,.F.,.F.,(4,1,1,1,1,
1,1,1,1,1,1,1,1,1,4),(0.E0,7.142857142857E-2,1.428571428571E-1,
2.142857142857E-1,2.857142857143E-1,3.571428571429E-1,4.285714285714E-1,5.E-1,
5.714285714286E-1,6.428571428571E-1,7.142857142857E-1,7.857142857143E-1,
8.571428571429E-1,9.285714285714E-1,1.E0),.UNSPECIFIED.);
#876=B_SPLINE_CURVE_WITH_KNOTS('',3,(#859,#860,#861,#862,#863,#864,#865,#866,
#867,#868,#869,#870,#871,#872,#873,#874,#875),.UNSPECIFIED.,.F.,.F.,(4,1,1,1,1,
1,1,1,1,1,1,1,1,1,4),(0.E0,7.142857142857E-2,1.428571428571E-1,
2.142857142857E-1,2.857142857143E-1,3.571428571429E-1,4.285714285714E-1,5.E-1,
5.714285714286E-1,6.428571428571E-1,7.142857142857E-1,7.857142857143E-1,
8.571428571429E-1,9.285714285714E-1,1.E0),.UNSPECIFIED.);
#910=B_SPLINE_CURVE_WITH_KNOTS('',3,(#897,#898,#899,#900,#901,#902,#903,#904,
#905,#906,#907,#908,#909),.UNSPECIFIED.,.F.,.F.,(4,1,1,1,1,1,1,1,1,1,4),(0.E0,
1.E-1,2.E-1,3.E-1,4.E-1,5.E-1,6.E-1,7.E-1,8.E-1,9.E-1,1.E0),.UNSPECIFIED.);
#924=B_SPLINE_CURVE_WITH_KNOTS('',3,(#911,#912,#913,#914,#915,#916,#917,#918,
#919,#920,#921,#922,#923),.UNSPECIFIED.,.F.,.F.,(4,1,1,1,1,1,1,1,1,1,4),(0.E0,
1.E-1,2.E-1,3.E-1,4.E-1,5.E-1,6.E-1,7.E-1,8.E-1,9.E-1,1.E0),.UNSPECIFIED.);
#942=B_SPLINE_CURVE_WITH_KNOTS('',3,(#925,#926,#927,#928,#929,#930,#931,#932,
#933,#934,#935,#936,#937,#938,#939,#940,#941),.UNSPECIFIED.,.F.,.F.,(4,1,1,1,1,
1,1,1,1,1,1,1,1,1,4),(0.E0,7.142857142857E-2,1.428571428571E-1,
2.142857142857E-1,2.857142857143E-1,3.571428571429E-1,4.285714285714E-1,5.E-1,
5.714285714286E-1,6.428571428571E-1,7.142857142857E-1,7.857142857143E-1,
8.571428571429E-1,9.285714285714E-1,1.E0),.UNSPECIFIED.);
#960=B_SPLINE_CURVE_WITH_KNOTS('',3,(#943,#944,#945,#946,#947,#948,#949,#950,
#951,#952,#953,#954,#955,#956,#957,#958,#959),.UNSPECIFIED.,.F.,.F.,(4,1,1,1,1,
1,1,1,1,1,1,1,1,1,4),(0.E0,7.142857142857E-2,1.428571428571E-1,
2.142857142857E-1,2.857142857143E-1,3.571428571429E-1,4.285714285714E-1,5.E-1,
5.714285714286E-1,6.428571428571E-1,7.142857142857E-1,7.857142857143E-1,
8.571428571429E-1,9.285714285714E-1,1.E0),.UNSPECIFIED.);
#978=B_SPLINE_CURVE_WITH_KNOTS('',3,(#965,#966,#967,#968,#969,#970,#971,#972,
#973,#974,#975,#976,#977),.UNSPECIFIED.,.F.,.F.,(4,1,1,1,1,1,1,1,1,1,4),(0.E0,
1.E-1,2.E-1,3.E-1,4.E-1,5.E-1,6.E-1,7.E-1,8.E-1,9.E-1,1.E0),.UNSPECIFIED.);
#992=B_SPLINE_CURVE_WITH_KNOTS('',3,(#979,#980,#981,#982,#983,#984,#985,#986,
#987,#988,#989,#990,#991),.UNSPECIFIED.,.F.,.F.,(4,1,1,1,1,1,1,1,1,1,4),(0.E0,
1.E-1,2.E-1,3.E-1,4.E-1,5.E-1,6.E-1,7.E-1,8.E-1,9.E-1,1.E0),.UNSPECIFIED.);
#1001=CIRCLE('',#1000,9.E-1);
#1018=CIRCLE('',#1017,4.E-1);
#1059=CIRCLE('',#1058,7.E-1);
#1076=CIRCLE('',#1075,6.E-1);
#1110=B_SPLINE_CURVE_WITH_KNOTS('',3,(#1093,#1094,#1095,#1096,#1097,#1098,#1099,
#1100,#1101,#1102,#1103,#1104,#1105,#1106,#1107,#1108,#1109),.UNSPECIFIED.,.F.,
.F.,(4,1,1,1,1,1,1,1,1,1,1,1,1,1,4),(0.E0,7.142857142857E-2,1.428571428571E-1,
2.142857142857E-1,2.857142857143E-1,3.571428571429E-1,4.285714285714E-1,5.E-1,
5.714285714286E-1,6.428571428571E-1,7.142857142857E-1,7.857142857143E-1,
8.571428571429E-1,9.285714285714E-1,1.E0),.UNSPECIFIED.);
#1128=B_SPLINE_CURVE_WITH_KNOTS('',3,(#1111,#1112,#1113,#1114,#1115,#1116,#1117,
#1118,#1119,#1120,#1121,#1122,#1123,#1124,#1125,#1126,#1127),.UNSPECIFIED.,.F.,
.F.,(4,1,1,1,1,1,1,1,1,1,1,1,1,1,4),(0.E0,7.142857142857E-2,1.428571428571E-1,
2.142857142857E-1,2.857142857143E-1,3.571428571429E-1,4.285714285714E-1,5.E-1,
5.714285714286E-1,6.428571428571E-1,7.142857142857E-1,7.857142857143E-1,
8.571428571429E-1,9.285714285714E-1,1.E0),.UNSPECIFIED.);
#1146=B_SPLINE_CURVE_WITH_KNOTS('',3,(#1129,#1130,#1131,#1132,#1133,#1134,#1135,
#1136,#1137,#1138,#1139,#1140,#1141,#1142,#1143,#1144,#1145),.UNSPECIFIED.,.F.,
.F.,(4,1,1,1,1,1,1,1,1,1,1,1,1,1,4),(0.E0,7.142857142857E-2,1.428571428571E-1,
2.142857142857E-1,2.857142857143E-1,3.571428571429E-1,4.285714285714E-1,5.E-1,
5.714285714286E-1,6.428571428571E-1,7.142857142857E-1,7.857142857143E-1,
8.571428571429E-1,9.285714285714E-1,1.E0),.UNSPECIFIED.);
#1164=B_SPLINE_CURVE_WITH_KNOTS('',3,(#1147,#1148,#1149,#1150,#1151,#1152,#1153,
#1154,#1155,#1156,#1157,#1158,#1159,#1160,#1161,#1162,#1163),.UNSPECIFIED.,.F.,
.F.,(4,1,1,1,1,1,1,1,1,1,1,1,1,1,4),(0.E0,7.142857142857E-2,1.428571428571E-1,
2.142857142857E-1,2.857142857143E-1,3.571428571429E-1,4.285714285714E-1,5.E-1,
5.714285714286E-1,6.428571428571E-1,7.142857142857E-1,7.857142857143E-1,
8.571428571429E-1,9.285714285714E-1,1.E0),.UNSPECIFIED.);
#1182=B_SPLINE_CURVE_WITH_KNOTS('',3,(#1169,#1170,#1171,#1172,#1173,#1174,#1175,
#1176,#1177,#1178,#1179,#1180,#1181),.UNSPECIFIED.,.F.,.F.,(4,1,1,1,1,1,1,1,1,1,
4),(0.E0,1.E-1,2.E-1,3.E-1,4.E-1,5.E-1,6.E-1,7.E-1,8.E-1,9.E-1,1.E0),
.UNSPECIFIED.);
#1196=B_SPLINE_CURVE_WITH_KNOTS('',3,(#1183,#1184,#1185,#1186,#1187,#1188,#1189,
#1190,#1191,#1192,#1193,#1194,#1195),.UNSPECIFIED.,.F.,.F.,(4,1,1,1,1,1,1,1,1,1,
4),(0.E0,1.E-1,2.E-1,3.E-1,4.E-1,5.E-1,6.E-1,7.E-1,8.E-1,9.E-1,1.E0),
.UNSPECIFIED.);
#1230=B_SPLINE_CURVE_WITH_KNOTS('',3,(#1213,#1214,#1215,#1216,#1217,#1218,#1219,
#1220,#1221,#1222,#1223,#1224,#1225,#1226,#1227,#1228,#1229),.UNSPECIFIED.,.F.,
.F.,(4,1,1,1,1,1,1,1,1,1,1,1,1,1,4),(0.E0,7.142857142857E-2,1.428571428571E-1,
2.142857142857E-1,2.857142857143E-1,3.571428571429E-1,4.285714285714E-1,5.E-1,
5.714285714286E-1,6.428571428571E-1,7.142857142857E-1,7.857142857143E-1,
8.571428571429E-1,9.285714285714E-1,1.E0),.UNSPECIFIED.);
#1248=B_SPLINE_CURVE_WITH_KNOTS('',3,(#1231,#1232,#1233,#1234,#1235,#1236,#1237,
#1238,#1239,#1240,#1241,#1242,#1243,#1244,#1245,#1246,#1247),.UNSPECIFIED.,.F.,
.F.,(4,1,1,1,1,1,1,1,1,1,1,1,1,1,4),(0.E0,7.142857142857E-2,1.428571428571E-1,
2.142857142857E-1,2.857142857143E-1,3.571428571429E-1,4.285714285714E-1,5.E-1,
5.714285714286E-1,6.428571428571E-1,7.142857142857E-1,7.857142857143E-1,
8.571428571429E-1,9.285714285714E-1,1.E0),.UNSPECIFIED.);
#1266=B_SPLINE_CURVE_WITH_KNOTS('',3,(#1249,#1250,#1251,#1252,#1253,#1254,#1255,
#1256,#1257,#1258,#1259,#1260,#1261,#1262,#1263,#1264,#1265),.UNSPECIFIED.,.F.,
.F.,(4,1,1,1,1,1,1,1,1,1,1,1,1,1,4),(0.E0,7.142857142857E-2,1.428571428571E-1,
2.142857142857E-1,2.857142857143E-1,3.571428571429E-1,4.285714285714E-1,5.E-1,
5.714285714286E-1,6.428571428571E-1,7.142857142857E-1,7.857142857143E-1,
8.571428571429E-1,9.285714285714E-1,1.E0),.UNSPECIFIED.);
#1284=B_SPLINE_CURVE_WITH_KNOTS('',3,(#1267,#1268,#1269,#1270,#1271,#1272,#1273,
#1274,#1275,#1276,#1277,#1278,#1279,#1280,#1281,#1282,#1283),.UNSPECIFIED.,.F.,
.F.,(4,1,1,1,1,1,1,1,1,1,1,1,1,1,4),(0.E0,7.142857142857E-2,1.428571428571E-1,
2.142857142857E-1,2.857142857143E-1,3.571428571429E-1,4.285714285714E-1,5.E-1,
5.714285714286E-1,6.428571428571E-1,7.142857142857E-1,7.857142857143E-1,
8.571428571429E-1,9.285714285714E-1,1.E0),.UNSPECIFIED.);
#1302=B_SPLINE_CURVE_WITH_KNOTS('',3,(#1289,#1290,#1291,#1292,#1293,#1294,#1295,
#1296,#1297,#1298,#1299,#1300,#1301),.UNSPECIFIED.,.F.,.F.,(4,1,1,1,1,1,1,1,1,1,
4),(0.E0,1.E-1,2.E-1,3.E-1,4.E-1,5.E-1,6.E-1,7.E-1,8.E-1,9.E-1,1.E0),
.UNSPECIFIED.);
#1316=B_SPLINE_CURVE_WITH_KNOTS('',3,(#1303,#1304,#1305,#1306,#1307,#1308,#1309,
#1310,#1311,#1312,#1313,#1314,#1315),.UNSPECIFIED.,.F.,.F.,(4,1,1,1,1,1,1,1,1,1,
4),(0.E0,1.E-1,2.E-1,3.E-1,4.E-1,5.E-1,6.E-1,7.E-1,8.E-1,9.E-1,1.E0),
.UNSPECIFIED.);
#1554=EDGE_CURVE('',#1539,#1541,#4,.T.);
#1556=EDGE_CURVE('',#1541,#1435,#377,.T.);
#1558=EDGE_CURVE('',#1435,#1443,#840,.T.);
#1560=EDGE_CURVE('',#1443,#1451,#831,.T.);
#1562=EDGE_CURVE('',#1451,#1468,#823,.T.);
#1564=EDGE_CURVE('',#1468,#1460,#814,.T.);
#1566=EDGE_CURVE('',#1459,#1460,#794,.T.);
#1568=EDGE_CURVE('',#1466,#1459,#8,.T.);
#1570=EDGE_CURVE('',#1456,#1466,#13,.T.);
#1572=EDGE_CURVE('',#1448,#1456,#17,.T.);
#1574=EDGE_CURVE('',#1440,#1448,#22,.T.);
#1576=EDGE_CURVE('',#1539,#1440,#27,.T.);
#1586=EDGE_CURVE('',#1507,#1508,#31,.T.);
#1588=EDGE_CURVE('',#1515,#1508,#36,.T.);
#1590=EDGE_CURVE('',#1515,#1516,#40,.T.);
#1592=EDGE_CURVE('',#1516,#1507,#401,.T.);
#1602=EDGE_CURVE('',#1391,#1392,#44,.T.);
#1604=EDGE_CURVE('',#1400,#1391,#449,.T.);
#1606=EDGE_CURVE('',#1399,#1400,#48,.T.);
#1608=EDGE_CURVE('',#1399,#1392,#53,.T.);
#1618=EDGE_CURVE('',#1423,#1425,#57,.T.);
#1620=EDGE_CURVE('',#1423,#1324,#62,.T.);
#1622=EDGE_CURVE('',#1324,#1332,#67,.T.);
#1624=EDGE_CURVE('',#1332,#1340,#71,.T.);
#1626=EDGE_CURVE('',#1340,#1350,#76,.T.);
#1628=EDGE_CURVE('',#1350,#1343,#80,.T.);
#1630=EDGE_CURVE('',#1343,#1344,#1030,.T.);
#1632=EDGE_CURVE('',#1352,#1344,#1026,.T.);
#1634=EDGE_CURVE('',#1335,#1352,#1018,.T.);
#1636=EDGE_CURVE('',#1327,#1335,#1009,.T.);
#1638=EDGE_CURVE('',#1319,#1327,#1001,.T.);
#1640=EDGE_CURVE('',#1425,#1319,#473,.T.);
#1650=EDGE_CURVE('',#1546,#1430,#425,.T.);
#1652=EDGE_CURVE('',#1546,#1548,#84,.T.);
#1654=EDGE_CURVE('',#1432,#1548,#125,.T.);
#1656=EDGE_CURVE('',#1430,#1432,#88,.T.);
#1666=EDGE_CURVE('',#1537,#1538,#92,.T.);
#1668=EDGE_CURVE('',#1541,#1538,#391,.T.);
#1671=EDGE_CURVE('',#1537,#1539,#163,.T.);
#1682=EDGE_CURVE('',#1519,#1537,#106,.T.);
#1684=EDGE_CURVE('',#1519,#1520,#1092,.T.);
#1686=EDGE_CURVE('',#1538,#1520,#120,.T.);
#1697=EDGE_CURVE('',#1548,#1545,#139,.T.);
#1699=EDGE_CURVE('',#1545,#1500,#334,.T.);
#1701=EDGE_CURVE('',#1500,#1511,#144,.T.);
#1703=EDGE_CURVE('',#1511,#1515,#1128,.T.);
#1706=EDGE_CURVE('',#1508,#1504,#1146,.T.);
#1708=EDGE_CURVE('',#1504,#1519,#149,.T.);
#1713=EDGE_CURVE('',#1439,#1440,#760,.T.);
#1715=EDGE_CURVE('',#1527,#1439,#168,.T.);
#1717=EDGE_CURVE('',#1527,#1524,#182,.T.);
#1719=EDGE_CURVE('',#1524,#1476,#636,.T.);
#1721=EDGE_CURVE('',#1479,#1476,#187,.T.);
#1723=EDGE_CURVE('',#1479,#1483,#688,.T.);
#1725=EDGE_CURVE('',#1492,#1483,#192,.T.);
#1727=EDGE_CURVE('',#1492,#1488,#706,.T.);
#1729=EDGE_CURVE('',#1495,#1488,#197,.T.);
#1731=EDGE_CURVE('',#1495,#1530,#742,.T.);
#1733=EDGE_CURVE('',#1530,#1532,#211,.T.);
#1735=EDGE_CURVE('',#1532,#1416,#216,.T.);
#1737=EDGE_CURVE('',#1414,#1416,#230,.T.);
#1739=EDGE_CURVE('',#1379,#1414,#992,.T.);
#1741=EDGE_CURVE('',#1379,#1372,#235,.T.);
#1743=EDGE_CURVE('',#1376,#1372,#960,.T.);
#1745=EDGE_CURVE('',#1376,#1367,#240,.T.);
#1747=EDGE_CURVE('',#1363,#1367,#858,.T.);
#1749=EDGE_CURVE('',#1363,#1360,#245,.T.);
#1751=EDGE_CURVE('',#1408,#1360,#910,.T.);
#1753=EDGE_CURVE('',#1411,#1408,#259,.T.);
#1755=EDGE_CURVE('',#1411,#1323,#264,.T.);
#1757=EDGE_CURVE('',#1323,#1324,#1071,.T.);
#1760=EDGE_CURVE('',#1421,#1423,#278,.T.);
#1762=EDGE_CURVE('',#1403,#1421,#1316,.T.);
#1764=EDGE_CURVE('',#1388,#1403,#283,.T.);
#1766=EDGE_CURVE('',#1392,#1388,#1284,.T.);
#1769=EDGE_CURVE('',#1395,#1399,#1230,.T.);
#1771=EDGE_CURVE('',#1384,#1395,#288,.T.);
#1773=EDGE_CURVE('',#1429,#1384,#1182,.T.);
#1775=EDGE_CURVE('',#1432,#1429,#302,.T.);
#1785=EDGE_CURVE('',#1544,#1545,#306,.T.);
#1789=EDGE_CURVE('',#1544,#1546,#420,.T.);
#1800=EDGE_CURVE('',#1499,#1544,#320,.T.);
#1802=EDGE_CURVE('',#1499,#1500,#1080,.T.);
#1813=EDGE_CURVE('',#1534,#1418,#600,.T.);
#1815=EDGE_CURVE('',#1534,#1531,#348,.T.);
#1817=EDGE_CURVE('',#1531,#1496,#756,.T.);
#1819=EDGE_CURVE('',#1496,#1487,#353,.T.);
#1821=EDGE_CURVE('',#1487,#1491,#724,.T.);
#1823=EDGE_CURVE('',#1491,#1484,#547,.T.);
#1825=EDGE_CURVE('',#1484,#1480,#670,.T.);
#1827=EDGE_CURVE('',#1480,#1475,#358,.T.);
#1829=EDGE_CURVE('',#1475,#1523,#622,.T.);
#1831=EDGE_CURVE('',#1523,#1525,#372,.T.);
#1833=EDGE_CURVE('',#1525,#1436,#538,.T.);
#1835=EDGE_CURVE('',#1435,#1436,#835,.T.);
#1840=EDGE_CURVE('',#1503,#1520,#396,.T.);
#1842=EDGE_CURVE('',#1503,#1507,#1164,.T.);
#1845=EDGE_CURVE('',#1516,#1512,#1110,.T.);
#1847=EDGE_CURVE('',#1499,#1512,#406,.T.);
#1852=EDGE_CURVE('',#1428,#1430,#439,.T.);
#1854=EDGE_CURVE('',#1383,#1428,#1196,.T.);
#1856=EDGE_CURVE('',#1383,#1396,#444,.T.);
#1858=EDGE_CURVE('',#1400,#1396,#1248,.T.);
#1861=EDGE_CURVE('',#1387,#1391,#1266,.T.);
#1863=EDGE_CURVE('',#1387,#1404,#454,.T.);
#1865=EDGE_CURVE('',#1422,#1404,#1302,.T.);
#1867=EDGE_CURVE('',#1425,#1422,#468,.T.);
#1870=EDGE_CURVE('',#1319,#1320,#996,.T.);
#1872=EDGE_CURVE('',#1409,#1320,#573,.T.);
#1874=EDGE_CURVE('',#1407,#1409,#487,.T.);
#1876=EDGE_CURVE('',#1359,#1407,#924,.T.);
#1878=EDGE_CURVE('',#1364,#1359,#492,.T.);
#1880=EDGE_CURVE('',#1368,#1364,#876,.T.);
#1882=EDGE_CURVE('',#1375,#1368,#564,.T.);
#1884=EDGE_CURVE('',#1371,#1375,#942,.T.);
#1886=EDGE_CURVE('',#1380,#1371,#497,.T.);
#1888=EDGE_CURVE('',#1415,#1380,#978,.T.);
#1890=EDGE_CURVE('',#1418,#1415,#511,.T.);
#1900=EDGE_CURVE('',#1525,#1527,#515,.T.);
#1903=EDGE_CURVE('',#1439,#1447,#765,.T.);
#1905=EDGE_CURVE('',#1447,#1455,#773,.T.);
#1907=EDGE_CURVE('',#1455,#1472,#782,.T.);
#1909=EDGE_CURVE('',#1472,#1464,#790,.T.);
#1911=EDGE_CURVE('',#1462,#1464,#802,.T.);
#1913=EDGE_CURVE('',#1470,#1462,#519,.T.);
#1915=EDGE_CURVE('',#1452,#1470,#524,.T.);
#1917=EDGE_CURVE('',#1444,#1452,#528,.T.);
#1919=EDGE_CURVE('',#1436,#1444,#533,.T.);
#1930=EDGE_CURVE('',#1483,#1484,#542,.T.);
#1933=EDGE_CURVE('',#1491,#1492,#551,.T.);
#1944=EDGE_CURVE('',#1367,#1368,#555,.T.);
#1947=EDGE_CURVE('',#1375,#1376,#559,.T.);
#1958=EDGE_CURVE('',#1409,#1411,#568,.T.);
#1961=EDGE_CURVE('',#1320,#1328,#578,.T.);
#1963=EDGE_CURVE('',#1328,#1336,#582,.T.);
#1965=EDGE_CURVE('',#1336,#1354,#587,.T.);
#1967=EDGE_CURVE('',#1354,#1346,#591,.T.);
#1969=EDGE_CURVE('',#1346,#1348,#1038,.T.);
#1971=EDGE_CURVE('',#1356,#1348,#1050,.T.);
#1973=EDGE_CURVE('',#1339,#1356,#1059,.T.);
#1975=EDGE_CURVE('',#1331,#1339,#1067,.T.);
#1977=EDGE_CURVE('',#1323,#1331,#1076,.T.);
#1989=EDGE_CURVE('',#1532,#1534,#595,.T.);
#1992=EDGE_CURVE('',#1416,#1418,#604,.T.);
#2002=EDGE_CURVE('',#1523,#1524,#608,.T.);
#2017=EDGE_CURVE('',#1475,#1476,#640,.T.);
#2030=EDGE_CURVE('',#1479,#1480,#644,.T.);
#2041=EDGE_CURVE('',#1487,#1488,#648,.T.);
#2044=EDGE_CURVE('',#1495,#1496,#652,.T.);
#2079=EDGE_CURVE('',#1530,#1531,#728,.T.);
#2106=EDGE_CURVE('',#1447,#1448,#769,.T.);
#2119=EDGE_CURVE('',#1455,#1456,#777,.T.);
#2132=EDGE_CURVE('',#1472,#1466,#786,.T.);
#2145=EDGE_CURVE('',#1464,#1459,#806,.T.);
#2157=EDGE_CURVE('',#1460,#1462,#798,.T.);
#2169=EDGE_CURVE('',#1468,#1470,#810,.T.);
#2182=EDGE_CURVE('',#1451,#1452,#818,.T.);
#2195=EDGE_CURVE('',#1443,#1444,#827,.T.);
#2220=EDGE_CURVE('',#1363,#1364,#884,.T.);
#2233=EDGE_CURVE('',#1359,#1360,#880,.T.);
#2246=EDGE_CURVE('',#1371,#1372,#888,.T.);
#2249=EDGE_CURVE('',#1379,#1380,#892,.T.);
#2260=EDGE_CURVE('',#1407,#1408,#896,.T.);
#2297=EDGE_CURVE('',#1414,#1415,#964,.T.);
#2324=EDGE_CURVE('',#1327,#1328,#1005,.T.);
#2337=EDGE_CURVE('',#1335,#1336,#1013,.T.);
#2350=EDGE_CURVE('',#1352,#1354,#1022,.T.);
#2363=EDGE_CURVE('',#1344,#1346,#1042,.T.);
#2375=EDGE_CURVE('',#1348,#1343,#1034,.T.);
#2387=EDGE_CURVE('',#1356,#1350,#1046,.T.);
#2400=EDGE_CURVE('',#1339,#1340,#1054,.T.);
#2413=EDGE_CURVE('',#1331,#1332,#1063,.T.);
#2440=EDGE_CURVE('',#1511,#1512,#1084,.T.);
#2451=EDGE_CURVE('',#1503,#1504,#1088,.T.);
#2488=EDGE_CURVE('',#1428,#1429,#1168,.T.);
#2503=EDGE_CURVE('',#1383,#1384,#1200,.T.);
#2516=EDGE_CURVE('',#1395,#1396,#1204,.T.);
#2527=EDGE_CURVE('',#1387,#1388,#1208,.T.);
#2530=EDGE_CURVE('',#1403,#1404,#1212,.T.);
#2565=EDGE_CURVE('',#1421,#1422,#1288,.T.);
#2587=(LENGTH_UNIT()NAMED_UNIT(*)SI_UNIT(.MILLI.,.METRE.));
#2589=(NAMED_UNIT(*)PLANE_ANGLE_UNIT()SI_UNIT($,.RADIAN.));
#2592=(NAMED_UNIT(*)SI_UNIT($,.STERADIAN.)SOLID_ANGLE_UNIT());
#2595=ADVANCED_BREP_SHAPE_REPRESENTATION('',(#2586),#2594);
#2602=PRODUCT_DEFINITION('design','',#2601,#2598);
#2603=PRODUCT_DEFINITION_SHAPE('','SHAPE FOR C61036-A0263-C200-01-7606.',#2602);
#2604=SHAPE_DEFINITION_REPRESENTATION(#2603,#2595);
ENDSEC;
END-ISO-10303-21;
