#VRML V2.0 utf8
# 3D model generated by easyeda2kicad.py (https://github.com/uPesy/easyeda2kicad.py)

Shape{
    appearance Appearance {
        material  Material 	{
            diffuseColor 0.25098039215686274 0.25098039215686274 0.25098039215686274
            specularColor 0.25098039215686274 0.25098039215686274 0.25098039215686274
            ambientIntensity 0.251
            transparency 0.0
            shininess 0.5
        }
    }
    geometry IndexedFaceSet {
        ccw TRUE
        solid FALSE
        coord DEF co Coordinate {
            point [
                0.7388 -0.7563 0.748, 0.8153 -0.7563 0.748, 0.8153 -0.5899 0.748, 0.6005 -0.7563 0.748, 0.7388 -0.5899 0.748, 0.538 -0.7563 0.748, 0.6005 -0.5899 0.748, -0.8153 -0.7563 0.748, -0.2842 -0.7563 0.748, -0.2842 -0.5899 0.748, 0.425 -0.5631 0.748, 0.4222 -0.5635 0.748, 0.4389 -0.5635 0.748, -0.0461 -0.4827 0.748, -0.0451 -0.4772 0.748, -0.2842 -0.4772 0.748, 0.2259 -0.4424 0.748, 0.2387 -0.4533 0.748, 0.2837 -0.3898 0.748, 0.2837 -0.4576 0.748, 0.1626 -0.3829 0.748, 0.1729 -0.3898 0.748, 0.1838 -0.3971 0.748, 0.1993 -0.4149 0.748, 0.2094 -0.4346 0.748, 0.2118 -0.4354 0.748, 0.0738 -0.3838 0.748, 0.0957 -0.3753 0.748, -0.2842 0.0312 0.748, 0.2837 0.0312 0.748, 0.1193 -0.3724 0.748, 0.1388 -0.3745 0.748, -0.024 -0.4336 0.748, -0.0202 -0.4301 0.748, -0.2842 -0.3898 0.748, 0.0642 -0.3898 0.748, 0.0623 -0.3909 0.748, -0.0044 -0.4193 0.748, 0.0133 -0.4128 0.748, 0.0306 -0.4108 0.748, 0.0512 -0.4005 0.748, 0.036 -0.4111 0.748, 0.0415 -0.4118 0.748, -0.2842 -0.4576 0.748, -0.0426 -0.464 0.748, -0.0396 -0.4576 0.748, -0.0347 -0.4471 0.748, 0.0116 -0.5622 0.748, 0.0039 -0.5598 0.748, -0.2842 -0.5635 0.748, -0.013 -0.5511 0.748, -0.0264 -0.5394 0.748, -0.0278 -0.5378 0.748, -0.0379 -0.5226 0.748, -0.0443 -0.5049 0.748, -0.0463 -0.4877 0.748, 0.0327 -0.5881 0.748, 0.0234 -0.5811 0.748, 0.0163 -0.5723 0.748, 0.0122 -0.5635 0.748, 0.0436 -0.5927 0.748, 0.037 -0.5899 0.748, 0.0763 -0.5899 0.748, 0.0681 -0.593 0.748, 0.2837 -0.7563 0.748, 0.0566 -0.5944 0.748, 0.0548 -0.5944 0.748, 0.1011 -0.5635 0.748, 0.1011 -0.5636 0.748, 0.2837 -0.5899 0.748, 0.0955 -0.5742 0.748, 0.0881 -0.5824 0.748, 0.0787 -0.589 0.748, 0.2542 -0.4813 0.748, 0.2564 -0.4967 0.748, 0.2837 -0.4772 0.748, 0.1617 -0.5354 0.748, 0.165 -0.5342 0.748, 0.1705 -0.5072 0.748, 0.0922 -0.5152 0.748, 0.1558 -0.482 0.748, 0.0839 -0.5077 0.748, 0.0739 -0.5023 0.748, 0.1588 -0.5375 0.748, 0.2267 -0.4931 0.748, 0.2245 -0.484 0.748, 0.2209 -0.4772 0.748, -0.0152 -0.4772 0.748, 0.2542 -0.5138 0.748, 0.2837 -0.5635 0.748, 0.2482 -0.5288 0.748, 0.2388 -0.5418 0.748, 0.1686 -0.5337 0.748, 0.1691 -0.5338 0.748, 0.1705 -0.5341 0.748, -0.0125 -0.5056 0.748, -0.0068 -0.5153 0.748, 0.0173 -0.5202 0.748, 0.0017 -0.524 0.748, 0.0121 -0.5304 0.748, 0.0349 -0.5045 0.748, 0.0252 -0.5112 0.748, -0.0164 -0.4868 0.748, -0.0159 -0.494 0.748, 0.0453 -0.5005 0.748, 0.0566 -0.4991 0.748, 0.0624 -0.4994 0.748, 0.2258 -0.5528 0.748, 0.2113 -0.5598 0.748, 0.1956 -0.5631 0.748, 0.1539 -0.5484 0.748, 0.154 -0.5468 0.748, 0.1041 -0.5423 0.748, 0.1549 -0.5432 0.748, 0.1567 -0.5399 0.748, 0.2173 -0.5223 0.748, 0.2226 -0.5149 0.748, 0.2258 -0.5064 0.748, 0.227 -0.4972 0.748, 0.1677 -0.5631 0.748, 0.165 -0.5627 0.748, 0.1618 -0.5615 0.748, 0.1588 -0.5593 0.748, 0.1577 -0.5582 0.748, 0.1556 -0.5552 0.748, 0.1544 -0.552 0.748, 0.1038 -0.5519 0.748, 0.1041 -0.547 0.748, 0.1715 -0.5342 0.748, 0.1928 -0.5342 0.748, 0.2013 -0.5326 0.748, 0.2097 -0.5287 0.748, 0.2167 -0.523 0.748, 0.1862 -0.4602 0.748, -0.0109 -0.4647 0.748, -0.015 -0.4753 0.748, 0.19 -0.4602 0.748, 0.2201 -0.4758 0.748, 0.2146 -0.4696 0.748, 0.2072 -0.4645 0.748, 0.199 -0.4613 0.748, 0.1658 -0.4194 0.748, 0.1638 -0.4176 0.748, 0.0562 -0.4464 0.748, 0.1764 -0.4324 0.748, -0.006 -0.4576 0.748, 0.0527 -0.4445 0.748, 0.1856 -0.4576 0.748, 0.1835 -0.4477 0.748, 0.0421 -0.4407 0.748, 0.031 -0.4393 0.748, 0.0262 -0.4396 0.748, 0.1505 -0.4084 0.748, 0.1356 -0.4028 0.748, 0.0632 -0.4318 0.748, 0.1197 -0.4009 0.748, 0.0144 -0.4423 0.748, 0.0039 -0.4479 0.748, -0.0044 -0.4553 0.748, 0.1025 -0.4031 0.748, 0.087 -0.4093 0.748, 0.0738 -0.419 0.748, 0.2419 -0.4576 0.748, 0.2484 -0.4668 0.748, 0.2526 -0.4772 0.748, 0.5317 -0.5553 0.748, 0.5317 -0.5629 0.748, 0.538 -0.5635 0.748, 0.5169 -0.5635 0.748, 0.5044 -0.5328 0.748, 0.5044 -0.5553 0.748, 0.5169 -0.5328 0.748, 0.5169 -0.5553 0.748, 0.5283 -0.5328 0.748, 0.5283 -0.5252 0.748, 0.5044 -0.5039 0.748, 0.5044 -0.5252 0.748, 0.5169 -0.5039 0.748, 0.5169 -0.5252 0.748, 0.5302 -0.5039 0.748, 0.5169 -0.5629 0.748, 0.4958 -0.5629 0.748, 0.4913 -0.5635 0.748, 0.4958 -0.4962 0.748, 0.4083 -0.5549 0.748, 0.4084 -0.5549 0.748, 0.4084 -0.5371 0.748, 0.4069 -0.5356 0.748, 0.4059 -0.5339 0.748, 0.4045 -0.5526 0.748, 0.4049 -0.5314 0.748, 0.4046 -0.5281 0.748, 0.4017 -0.4772 0.748, 0.4049 -0.5251 0.748, 0.4083 -0.5371 0.748, 0.4045 -0.5612 0.748, 0.4017 -0.5635 0.748, 0.4084 -0.5626 0.748, 0.4084 -0.5635 0.748, 0.4104 -0.5633 0.748, 0.412 -0.5635 0.748, 0.4175 -0.564 0.748, 0.4084 -0.5899 0.748, 0.4389 -0.5899 0.748, 0.4344 -0.5163 0.748, 0.4344 -0.5244 0.748, 0.4099 -0.5179 0.748, 0.412 -0.5167 0.748, 0.4084 -0.4772 0.748, 0.4059 -0.5224 0.748, 0.4074 -0.5202 0.748, 0.4084 -0.5193 0.748, 0.4363 -0.5533 0.748, 0.4353 -0.5559 0.748, 0.4337 -0.5581 0.748, 0.4165 -0.515 0.748, 0.4231 -0.5142 0.748, 0.4389 -0.4772 0.748, 0.429 -0.5147 0.748, 0.4339 -0.5421 0.748, 0.4355 -0.5444 0.748, 0.4364 -0.5468 0.748, 0.4367 -0.5499 0.748, 0.4313 -0.5602 0.748, 0.4294 -0.5614 0.748, 0.4223 -0.5209 0.748, 0.4198 -0.5211 0.748, 0.4132 -0.5274 0.748, 0.4176 -0.5217 0.748, 0.4157 -0.5227 0.748, 0.4133 -0.5285 0.748, 0.4136 -0.5298 0.748, 0.4142 -0.5309 0.748, 0.415 -0.5318 0.748, 0.418 -0.5336 0.748, 0.4281 -0.5217 0.748, 0.4231 -0.5359 0.748, 0.4329 -0.5235 0.748, 0.4264 -0.5372 0.748, 0.4319 -0.5403 0.748, 0.4145 -0.5238 0.748, 0.4138 -0.5249 0.748, 0.4133 -0.526 0.748, 0.4136 -0.5567 0.748, 0.4172 -0.542 0.748, 0.4122 -0.5397 0.748, 0.4183 -0.5572 0.748, 0.4186 -0.5572 0.748, 0.4227 -0.5443 0.748, 0.4229 -0.5567 0.748, 0.4281 -0.5508 0.748, 0.428 -0.5497 0.748, 0.4251 -0.5559 0.748, 0.4258 -0.5555 0.748, 0.4268 -0.5546 0.748, 0.4275 -0.5535 0.748, 0.428 -0.5524 0.748, 0.4277 -0.5484 0.748, 0.427 -0.5473 0.748, 0.426 -0.5462 0.748, 0.6005 -0.4576 0.748, 0.5788 -0.457 0.748, 0.5693 -0.457 0.748, 0.5625 -0.4388 0.748, 0.538 -0.4388 0.748, 0.538 -0.4576 0.748, 0.5534 -0.3903 0.748, 0.6005 -0.3898 0.748, 0.538 -0.3898 0.748, 0.5347 -0.4388 0.748, 0.5283 -0.457 0.748, 0.5169 -0.4576 0.748, 0.5188 -0.457 0.748, 0.5169 -0.3898 0.748, 0.538 -0.4066 0.748, 0.5442 -0.3903 0.748, 0.4607 -0.457 0.748, 0.4607 -0.3903 0.748, 0.4466 -0.398 0.748, 0.4466 -0.3903 0.748, 0.4798 -0.3903 0.748, 0.4913 -0.3898 0.748, 0.4389 -0.3898 0.748, 0.4389 -0.3903 0.748, 0.4481 -0.4494 0.748, 0.4481 -0.457 0.748, 0.4905 -0.4557 0.748, 0.4791 -0.457 0.748, 0.4913 -0.4576 0.748, 0.4389 -0.4576 0.748, 0.5132 -0.4349 0.748, 0.51 -0.4418 0.748, 0.5073 -0.4014 0.748, 0.5115 -0.4072 0.748, 0.505 -0.4477 0.748, 0.4981 -0.4527 0.748, 0.4913 -0.4553 0.748, 0.505 -0.3992 0.748, 0.49 -0.3914 0.748, 0.4913 -0.3919 0.748, 0.498 -0.3944 0.748, 0.5139 -0.4136 0.748, 0.5151 -0.4228 0.748, 0.5149 -0.4271 0.748, 0.4209 -0.427 0.748, 0.4209 -0.4494 0.748, 0.4389 -0.427 0.748, 0.4389 -0.4494 0.748, 0.4447 -0.427 0.748, 0.4447 -0.4194 0.748, 0.4389 -0.4194 0.748, 0.4389 -0.398 0.748, 0.4209 -0.4194 0.748, 0.4209 -0.398 0.748, 0.4122 -0.3903 0.748, 0.4084 -0.3898 0.748, 0.4122 -0.457 0.748, 0.4017 -0.4576 0.748, 0.3989 -0.4009 0.748, 0.3989 -0.446 0.748, 0.3982 -0.4005 0.748, 0.396 -0.4473 0.748, 0.396 -0.3997 0.748, 0.3923 -0.449 0.748, 0.3848 -0.4504 0.748, 0.3914 -0.398 0.748, 0.3832 -0.397 0.748, 0.358 -0.4244 0.748, 0.3658 -0.4448 0.748, 0.3702 -0.4479 0.748, 0.365 -0.4044 0.748, 0.3613 -0.4095 0.748, 0.3695 -0.4006 0.748, 0.3748 -0.3982 0.748, 0.3806 -0.3971 0.748, 0.3591 -0.4152 0.748, 0.358 -0.4269 0.748, 0.3591 -0.4336 0.748, 0.375 -0.4497 0.748, 0.3817 -0.4505 0.748, 0.3613 -0.4389 0.748, 0.3645 -0.4435 0.748, 0.3989 -0.3919 0.748, 0.4017 -0.3898 0.748, 0.396 -0.3911 0.748, 0.396 -0.3898 0.748, 0.3919 -0.3899 0.748, 0.3902 -0.3898 0.748, 0.3831 -0.3892 0.748, 0.396 0.0312 0.748, 0.3831 -0.3892 0.748, 0.3479 0.0312 0.748, 0.3785 -0.3898 0.748, 0.3629 -0.4535 0.748, 0.3479 -0.4576 0.748, 0.3692 -0.4565 0.748, 0.3746 -0.4576 0.748, 0.3575 -0.4491 0.748, 0.353 -0.4428 0.748, 0.3503 -0.4359 0.748, 0.3479 -0.3898 0.748, 0.3537 -0.4053 0.748, 0.3586 -0.399 0.748, 0.3489 -0.4249 0.748, 0.3491 -0.4215 0.748, 0.3506 -0.4128 0.748, 0.3602 -0.3975 0.748, 0.3664 -0.3931 0.748, 0.3734 -0.3904 0.748, 0.3764 -0.458 0.748, 0.3479 -0.4772 0.748, 0.3804 -0.4582 0.748, 0.396 -0.4772 0.748, 0.3863 -0.4576 0.748, 0.3989 -0.4543 0.748, 0.3978 -0.4549 0.748, 0.396 -0.4576 0.748, 0.396 -0.4554 0.748, 0.3906 -0.4572 0.748, 0.3469 -0.5553 0.748, 0.3469 -0.5629 0.748, 0.3479 -0.5635 0.748, 0.311 -0.5629 0.748, 0.3466 -0.5635 0.748, 0.3466 -0.5629 0.748, 0.311 -0.4962 0.748, 0.3454 -0.4962 0.748, 0.3454 -0.5039 0.748, 0.3466 -0.4772 0.748, 0.3466 -0.5553 0.748, 0.3196 -0.5328 0.748, 0.3196 -0.5553 0.748, 0.3435 -0.5328 0.748, 0.3435 -0.5252 0.748, 0.3196 -0.5252 0.748, 0.3196 -0.5039 0.748, 0.3596 -0.5186 0.748, 0.3596 -0.5267 0.748, 0.3932 -0.5322 0.748, 0.3932 -0.5629 0.748, 0.396 -0.5635 0.748, 0.3848 -0.5629 0.748, 0.3652 -0.5635 0.748, 0.365 -0.5634 0.748, 0.3618 -0.5622 0.748, 0.359 -0.5603 0.748, 0.378 -0.5212 0.748, 0.3752 -0.5209 0.748, 0.3707 -0.5346 0.748, 0.3582 -0.5595 0.748, 0.3564 -0.557 0.748, 0.3554 -0.5542 0.748, 0.358 -0.5405 0.748, 0.3604 -0.5382 0.748, 0.3638 -0.5364 0.748, 0.3653 -0.5231 0.748, 0.3706 -0.5214 0.748, 0.3549 -0.5501 0.748, 0.3553 -0.5463 0.748, 0.3563 -0.5432 0.748, 0.3848 -0.5555 0.748, 0.3846 -0.5555 0.748, 0.3833 -0.5576 0.748, 0.3806 -0.5604 0.748, 0.3848 -0.5326 0.748, 0.3846 -0.5289 0.748, 0.3837 -0.526 0.748, 0.3827 -0.5242 0.748, 0.3613 -0.5176 0.748, 0.3675 -0.5152 0.748, 0.376 -0.5142 0.748, 0.3818 -0.5148 0.748, 0.3851 -0.516 0.748, 0.3878 -0.5176 0.748, 0.3892 -0.519 0.748, 0.391 -0.5216 0.748, 0.3924 -0.5252 0.748, 0.3815 -0.5229 0.748, 0.38 -0.5219 0.748, 0.37 -0.564 0.748, 0.3479 -0.5899 0.748, 0.3744 -0.5635 0.748, 0.396 -0.5899 0.748, 0.3746 -0.5635 0.748, 0.4781 -0.5152 0.748, 0.4868 -0.5152 0.748, 0.4913 -0.4772 0.748, 0.5169 -0.4772 0.748, 0.5169 -0.4962 0.748, 0.538 -0.4772 0.748, 0.5302 -0.4962 0.748, 0.4595 -0.5635 0.748, 0.4597 -0.5628 0.748, 0.4411 -0.5152 0.748, 0.4504 -0.5152 0.748, 0.4629 -0.5511 0.748, 0.4651 -0.5511 0.748, 0.4639 -0.555 0.748, 0.4641 -0.555 0.748, 0.4645 -0.5534 0.748, 0.4579 -0.5815 0.748, 0.4551 -0.5835 0.748, 0.4913 -0.5899 0.748, 0.4519 -0.5849 0.748, 0.4482 -0.5853 0.748, 0.4463 -0.5853 0.748, 0.4528 -0.5763 0.748, 0.4544 -0.5745 0.748, 0.4561 -0.5715 0.748, 0.4428 -0.5847 0.748, 0.4428 -0.5772 0.748, 0.4445 -0.5778 0.748, 0.4475 -0.5782 0.748, 0.4678 -0.5635 0.748, 0.4652 -0.5701 0.748, 0.4613 -0.5775 0.748, 0.4498 -0.5779 0.748, 0.4516 -0.5772 0.748, 0.538 -0.5899 0.748, 0.5169 -0.7563 0.748, 0.5169 -0.5899 0.748, 0.4913 -0.7563 0.748, 0.4389 -0.7563 0.748, 0.4084 -0.7563 0.748, 0.4017 -0.7563 0.748, 0.4017 -0.5899 0.748, 0.396 -0.7563 0.748, 0.3479 -0.7563 0.748, 0.3466 -0.7563 0.748, 0.3466 -0.5899 0.748, 0.3777 -0.5623 0.748, 0.7388 -0.5635 0.748, 0.6005 -0.5635 0.748, 0.5443 -0.5629 0.748, 0.5968 -0.5407 0.748, 0.5935 -0.5476 0.748, 0.5886 -0.5536 0.748, 0.595 -0.5131 0.748, 0.5975 -0.5194 0.748, 0.6005 -0.4772 0.748, 0.5986 -0.5287 0.748, 0.5984 -0.5329 0.748, 0.5816 -0.5585 0.748, 0.574 -0.5615 0.748, 0.5627 -0.5629 0.748, 0.5443 -0.4962 0.748, 0.5633 -0.4962 0.748, 0.5735 -0.4973 0.748, 0.5816 -0.5002 0.748, 0.5886 -0.505 0.748, 0.5909 -0.5073 0.748, 0.6118 -0.5629 0.748, 0.6023 -0.5629 0.748, 0.6528 -0.5629 0.748, 0.646 -0.5447 0.748, 0.6183 -0.5447 0.748, 0.6277 -0.4962 0.748, 0.6369 -0.4962 0.748, 0.3466 -0.4576 0.748, 0.4084 -0.4576 0.748, 0.3462 -0.4494 0.748, 0.3462 -0.457 0.748, 0.311 -0.457 0.748, 0.3196 -0.3903 0.748, 0.3466 -0.3898 0.748, 0.311 -0.3903 0.748, 0.3196 -0.4494 0.748, 0.4389 -0.457 0.748, 0.6624 -0.5629 0.748, 0.7388 -0.4772 0.748, 0.7388 -0.4576 0.748, 0.7388 -0.3898 0.748, 0.8153 -0.5635 0.748, 0.8153 -0.4772 0.748, 0.8153 -0.4576 0.748, 0.8153 -0.3898 0.748, 0.3466 0.0312 0.748, 0.8153 0.0312 0.748, 0.7388 0.0312 0.748, 0.6005 0.0312 0.748, 0.538 0.0312 0.748, 0.5169 0.0312 0.748, 0.4913 0.0312 0.748, 0.4389 0.0312 0.748, 0.4084 0.0312 0.748, 0.4017 0.0312 0.748, -0.522 0.5476 0.748, -0.5259 0.5184 0.748, -0.6348 0.4348 0.748, -0.664 0.4387 0.748, -0.8153 0.0312 0.748, -0.7146 0.6274 0.748, -0.6912 0.6453 0.748, -0.8153 0.7563 0.748, -0.5784 0.4499 0.748, -0.6056 0.4387 0.748, -0.7325 0.604 0.748, -0.5371 0.4912 0.748, -0.5551 0.4679 0.748, -0.6912 0.4499 0.748, -0.7146 0.4679 0.748, -0.7325 0.4912 0.748, -0.5784 0.6453 0.748, -0.5551 0.6274 0.748, -0.2842 0.7563 0.748, -0.5371 0.604 0.748, -0.5259 0.5768 0.748, -0.8153 -0.5899 0.748, -0.8153 -0.5635 0.748, -0.8153 -0.4772 0.748, -0.8153 -0.4576 0.748, -0.8153 -0.3898 0.748, -0.7438 0.5184 0.748, -0.7476 0.5476 0.748, -0.7438 0.5768 0.748, -0.664 0.6566 0.748, -0.6348 0.6604 0.748, -0.6056 0.6566 0.748, 0.8153 0.7563 0.748, 0.7388 0.7563 0.748, 0.6005 0.7563 0.748, 0.538 0.7563 0.748, 0.5169 0.7563 0.748, 0.4913 0.7563 0.748, 0.4389 0.7563 0.748, 0.4084 0.7563 0.748, 0.4017 0.7563 0.748, 0.396 0.7563 0.748, 0.3479 0.7563 0.748, 0.3466 0.7563 0.748, 0.2837 0.7563 0.748, 0.8661 -0.7874 0.3543, 0.8661 -0.5787 0.3543, 0.8661 -0.7874 0.4331, 0.8661 -0.5787 0.4331, 0.8661 0.4213 0.3543, 0.8661 0.4213 0.4331, 0.8661 -0.4213 0.3543, 0.8661 -0.4213 0.4331, -0.8661 0.7874 0.3543, -0.8661 0.5787 0.3543, -0.8661 0.7874 0.4331, -0.8661 0.5787 0.4331, -0.8661 -0.4213 0.3543, -0.8661 -0.4213 0.4331, -0.8661 0.4213 0.3543, -0.8661 0.4213 0.4331, 0.8661 0.7874 0.4331, 0.8661 0.5787 0.4331, 0.8661 0.7874 0.3543, 0.8661 0.5787 0.3543, -0.8465 -0.8071 0.3543, 0.8465 -0.8071 0.3543, -0.8465 -0.8071 0.4331, 0.8465 -0.8071 0.4331, -0.8661 -0.7874 0.4331, -0.8661 -0.5787 0.4331, -0.8661 -0.7874 0.3543, -0.8661 -0.5787 0.3543, 0.8465 0.8071 0.3543, -0.8465 0.8071 0.3543, 0.8465 0.8071 0.4331, -0.8465 0.8071 0.4331, -0.8233 0.7714 0.0394, -0.821 0.7725 0.0394, -0.8316 0.7619 0.0394, -0.833 0.7544 0.0394, 0.833 0.7544 0.0394, -0.833 -0.7544 0.0394, 0.833 -0.7544 0.0394, 0.8135 0.774 0.0394, -0.8135 0.774 0.0394, -0.8185 0.7733 0.0394, 0.8233 -0.7714 0.0394, 0.821 -0.7725 0.0394, 0.8316 -0.7619 0.0394, -0.8324 0.7595 0.0394, 0.8304 0.7642 0.0394, 0.8316 0.7619 0.0394, 0.821 0.7725 0.0394, -0.8135 -0.774 0.0394, 0.8135 -0.774 0.0394, 0.8185 -0.7733 0.0394, 0.8185 0.7733 0.0394, 0.8324 0.7595 0.0394, 0.8324 -0.7595 0.0394, -0.8304 -0.7642 0.0394, -0.8316 -0.7619 0.0394, -0.8233 -0.7714 0.0394, -0.821 -0.7725 0.0394, -0.8185 -0.7733 0.0394, -0.8324 -0.7595 0.0394, -0.8304 0.7642 0.0394, -0.829 0.7663 0.0394, -0.8254 0.7699 0.0394, -0.8273 0.7683 0.0394, 0.8233 0.7714 0.0394, 0.8254 0.7699 0.0394, 0.829 0.7663 0.0394, 0.8273 0.7683 0.0394, 0.8304 -0.7642 0.0394, 0.829 -0.7663 0.0394, 0.8254 -0.7699 0.0394, 0.8273 -0.7683 0.0394, -0.829 -0.7663 0.0394, -0.8254 -0.7699 0.0394, -0.8273 -0.7683 0.0394
            ]
        }
        coordIndex [
            0,1,2,-1,3,0,4,-1,5,3,6,-1,7,8,9,-1,10,11,12,-1,13,14,15,-1,16,17,18,-1,18,17,19,-1,20,21,18,-1,18,21,22,-1,18,22,23,-1,23,24,18,-1,18,24,25,-1,18,25,16,-1,26,27,28,-1,28,27,29,-1,29,27,30,-1,29,30,31,-1,32,33,34,-1,26,28,35,-1,35,28,34,-1,35,34,36,-1,33,37,34,-1,34,37,38,-1,34,38,36,-1,36,38,39,-1,36,39,40,-1,40,39,41,-1,40,41,42,-1,15,14,43,-1,14,44,43,-1,43,44,45,-1,43,45,34,-1,34,45,46,-1,34,46,32,-1,47,48,49,-1,48,50,49,-1,49,50,51,-1,49,51,52,-1,52,53,49,-1,49,53,54,-1,49,54,15,-1,15,54,55,-1,15,55,13,-1,56,57,9,-1,9,57,58,-1,9,58,49,-1,49,58,59,-1,49,59,47,-1,8,60,9,-1,9,60,61,-1,9,61,56,-1,62,63,64,-1,64,63,65,-1,64,65,8,-1,8,65,66,-1,8,66,60,-1,67,68,69,-1,68,70,69,-1,69,70,71,-1,69,71,72,-1,73,74,75,-1,76,77,78,-1,79,80,81,-1,81,80,82,-1,76,78,83,-1,84,85,80,-1,80,85,86,-1,80,86,87,-1,74,88,89,-1,89,88,90,-1,89,90,91,-1,77,92,78,-1,78,92,93,-1,78,93,94,-1,95,96,97,-1,97,96,98,-1,97,98,99,-1,100,87,101,-1,101,87,102,-1,101,102,97,-1,97,102,103,-1,97,103,95,-1,100,104,87,-1,87,104,105,-1,87,105,80,-1,80,105,106,-1,80,106,82,-1,91,107,89,-1,89,107,108,-1,89,108,109,-1,110,111,112,-1,112,111,113,-1,112,113,78,-1,78,113,114,-1,78,114,83,-1,115,116,78,-1,78,116,117,-1,78,117,80,-1,80,117,118,-1,80,118,84,-1,119,120,67,-1,120,121,67,-1,67,121,122,-1,67,122,123,-1,123,124,67,-1,67,124,125,-1,67,125,126,-1,126,125,110,-1,126,110,127,-1,127,110,112,-1,94,128,78,-1,78,128,129,-1,78,129,130,-1,130,131,78,-1,78,131,132,-1,78,132,115,-1,133,134,135,-1,135,87,133,-1,133,87,86,-1,133,86,136,-1,136,86,137,-1,137,138,136,-1,136,138,139,-1,136,139,140,-1,141,142,143,-1,141,143,144,-1,145,143,146,-1,134,133,145,-1,145,133,147,-1,145,147,143,-1,143,147,148,-1,143,148,144,-1,146,149,145,-1,145,149,150,-1,145,150,151,-1,142,152,143,-1,143,152,153,-1,143,153,154,-1,154,153,155,-1,156,157,151,-1,151,157,158,-1,151,158,145,-1,159,160,155,-1,155,160,161,-1,155,161,154,-1,17,162,19,-1,19,162,163,-1,19,163,75,-1,75,163,164,-1,75,164,73,-1,165,166,167,-1,167,166,168,-1,169,170,171,-1,171,170,172,-1,171,172,173,-1,173,172,165,-1,173,165,174,-1,175,176,177,-1,177,176,178,-1,177,178,179,-1,166,180,168,-1,168,180,181,-1,168,181,182,-1,182,181,183,-1,184,185,186,-1,187,188,189,-1,188,190,189,-1,189,190,191,-1,189,191,192,-1,192,191,193,-1,184,186,189,-1,189,186,194,-1,189,194,187,-1,195,196,197,-1,197,196,198,-1,197,198,199,-1,199,198,200,-1,201,202,11,-1,11,202,203,-1,11,203,12,-1,204,205,12,-1,206,207,208,-1,193,209,192,-1,192,209,210,-1,192,210,208,-1,208,210,211,-1,208,211,206,-1,212,213,12,-1,12,213,214,-1,207,215,208,-1,208,215,216,-1,208,216,217,-1,217,216,218,-1,217,218,204,-1,219,220,205,-1,205,220,221,-1,205,221,12,-1,12,221,222,-1,12,222,212,-1,214,223,12,-1,12,223,224,-1,12,224,10,-1,225,226,227,-1,227,226,228,-1,227,228,229,-1,227,230,225,-1,225,230,231,-1,225,231,232,-1,232,233,225,-1,225,233,234,-1,225,234,235,-1,235,234,236,-1,235,236,237,-1,237,236,238,-1,237,238,205,-1,205,238,239,-1,205,239,219,-1,240,241,229,-1,229,241,242,-1,229,242,227,-1,243,244,185,-1,185,244,245,-1,185,245,186,-1,243,246,244,-1,244,246,247,-1,244,247,248,-1,248,247,249,-1,248,250,251,-1,249,252,248,-1,248,252,253,-1,248,253,254,-1,254,255,248,-1,248,255,256,-1,248,256,250,-1,251,257,248,-1,248,257,258,-1,248,258,259,-1,260,261,262,-1,263,264,262,-1,262,264,265,-1,262,265,260,-1,261,260,266,-1,266,260,267,-1,266,267,268,-1,264,269,265,-1,265,269,270,-1,265,270,271,-1,271,270,272,-1,271,272,273,-1,273,272,274,-1,273,274,268,-1,268,274,275,-1,268,275,266,-1,276,277,278,-1,278,277,279,-1,280,281,277,-1,277,281,282,-1,277,282,279,-1,279,282,283,-1,284,285,276,-1,286,287,288,-1,288,287,276,-1,288,276,289,-1,289,276,285,-1,290,291,271,-1,292,293,273,-1,291,294,271,-1,271,294,295,-1,271,295,288,-1,288,295,296,-1,288,296,286,-1,292,273,297,-1,280,298,281,-1,281,298,299,-1,281,299,273,-1,273,299,300,-1,273,300,297,-1,293,301,273,-1,273,301,302,-1,273,302,271,-1,271,302,303,-1,271,303,290,-1,304,305,306,-1,306,305,307,-1,306,307,308,-1,307,284,308,-1,308,284,276,-1,308,276,309,-1,309,276,278,-1,309,278,310,-1,310,278,311,-1,310,311,312,-1,312,311,313,-1,283,282,314,-1,314,282,315,-1,314,315,316,-1,317,318,319,-1,319,318,320,-1,319,320,321,-1,321,320,322,-1,321,322,323,-1,323,322,324,-1,325,326,327,-1,322,328,329,-1,330,331,332,-1,332,331,333,-1,326,334,327,-1,327,334,333,-1,327,333,335,-1,335,333,331,-1,325,327,322,-1,322,327,336,-1,322,336,337,-1,329,338,322,-1,322,338,339,-1,322,339,324,-1,337,340,322,-1,322,340,341,-1,322,341,328,-1,342,343,344,-1,344,343,345,-1,344,345,346,-1,346,345,347,-1,348,349,350,-1,350,349,351,-1,350,351,352,-1,353,354,355,-1,355,354,356,-1,353,357,354,-1,354,357,358,-1,354,358,359,-1,360,361,362,-1,363,364,360,-1,360,364,365,-1,360,365,361,-1,362,366,360,-1,360,366,367,-1,360,367,368,-1,369,370,371,-1,371,370,372,-1,371,372,373,-1,319,374,317,-1,317,374,375,-1,317,375,376,-1,376,375,377,-1,376,377,378,-1,379,380,381,-1,382,89,383,-1,381,380,383,-1,383,380,384,-1,383,384,382,-1,74,89,75,-1,75,89,382,-1,75,382,385,-1,386,387,388,-1,388,387,389,-1,388,389,370,-1,390,391,392,-1,392,391,389,-1,392,389,393,-1,393,389,387,-1,393,387,394,-1,394,387,395,-1,389,379,370,-1,370,379,381,-1,370,381,396,-1,396,381,397,-1,398,399,400,-1,400,399,401,-1,402,403,381,-1,381,403,404,-1,381,404,405,-1,406,407,408,-1,405,409,381,-1,381,409,410,-1,381,410,411,-1,412,413,397,-1,397,413,414,-1,397,414,415,-1,415,414,408,-1,415,408,416,-1,416,408,407,-1,411,417,381,-1,381,417,418,-1,381,418,397,-1,397,418,419,-1,397,419,412,-1,420,421,401,-1,401,421,422,-1,401,422,423,-1,424,425,408,-1,408,425,426,-1,408,426,427,-1,396,428,370,-1,370,428,429,-1,370,429,372,-1,372,429,430,-1,430,431,372,-1,372,431,432,-1,372,432,433,-1,433,434,372,-1,372,434,435,-1,372,435,436,-1,427,437,408,-1,408,437,438,-1,408,438,406,-1,439,440,441,-1,441,440,442,-1,441,442,443,-1,444,445,446,-1,445,182,446,-1,446,182,183,-1,446,183,447,-1,447,183,448,-1,447,448,449,-1,449,448,450,-1,449,450,179,-1,451,452,12,-1,12,452,453,-1,204,12,217,-1,217,12,453,-1,217,453,446,-1,446,453,454,-1,446,454,444,-1,444,454,455,-1,444,455,456,-1,457,458,455,-1,455,458,459,-1,455,459,456,-1,460,461,462,-1,462,461,463,-1,462,463,203,-1,203,463,464,-1,203,464,465,-1,466,467,12,-1,12,467,468,-1,12,468,451,-1,465,469,203,-1,203,469,470,-1,203,470,12,-1,12,470,471,-1,12,471,472,-1,473,474,462,-1,462,474,475,-1,462,475,460,-1,472,476,12,-1,12,476,477,-1,12,477,466,-1,5,478,479,-1,479,478,480,-1,479,480,481,-1,481,480,462,-1,481,462,482,-1,482,462,203,-1,482,203,483,-1,483,203,202,-1,483,202,484,-1,484,202,485,-1,484,485,486,-1,486,485,442,-1,486,442,487,-1,487,442,440,-1,487,440,488,-1,488,440,489,-1,488,489,64,-1,64,489,69,-1,64,69,62,-1,62,69,72,-1,439,402,440,-1,440,402,381,-1,440,381,489,-1,489,381,383,-1,489,383,69,-1,69,383,89,-1,69,89,67,-1,67,89,109,-1,67,109,119,-1,201,200,202,-1,202,200,198,-1,202,198,485,-1,485,198,196,-1,485,196,442,-1,442,196,400,-1,442,400,443,-1,443,400,401,-1,443,401,490,-1,490,401,423,-1,478,167,480,-1,480,167,168,-1,480,168,462,-1,462,168,182,-1,462,182,473,-1,473,182,445,-1,3,4,6,-1,6,4,491,-1,6,491,492,-1,195,189,196,-1,196,189,192,-1,196,192,400,-1,400,192,372,-1,400,372,398,-1,398,372,436,-1,178,174,179,-1,179,174,165,-1,179,165,449,-1,449,165,167,-1,449,167,493,-1,494,495,492,-1,492,495,496,-1,497,498,499,-1,499,498,500,-1,499,500,492,-1,492,500,501,-1,492,501,494,-1,496,502,492,-1,492,502,503,-1,492,503,504,-1,5,6,478,-1,478,6,492,-1,478,492,167,-1,167,492,504,-1,167,504,493,-1,493,505,449,-1,449,505,506,-1,449,506,499,-1,499,506,507,-1,499,507,508,-1,508,509,499,-1,499,509,510,-1,499,510,497,-1,511,512,492,-1,513,514,515,-1,492,512,499,-1,499,512,516,-1,499,516,517,-1,369,356,370,-1,370,356,354,-1,370,354,388,-1,388,354,518,-1,499,260,449,-1,449,260,265,-1,449,265,447,-1,447,265,271,-1,447,271,446,-1,446,271,288,-1,446,288,217,-1,217,288,289,-1,217,289,208,-1,208,289,519,-1,208,519,192,-1,192,519,317,-1,192,317,372,-1,372,317,376,-1,372,376,373,-1,373,376,378,-1,520,521,518,-1,518,521,522,-1,523,524,525,-1,525,524,18,-1,525,18,522,-1,522,18,19,-1,522,19,518,-1,518,19,75,-1,518,75,388,-1,388,75,385,-1,388,385,386,-1,359,363,354,-1,354,363,360,-1,354,360,518,-1,518,360,524,-1,518,524,520,-1,520,524,523,-1,520,523,526,-1,285,527,289,-1,289,527,316,-1,289,316,519,-1,519,316,315,-1,519,315,317,-1,317,315,343,-1,317,343,318,-1,318,343,342,-1,515,511,513,-1,513,511,492,-1,513,492,528,-1,528,492,491,-1,528,491,517,-1,517,491,529,-1,517,529,499,-1,499,529,530,-1,499,530,260,-1,260,530,531,-1,260,531,267,-1,0,2,4,-1,4,2,532,-1,4,532,491,-1,491,532,533,-1,491,533,529,-1,529,533,534,-1,529,534,530,-1,530,534,535,-1,530,535,531,-1,368,352,360,-1,360,352,351,-1,360,351,524,-1,524,351,536,-1,524,536,18,-1,18,536,29,-1,18,29,20,-1,20,29,31,-1,535,537,531,-1,531,537,538,-1,531,538,267,-1,267,538,539,-1,267,539,268,-1,268,539,540,-1,268,540,273,-1,273,540,541,-1,273,541,281,-1,281,541,542,-1,281,542,282,-1,282,542,543,-1,282,543,315,-1,315,543,544,-1,315,544,343,-1,343,544,545,-1,343,545,345,-1,345,545,349,-1,345,349,347,-1,347,349,348,-1,546,547,28,-1,548,549,550,-1,551,552,553,-1,28,554,555,-1,551,553,556,-1,547,557,28,-1,28,557,558,-1,28,558,554,-1,549,559,550,-1,550,559,560,-1,550,560,561,-1,562,563,564,-1,564,563,565,-1,564,565,566,-1,7,9,567,-1,567,9,49,-1,567,49,568,-1,568,49,15,-1,568,15,569,-1,569,15,43,-1,569,43,570,-1,570,43,34,-1,570,34,571,-1,571,34,28,-1,571,28,550,-1,550,28,555,-1,550,555,548,-1,561,572,550,-1,550,572,573,-1,550,573,553,-1,553,573,574,-1,553,574,556,-1,552,575,553,-1,553,575,576,-1,553,576,564,-1,564,576,577,-1,564,577,562,-1,537,578,538,-1,538,578,579,-1,538,579,539,-1,539,579,580,-1,539,580,540,-1,540,580,581,-1,540,581,541,-1,541,581,582,-1,541,582,542,-1,542,582,583,-1,542,583,543,-1,543,583,584,-1,543,584,544,-1,544,584,585,-1,544,585,545,-1,545,585,586,-1,545,586,349,-1,349,586,587,-1,349,587,351,-1,351,587,588,-1,351,588,536,-1,536,588,589,-1,536,589,29,-1,29,589,590,-1,29,590,28,-1,28,590,564,-1,28,564,546,-1,546,564,566,-1,591,592,593,-1,593,592,594,-1,595,596,597,-1,597,596,598,-1,599,600,601,-1,601,600,602,-1,603,604,605,-1,605,604,606,-1,607,608,609,-1,609,608,610,-1,611,612,613,-1,613,612,614,-1,615,616,617,-1,617,616,618,-1,619,620,621,-1,621,620,622,-1,623,624,625,-1,626,627,628,-1,628,627,629,-1,630,627,631,-1,631,627,626,-1,631,626,632,-1,633,634,635,-1,632,626,624,-1,624,626,636,-1,624,636,625,-1,637,638,639,-1,640,628,641,-1,641,628,629,-1,641,629,642,-1,630,643,627,-1,627,643,639,-1,627,639,644,-1,644,639,638,-1,642,629,634,-1,634,629,645,-1,634,645,635,-1,646,647,648,-1,648,647,649,-1,640,650,628,-1,628,650,649,-1,628,649,651,-1,651,649,647,-1,625,652,623,-1,623,652,653,-1,623,653,654,-1,654,653,655,-1,639,656,637,-1,637,656,657,-1,637,657,658,-1,658,657,659,-1,635,660,633,-1,633,660,661,-1,633,661,662,-1,662,661,663,-1,646,648,664,-1,664,648,665,-1,664,665,666,-1,
        ]
    }
}
Shape{
    appearance Appearance {
        material  Material 	{
            diffuseColor 0.7529411764705882 0.7529411764705882 0.7529411764705882
            specularColor 0.7529411764705882 0.7529411764705882 0.7529411764705882
            ambientIntensity 0.7529
            transparency 0.0
            shininess 0.5
        }
    }
    geometry IndexedFaceSet {
        ccw TRUE
        solid FALSE
        coord DEF co Coordinate {
            point [
                -1.378 0.5787 0.0, -1.152 0.5787 0.0, -1.378 0.4213 0.0, -1.152 0.4213 0.0, -1.378 0.5787 0.0787, -1.378 0.4213 0.0787, -1.152 0.5787 0.0787, -1.152 0.4213 0.0787, -1.0696 0.5787 0.3754, -1.0696 0.4213 0.3754, -1.0616 0.4213 0.3942, -1.0616 0.5787 0.3942, -1.0491 0.4213 0.4103, -1.0491 0.5787 0.4103, -1.0328 0.4213 0.4227, -1.0328 0.5787 0.4227, -1.0139 0.4213 0.4304, -1.0139 0.5787 0.4304, -0.9937 0.4213 0.4331, -0.9937 0.5787 0.4331, -0.8661 0.5787 0.4331, -0.8661 0.4213 0.4331, -0.9937 0.5787 0.3543, -0.8661 0.5787 0.3543, -0.9937 0.4213 0.3543, -0.8661 0.4213 0.3543, -1.0761 0.5787 0.0577, -1.0761 0.4213 0.0577, -1.0841 0.4213 0.0389, -1.0841 0.5787 0.0389, -1.0966 0.4213 0.0228, -1.0966 0.5787 0.0228, -1.1129 0.4213 0.0104, -1.1129 0.5787 0.0104, -1.1317 0.4213 0.0026, -1.1317 0.5787 0.0026, 1.378 0.5787 0.0787, 1.152 0.5787 0.0787, 1.378 0.4213 0.0787, 1.152 0.4213 0.0787, 1.378 0.5787 0.0, 1.378 0.4213 0.0, 1.152 0.5787 0.0, 1.152 0.4213 0.0, 1.1317 0.4213 0.0026, 1.1317 0.5787 0.0026, 1.1129 0.4213 0.0104, 1.1129 0.5787 0.0104, 1.0966 0.4213 0.0228, 1.0966 0.5787 0.0228, 1.0841 0.4213 0.0389, 1.0841 0.5787 0.0389, 1.0761 0.4213 0.0577, 1.0761 0.5787 0.0577, 0.9937 0.5787 0.3543, 0.9937 0.4213 0.3543, 0.8661 0.5787 0.3543, 0.8661 0.4213 0.3543, 0.9937 0.5787 0.4331, 0.8661 0.5787 0.4331, 0.9937 0.4213 0.4331, 0.8661 0.4213 0.4331, 1.0139 0.4213 0.4304, 1.0139 0.5787 0.4304, 1.0328 0.4213 0.4227, 1.0328 0.5787 0.4227, 1.0491 0.4213 0.4103, 1.0491 0.5787 0.4103, 1.0616 0.4213 0.3942, 1.0616 0.5787 0.3942, 1.0696 0.4213 0.3754, 1.0696 0.5787 0.3754, -1.378 -0.4213 0.0, -1.152 -0.4213 0.0, -1.378 -0.5787 0.0, -1.152 -0.5787 0.0, -1.378 -0.4213 0.0787, -1.378 -0.5787 0.0787, -1.152 -0.4213 0.0787, -1.152 -0.5787 0.0787, -1.0696 -0.4213 0.3754, -1.0696 -0.5787 0.3754, -1.0616 -0.5787 0.3942, -1.0616 -0.4213 0.3942, -1.0491 -0.5787 0.4103, -1.0491 -0.4213 0.4103, -1.0328 -0.5787 0.4227, -1.0328 -0.4213 0.4227, -1.0139 -0.5787 0.4304, -1.0139 -0.4213 0.4304, -0.9937 -0.5787 0.4331, -0.9937 -0.4213 0.4331, -0.8661 -0.4213 0.4331, -0.8661 -0.5787 0.4331, -0.9937 -0.4213 0.3543, -0.8661 -0.4213 0.3543, -0.9937 -0.5787 0.3543, -0.8661 -0.5787 0.3543, -1.0761 -0.4213 0.0577, -1.0761 -0.5787 0.0577, -1.0841 -0.5787 0.0389, -1.0841 -0.4213 0.0389, -1.0966 -0.5787 0.0228, -1.0966 -0.4213 0.0228, -1.1129 -0.5787 0.0104, -1.1129 -0.4213 0.0104, -1.1317 -0.5787 0.0026, -1.1317 -0.4213 0.0026, 1.378 -0.4213 0.0787, 1.152 -0.4213 0.0787, 1.378 -0.5787 0.0787, 1.152 -0.5787 0.0787, 1.378 -0.4213 0.0, 1.378 -0.5787 0.0, 1.152 -0.4213 0.0, 1.152 -0.5787 0.0, 1.1317 -0.5787 0.0026, 1.1317 -0.4213 0.0026, 1.1129 -0.5787 0.0104, 1.1129 -0.4213 0.0104, 1.0966 -0.5787 0.0228, 1.0966 -0.4213 0.0228, 1.0841 -0.5787 0.0389, 1.0841 -0.4213 0.0389, 1.0761 -0.5787 0.0577, 1.0761 -0.4213 0.0577, 0.9937 -0.4213 0.3543, 0.9937 -0.5787 0.3543, 0.8661 -0.4213 0.3543, 0.8661 -0.5787 0.3543, 0.9937 -0.4213 0.4331, 0.8661 -0.4213 0.4331, 0.9937 -0.5787 0.4331, 0.8661 -0.5787 0.4331, 1.0139 -0.5787 0.4304, 1.0139 -0.4213 0.4304, 1.0328 -0.5787 0.4227, 1.0328 -0.4213 0.4227, 1.0491 -0.5787 0.4103, 1.0491 -0.4213 0.4103, 1.0616 -0.5787 0.3942, 1.0616 -0.4213 0.3942, 1.0696 -0.5787 0.3754, 1.0696 -0.4213 0.3754
            ]
        }
        coordIndex [
            0,1,2,-1,2,1,3,-1,4,0,5,-1,5,0,2,-1,6,4,7,-1,7,4,5,-1,8,6,9,-1,9,6,7,-1,8,9,10,-1,8,10,11,-1,11,10,12,-1,11,12,13,-1,13,12,14,-1,13,14,15,-1,15,14,16,-1,15,16,17,-1,17,16,18,-1,17,18,19,-1,20,19,21,-1,21,19,18,-1,22,23,24,-1,24,23,25,-1,26,22,27,-1,27,22,24,-1,26,27,28,-1,26,28,29,-1,29,28,30,-1,29,30,31,-1,31,30,32,-1,31,32,33,-1,33,32,34,-1,33,34,35,-1,35,34,3,-1,35,3,1,-1,20,23,19,-1,19,23,22,-1,19,22,17,-1,17,22,15,-1,0,4,1,-1,1,4,6,-1,1,6,35,-1,8,11,22,-1,22,11,13,-1,22,13,15,-1,8,22,6,-1,6,22,26,-1,6,26,29,-1,29,31,6,-1,6,31,33,-1,6,33,35,-1,7,5,2,-1,25,21,24,-1,24,21,18,-1,2,3,7,-1,7,3,34,-1,7,34,32,-1,18,16,24,-1,24,16,14,-1,24,14,12,-1,12,10,24,-1,24,10,9,-1,24,9,27,-1,27,9,7,-1,32,30,7,-1,7,30,28,-1,7,28,27,-1,36,37,38,-1,38,37,39,-1,40,36,41,-1,41,36,38,-1,42,40,43,-1,43,40,41,-1,42,43,44,-1,42,44,45,-1,45,44,46,-1,45,46,47,-1,47,46,48,-1,47,48,49,-1,49,48,50,-1,49,50,51,-1,51,50,52,-1,51,52,53,-1,54,53,55,-1,55,53,52,-1,56,54,57,-1,57,54,55,-1,58,59,60,-1,60,59,61,-1,58,60,62,-1,58,62,63,-1,63,62,64,-1,63,64,65,-1,65,64,66,-1,65,66,67,-1,67,66,68,-1,67,68,69,-1,69,68,70,-1,69,70,71,-1,37,71,39,-1,39,71,70,-1,37,36,40,-1,56,59,54,-1,54,59,58,-1,40,42,37,-1,37,42,45,-1,37,45,47,-1,58,63,54,-1,54,63,65,-1,54,65,67,-1,67,69,54,-1,54,69,71,-1,54,71,53,-1,53,71,37,-1,47,49,37,-1,37,49,51,-1,37,51,53,-1,61,57,60,-1,60,57,55,-1,60,55,62,-1,62,55,64,-1,41,38,43,-1,43,38,39,-1,43,39,44,-1,70,68,55,-1,55,68,66,-1,55,66,64,-1,70,55,39,-1,39,55,52,-1,39,52,50,-1,50,48,39,-1,39,48,46,-1,39,46,44,-1,72,73,74,-1,74,73,75,-1,76,72,77,-1,77,72,74,-1,78,76,79,-1,79,76,77,-1,80,78,81,-1,81,78,79,-1,80,81,82,-1,80,82,83,-1,83,82,84,-1,83,84,85,-1,85,84,86,-1,85,86,87,-1,87,86,88,-1,87,88,89,-1,89,88,90,-1,89,90,91,-1,92,91,93,-1,93,91,90,-1,94,95,96,-1,96,95,97,-1,98,94,99,-1,99,94,96,-1,98,99,100,-1,98,100,101,-1,101,100,102,-1,101,102,103,-1,103,102,104,-1,103,104,105,-1,105,104,106,-1,105,106,107,-1,107,106,75,-1,107,75,73,-1,92,95,91,-1,91,95,94,-1,91,94,89,-1,89,94,87,-1,72,76,73,-1,73,76,78,-1,73,78,107,-1,80,83,94,-1,94,83,85,-1,94,85,87,-1,80,94,78,-1,78,94,98,-1,78,98,101,-1,101,103,78,-1,78,103,105,-1,78,105,107,-1,79,77,74,-1,97,93,96,-1,96,93,90,-1,74,75,79,-1,79,75,106,-1,79,106,104,-1,90,88,96,-1,96,88,86,-1,96,86,84,-1,84,82,96,-1,96,82,81,-1,96,81,99,-1,99,81,79,-1,104,102,79,-1,79,102,100,-1,79,100,99,-1,108,109,110,-1,110,109,111,-1,112,108,113,-1,113,108,110,-1,114,112,115,-1,115,112,113,-1,114,115,116,-1,114,116,117,-1,117,116,118,-1,117,118,119,-1,119,118,120,-1,119,120,121,-1,121,120,122,-1,121,122,123,-1,123,122,124,-1,123,124,125,-1,126,125,127,-1,127,125,124,-1,128,126,129,-1,129,126,127,-1,130,131,132,-1,132,131,133,-1,130,132,134,-1,130,134,135,-1,135,134,136,-1,135,136,137,-1,137,136,138,-1,137,138,139,-1,139,138,140,-1,139,140,141,-1,141,140,142,-1,141,142,143,-1,109,143,111,-1,111,143,142,-1,109,108,112,-1,128,131,126,-1,126,131,130,-1,112,114,109,-1,109,114,117,-1,109,117,119,-1,130,135,126,-1,126,135,137,-1,126,137,139,-1,139,141,126,-1,126,141,143,-1,126,143,125,-1,125,143,109,-1,119,121,109,-1,109,121,123,-1,109,123,125,-1,133,129,132,-1,132,129,127,-1,132,127,134,-1,134,127,136,-1,113,110,115,-1,115,110,111,-1,115,111,116,-1,142,140,127,-1,127,140,138,-1,127,138,136,-1,142,127,111,-1,111,127,124,-1,111,124,122,-1,122,120,111,-1,111,120,118,-1,111,118,116,-1,
        ]
    }
}
Shape{
    appearance Appearance {
        material  Material 	{
            diffuseColor 0.25098039215686274 0.25098039215686274 0.25098039215686274
            specularColor 0.25098039215686274 0.25098039215686274 0.25098039215686274
            ambientIntensity 0.251
            transparency 0.0
            shininess 0.5
        }
    }
    geometry IndexedFaceSet {
        ccw TRUE
        solid FALSE
        coord DEF co Coordinate {
            point [
                0.8135 -0.774 0.0394, 0.8466 -0.8071 0.3543, 0.8465 -0.8071 0.3543, -0.8135 -0.774 0.0394, -0.8465 -0.8071 0.3543, -0.8466 -0.8071 0.3543, 0.833 0.7544 0.0394, 0.8661 0.7875 0.3543, 0.8661 0.7874 0.3543, 0.8661 -0.7875 0.3543, 0.833 -0.7544 0.0394, 0.8661 -0.7874 0.3543, 0.8661 -0.5787 0.3543, 0.8661 0.5787 0.3543, 0.8661 0.4213 0.3543, 0.8661 -0.4213 0.3543, -0.833 -0.7544 0.0394, -0.8661 -0.7875 0.3543, -0.8661 -0.7874 0.3543, -0.8661 0.7875 0.3543, -0.833 0.7544 0.0394, -0.8661 0.7874 0.3543, -0.8661 0.5787 0.3543, -0.8661 -0.5787 0.3543, -0.8661 -0.4213 0.3543, -0.8661 0.4213 0.3543, -0.8135 0.774 0.0394, -0.8466 0.8071 0.3543, -0.8465 0.8071 0.3543, 0.8135 0.774 0.0394, 0.8465 0.8071 0.3543, 0.8466 0.8071 0.3543, -0.8465 0.8071 0.4331, -0.8466 0.8071 0.4331, -0.8153 0.7758 0.7304, 0.8465 0.8071 0.4331, 0.8153 0.7758 0.7304, 0.8466 0.8071 0.4331, -0.8349 0.7563 0.7304, -0.8661 0.7875 0.4331, -0.8661 0.7874 0.4331, -0.8661 -0.7875 0.4331, -0.8349 -0.7563 0.7304, -0.8661 -0.7874 0.4331, -0.8661 -0.5787 0.4331, -0.8661 0.5787 0.4331, -0.8661 0.4213 0.4331, -0.8661 -0.4213 0.4331, 0.8661 0.7874 0.4331, 0.8661 0.7875 0.4331, 0.8349 0.7563 0.7304, 0.8661 0.5787 0.4331, 0.8349 -0.7563 0.7304, 0.8661 -0.7875 0.4331, 0.8661 -0.7874 0.4331, 0.8661 -0.5787 0.4331, 0.8661 -0.4213 0.4331, 0.8661 0.4213 0.4331, 0.8465 -0.8071 0.4331, 0.8466 -0.8071 0.4331, 0.8153 -0.7758 0.7304, -0.8465 -0.8071 0.4331, -0.8153 -0.7758 0.7304, -0.8466 -0.8071 0.4331, 0.8516 -0.8064 0.3541, 0.8516 -0.8064 0.3541, 0.8185 -0.7733 0.0394, 0.821 -0.7725 0.0394, 0.8563 -0.8044 0.354, 0.8563 -0.8044 0.354, 0.8233 -0.7714 0.0394, 0.8254 -0.7699 0.0394, 0.8604 -0.8013 0.3539, 0.8273 -0.7683 0.0394, 0.8635 -0.7973 0.354, 0.8324 -0.7595 0.0394, 0.829 -0.7663 0.0394, 0.8304 -0.7642 0.0394, 0.8635 -0.7972 0.354, 0.8316 -0.7619 0.0394, 0.8655 -0.7926 0.3541, 0.8655 -0.7925 0.3541, -0.8655 -0.7925 0.3541, -0.8655 -0.7926 0.3541, -0.8324 -0.7595 0.0394, -0.8316 -0.7619 0.0394, -0.8635 -0.7972 0.354, -0.8635 -0.7973 0.354, -0.8304 -0.7642 0.0394, -0.829 -0.7663 0.0394, -0.8604 -0.8013 0.3539, -0.8273 -0.7683 0.0394, -0.8563 -0.8044 0.354, -0.8185 -0.7733 0.0394, -0.8254 -0.7699 0.0394, -0.8233 -0.7714 0.0394, -0.8563 -0.8044 0.354, -0.821 -0.7725 0.0394, -0.8516 -0.8064 0.3541, -0.8516 -0.8064 0.3541, 0.8661 -0.7875 0.3543, 0.8661 -0.7875 0.4331, 0.8635 -0.7972 0.4334, 0.8655 -0.7926 0.4333, 0.8655 -0.7925 0.4333, 0.8466 -0.8071 0.4331, 0.8466 -0.8071 0.3543, 0.8516 -0.8064 0.4333, 0.8516 -0.8064 0.4333, 0.8563 -0.8044 0.4334, 0.8563 -0.8044 0.4334, 0.8604 -0.8013 0.4335, 0.8635 -0.7973 0.4334, -0.8661 -0.7875 0.4331, -0.8661 -0.7875 0.3543, -0.8655 -0.7925 0.4333, -0.8655 -0.7926 0.4333, -0.8635 -0.7972 0.4334, -0.8635 -0.7973 0.4334, -0.8604 -0.8013 0.4335, -0.8563 -0.8044 0.4334, -0.8563 -0.8044 0.4334, -0.8516 -0.8064 0.4333, -0.8516 -0.8064 0.4333, -0.8466 -0.8071 0.4331, -0.8466 -0.8071 0.3543, 0.8656 0.7918 0.3541, 0.8655 0.7926 0.3541, 0.8324 0.7595 0.0394, 0.8316 0.7619 0.0394, 0.8641 0.7959 0.354, 0.8635 0.7973 0.354, 0.8304 0.7642 0.0394, 0.829 0.7663 0.0394, 0.8617 0.7996 0.3539, 0.8273 0.7683 0.0394, 0.8185 0.7733 0.0394, 0.8508 0.8065 0.3541, 0.8516 0.8064 0.3541, 0.821 0.7725 0.0394, 0.8549 0.805 0.354, 0.8233 0.7714 0.0394, 0.8563 0.8044 0.354, 0.8254 0.7699 0.0394, 0.8586 0.8027 0.3539, 0.8604 0.8013 0.3539, 0.8342 -0.7613 0.7309, 0.8342 -0.7613 0.7309, 0.8322 -0.766 0.7311, 0.8322 -0.766 0.7311, 0.8203 -0.7751 0.7309, 0.8291 -0.77 0.7312, 0.8251 -0.7731 0.7311, 0.825 -0.7731 0.7311, 0.8204 -0.7751 0.7309, 0.8153 -0.7563 0.748, -0.8153 -0.7563 0.748, -0.8153 -0.761 0.7474, -0.8153 -0.7748 0.7349, 0.8153 -0.7748 0.7349, -0.8153 -0.7747 0.7351, 0.8153 -0.7747 0.7351, -0.8153 -0.7726 0.7393, 0.8153 -0.7726 0.7393, -0.8153 -0.7726 0.7393, 0.8153 -0.7726 0.7393, -0.8153 -0.7695 0.7429, 0.8153 -0.7695 0.7429, -0.8153 -0.7694 0.743, 0.8153 -0.7694 0.743, -0.8153 -0.7656 0.7457, 0.8153 -0.7656 0.7457, -0.8153 -0.7655 0.7457, 0.8153 -0.7655 0.7457, -0.8153 -0.761 0.7474, 0.8153 -0.761 0.7474, 0.8153 -0.761 0.7474, -0.8203 -0.7751 0.7309, -0.8204 -0.7751 0.7309, -0.825 -0.7731 0.7311, -0.8251 -0.7731 0.7311, -0.8342 -0.7613 0.7309, -0.8291 -0.77 0.7312, -0.8322 -0.766 0.7311, -0.8322 -0.766 0.7311, -0.8342 -0.7613 0.7309, -0.8508 0.8065 0.3541, -0.8516 0.8064 0.3541, -0.8185 0.7733 0.0394, -0.821 0.7725 0.0394, -0.8549 0.805 0.354, -0.8563 0.8044 0.354, -0.8233 0.7714 0.0394, -0.8254 0.7699 0.0394, -0.8586 0.8027 0.3539, -0.8273 0.7683 0.0394, -0.8324 0.7595 0.0394, -0.8656 0.7918 0.3541, -0.8655 0.7926 0.3541, -0.8316 0.7619 0.0394, -0.8641 0.7959 0.354, -0.8304 0.7642 0.0394, -0.8635 0.7973 0.354, -0.829 0.7663 0.0394, -0.8617 0.7996 0.3539, -0.8604 0.8013 0.3539, 0.8466 0.8071 0.3543, 0.8466 0.8071 0.4331, 0.8508 0.8065 0.4333, 0.8516 0.8064 0.4333, 0.8549 0.805 0.4334, 0.8563 0.8044 0.4334, 0.8586 0.8027 0.4335, 0.8604 0.8013 0.4335, 0.8617 0.7996 0.4335, 0.8635 0.7973 0.4334, 0.8641 0.7959 0.4334, 0.8661 0.7875 0.4331, 0.8661 0.7875 0.3543, 0.8656 0.7918 0.4333, 0.8655 0.7926 0.4333, 0.8316 -0.7563 0.7393, 0.8285 -0.7563 0.7429, 0.8281 -0.7597 0.7429, 0.8243 -0.7587 0.7457, 0.8199 -0.7575 0.7474, 0.8195 -0.7587 0.7474, 0.8177 -0.7604 0.7474, 0.8187 -0.7596 0.7474, 0.8166 -0.7609 0.7474, 0.8201 -0.7563 0.7474, 0.8332 -0.7611 0.7349, 0.8314 -0.7655 0.7349, 0.8284 -0.7694 0.7349, 0.8246 -0.7723 0.7349, 0.8201 -0.7742 0.7349, 0.8285 -0.7563 0.743, 0.8246 -0.7563 0.7457, 0.8246 -0.7563 0.7457, 0.8201 -0.7563 0.7474, 0.8234 -0.7609 0.7457, 0.8219 -0.7628 0.7457, 0.82 -0.7643 0.7457, 0.8177 -0.7652 0.7457, 0.8268 -0.7629 0.7429, 0.8247 -0.7656 0.7429, 0.8219 -0.7677 0.7429, 0.8187 -0.769 0.7429, 0.8338 -0.7563 0.7351, 0.8317 -0.7563 0.7393, 0.8311 -0.7605 0.7393, 0.8295 -0.7645 0.7393, 0.8269 -0.7678 0.7393, 0.8235 -0.7704 0.7393, 0.8196 -0.7721 0.7393, 0.8339 -0.7563 0.7349, -0.8187 -0.769 0.7429, -0.8177 -0.7652 0.7457, -0.8166 -0.7609 0.7474, -0.8177 -0.7604 0.7474, -0.8195 -0.7587 0.7474, -0.8187 -0.7596 0.7474, -0.8199 -0.7575 0.7474, -0.8201 -0.7742 0.7349, -0.8246 -0.7723 0.7349, -0.8284 -0.7694 0.7349, -0.8314 -0.7655 0.7349, -0.8332 -0.7611 0.7349, -0.8339 -0.7563 0.7349, -0.8201 -0.7563 0.7474, -0.82 -0.7643 0.7457, -0.8219 -0.7628 0.7457, -0.8234 -0.7609 0.7457, -0.8243 -0.7587 0.7457, -0.8201 -0.7563 0.7474, -0.8246 -0.7563 0.7457, -0.8246 -0.7563 0.7457, -0.8285 -0.7563 0.743, -0.8219 -0.7677 0.7429, -0.8247 -0.7656 0.7429, -0.8268 -0.7629 0.7429, -0.8281 -0.7597 0.7429, -0.8196 -0.7721 0.7393, -0.8235 -0.7704 0.7393, -0.8269 -0.7678 0.7393, -0.8295 -0.7645 0.7393, -0.8311 -0.7605 0.7393, -0.8285 -0.7563 0.7429, -0.8316 -0.7563 0.7393, -0.8317 -0.7563 0.7393, -0.8338 -0.7563 0.7351, -0.8661 0.7875 0.3543, -0.8661 0.7875 0.4331, -0.8656 0.7918 0.4333, -0.8655 0.7926 0.4333, -0.8617 0.7996 0.4335, -0.8635 0.7973 0.4334, -0.8641 0.7959 0.4334, -0.8466 0.8071 0.4331, -0.8466 0.8071 0.3543, -0.8508 0.8065 0.4333, -0.8516 0.8064 0.4333, -0.8549 0.805 0.4334, -0.8563 0.8044 0.4334, -0.8586 0.8027 0.4335, -0.8604 0.8013 0.4335, 0.8203 0.7751 0.7309, 0.8204 0.7751 0.7309, 0.825 0.7731 0.7311, 0.8251 0.7731 0.7311, 0.8291 0.77 0.7312, 0.8342 0.7613 0.7309, 0.8342 0.7613 0.7309, 0.8322 0.766 0.7311, 0.8322 0.766 0.7311, 0.8153 0.7563 0.748, 0.8339 0.7563 0.7349, 0.8338 0.7563 0.7351, 0.8317 0.7563 0.7393, 0.8316 0.7563 0.7393, 0.8285 0.7563 0.7429, 0.8285 0.7563 0.743, 0.8246 0.7563 0.7457, 0.8246 0.7563 0.7457, 0.8201 0.7563 0.7474, 0.8201 0.7563 0.7474, -0.8153 0.7563 0.748, -0.8201 0.7563 0.7474, -0.8339 0.7563 0.7349, -0.8338 0.7563 0.7351, -0.8317 0.7563 0.7393, -0.8316 0.7563 0.7393, -0.8285 0.7563 0.7429, -0.8285 0.7563 0.743, -0.8246 0.7563 0.7457, -0.8246 0.7563 0.7457, -0.8201 0.7563 0.7474, -0.8342 0.7613 0.7309, -0.8203 0.7751 0.7309, -0.8342 0.7613 0.7309, -0.8322 0.766 0.7311, -0.8322 0.766 0.7311, -0.8291 0.77 0.7312, -0.8251 0.7731 0.7311, -0.825 0.7731 0.7311, -0.8204 0.7751 0.7309, 0.8153 0.7726 0.7393, 0.8153 0.7695 0.7429, 0.8187 0.769 0.7429, 0.8177 0.7652 0.7457, 0.8166 0.7609 0.7474, 0.8177 0.7604 0.7474, 0.8195 0.7587 0.7474, 0.8187 0.7596 0.7474, 0.8199 0.7575 0.7474, 0.8153 0.761 0.7474, 0.8201 0.7742 0.7349, 0.8246 0.7723 0.7349, 0.8284 0.7694 0.7349, 0.8314 0.7655 0.7349, 0.8332 0.7611 0.7349, 0.8153 0.7694 0.743, 0.8153 0.7656 0.7457, 0.8153 0.7655 0.7457, 0.8153 0.761 0.7474, 0.82 0.7643 0.7457, 0.8219 0.7628 0.7457, 0.8234 0.7609 0.7457, 0.8243 0.7587 0.7457, 0.8219 0.7677 0.7429, 0.8247 0.7656 0.7429, 0.8268 0.7629 0.7429, 0.8281 0.7597 0.7429, 0.8153 0.7747 0.7351, 0.8153 0.7726 0.7393, 0.8196 0.7721 0.7393, 0.8235 0.7704 0.7393, 0.8269 0.7678 0.7393, 0.8295 0.7645 0.7393, 0.8311 0.7605 0.7393, 0.8153 0.7748 0.7349, -0.8281 0.7597 0.7429, -0.8243 0.7587 0.7457, -0.8199 0.7575 0.7474, -0.8195 0.7587 0.7474, -0.8177 0.7604 0.7474, -0.8187 0.7596 0.7474, -0.8166 0.7609 0.7474, -0.8332 0.7611 0.7349, -0.8314 0.7655 0.7349, -0.8284 0.7694 0.7349, -0.8246 0.7723 0.7349, -0.8201 0.7742 0.7349, -0.8153 0.7748 0.7349, -0.8153 0.761 0.7474, -0.8234 0.7609 0.7457, -0.8219 0.7628 0.7457, -0.82 0.7643 0.7457, -0.8177 0.7652 0.7457, -0.8153 0.761 0.7474, -0.8153 0.7655 0.7457, -0.8153 0.7656 0.7457, -0.8153 0.7694 0.743, -0.8268 0.7629 0.7429, -0.8247 0.7656 0.7429, -0.8219 0.7677 0.7429, -0.8187 0.769 0.7429, -0.8311 0.7605 0.7393, -0.8295 0.7645 0.7393, -0.8269 0.7678 0.7393, -0.8235 0.7704 0.7393, -0.8196 0.7721 0.7393, -0.8153 0.7695 0.7429, -0.8153 0.7726 0.7393, -0.8153 0.7726 0.7393, -0.8153 0.7747 0.7351
            ]
        }
        coordIndex [
            0,1,2,-1,0,2,3,-1,3,2,4,-1,3,4,5,-1,6,7,8,-1,9,10,11,-1,11,10,12,-1,8,13,6,-1,6,13,14,-1,6,14,10,-1,10,14,15,-1,10,15,12,-1,16,17,18,-1,19,20,21,-1,21,20,22,-1,18,23,16,-1,16,23,24,-1,16,24,20,-1,20,24,25,-1,20,25,22,-1,26,27,28,-1,26,28,29,-1,29,28,30,-1,29,30,31,-1,32,33,34,-1,32,34,35,-1,35,34,36,-1,35,36,37,-1,38,39,40,-1,41,42,43,-1,43,42,44,-1,40,45,38,-1,38,45,46,-1,38,46,42,-1,42,46,47,-1,42,47,44,-1,48,49,50,-1,48,50,51,-1,52,53,54,-1,54,55,52,-1,52,55,56,-1,52,56,50,-1,50,56,57,-1,50,57,51,-1,58,59,60,-1,58,60,61,-1,61,60,62,-1,61,62,63,-1,64,1,0,-1,64,0,65,-1,0,66,65,-1,65,66,67,-1,65,67,68,-1,68,67,69,-1,67,70,69,-1,69,70,71,-1,69,71,72,-1,72,71,73,-1,72,73,74,-1,75,10,9,-1,73,76,74,-1,74,76,77,-1,74,77,78,-1,78,77,79,-1,78,79,80,-1,80,79,75,-1,80,75,81,-1,81,75,9,-1,82,17,16,-1,82,16,83,-1,16,84,83,-1,83,84,85,-1,83,85,86,-1,86,85,87,-1,85,88,87,-1,87,88,89,-1,87,89,90,-1,90,89,91,-1,90,91,92,-1,93,3,5,-1,91,94,92,-1,92,94,95,-1,92,95,96,-1,96,95,97,-1,96,97,98,-1,98,97,93,-1,98,93,99,-1,99,93,5,-1,11,54,100,-1,100,54,101,-1,100,101,81,-1,102,80,103,-1,103,80,81,-1,103,81,104,-1,104,81,101,-1,58,2,105,-1,105,2,106,-1,105,106,107,-1,107,106,64,-1,107,64,108,-1,108,64,65,-1,108,65,109,-1,109,65,68,-1,109,68,110,-1,110,68,69,-1,110,69,111,-1,111,69,72,-1,111,72,112,-1,112,72,74,-1,112,74,102,-1,102,74,78,-1,102,78,80,-1,43,18,113,-1,113,18,114,-1,113,114,115,-1,115,114,82,-1,115,82,116,-1,116,82,83,-1,116,83,117,-1,117,83,86,-1,117,86,118,-1,118,86,87,-1,118,87,119,-1,119,87,90,-1,119,90,120,-1,120,90,92,-1,120,92,121,-1,121,92,96,-1,121,96,122,-1,122,96,98,-1,122,98,123,-1,123,98,99,-1,123,99,124,-1,124,99,125,-1,124,125,61,-1,61,125,4,-1,126,7,6,-1,126,6,127,-1,6,128,127,-1,127,128,129,-1,127,129,130,-1,130,129,131,-1,129,132,131,-1,131,132,133,-1,131,133,134,-1,134,133,135,-1,136,29,31,-1,31,137,136,-1,136,137,138,-1,136,138,139,-1,139,138,140,-1,139,140,141,-1,141,140,142,-1,141,142,143,-1,143,142,144,-1,143,144,135,-1,135,144,145,-1,135,145,134,-1,112,102,146,-1,146,102,103,-1,146,103,52,-1,52,103,104,-1,52,104,53,-1,146,147,112,-1,112,147,148,-1,112,148,111,-1,111,148,149,-1,150,60,59,-1,149,151,111,-1,111,151,152,-1,111,152,110,-1,110,152,153,-1,110,153,109,-1,109,153,154,-1,109,154,108,-1,108,154,150,-1,108,150,107,-1,107,150,59,-1,155,156,157,-1,62,60,158,-1,158,60,159,-1,158,159,160,-1,160,159,161,-1,160,161,162,-1,162,161,163,-1,162,163,164,-1,164,163,165,-1,164,165,166,-1,166,165,167,-1,166,167,168,-1,168,167,169,-1,168,169,170,-1,170,169,171,-1,170,171,172,-1,172,171,173,-1,172,173,174,-1,174,173,175,-1,174,175,157,-1,157,175,176,-1,157,176,155,-1,120,121,177,-1,177,121,122,-1,177,122,62,-1,62,122,123,-1,62,123,63,-1,177,178,120,-1,120,178,179,-1,120,179,119,-1,119,179,180,-1,181,42,41,-1,180,182,119,-1,119,182,183,-1,119,183,118,-1,118,183,184,-1,118,184,117,-1,117,184,185,-1,117,185,116,-1,116,185,181,-1,116,181,115,-1,115,181,41,-1,186,27,26,-1,186,26,187,-1,26,188,187,-1,187,188,189,-1,187,189,190,-1,190,189,191,-1,189,192,191,-1,191,192,193,-1,191,193,194,-1,194,193,195,-1,196,20,19,-1,19,197,196,-1,196,197,198,-1,196,198,199,-1,199,198,200,-1,199,200,201,-1,201,200,202,-1,201,202,203,-1,203,202,204,-1,203,204,195,-1,195,204,205,-1,195,205,194,-1,30,35,206,-1,206,35,207,-1,206,207,137,-1,207,208,137,-1,137,208,209,-1,137,209,138,-1,138,209,210,-1,138,210,140,-1,140,210,211,-1,140,211,142,-1,142,211,212,-1,142,212,144,-1,144,212,145,-1,145,212,213,-1,145,213,134,-1,213,214,134,-1,134,214,215,-1,134,215,131,-1,131,215,216,-1,48,8,217,-1,217,8,218,-1,217,218,219,-1,219,218,126,-1,219,126,220,-1,220,126,127,-1,220,127,216,-1,216,127,130,-1,216,130,131,-1,221,222,223,-1,224,225,226,-1,155,227,228,-1,229,227,155,-1,226,225,155,-1,230,155,225,-1,231,147,146,-1,147,231,148,-1,148,231,232,-1,148,232,149,-1,149,232,233,-1,149,233,151,-1,151,233,234,-1,151,234,152,-1,152,234,153,-1,153,234,235,-1,153,235,154,-1,154,235,150,-1,150,235,159,-1,150,159,60,-1,176,229,155,-1,236,237,224,-1,224,237,238,-1,224,238,225,-1,225,238,239,-1,225,239,230,-1,240,228,241,-1,241,228,227,-1,241,227,242,-1,242,227,229,-1,242,229,243,-1,176,175,229,-1,229,175,173,-1,229,173,243,-1,243,173,171,-1,243,171,169,-1,223,240,244,-1,244,240,241,-1,244,241,245,-1,245,241,242,-1,245,242,246,-1,246,242,243,-1,246,243,247,-1,247,243,169,-1,248,249,250,-1,250,249,221,-1,221,223,250,-1,250,223,244,-1,250,244,251,-1,251,244,245,-1,251,245,252,-1,252,245,246,-1,252,246,253,-1,253,246,247,-1,253,247,254,-1,222,236,223,-1,223,236,224,-1,223,224,240,-1,240,224,226,-1,240,226,228,-1,228,226,155,-1,248,231,255,-1,255,231,146,-1,255,146,52,-1,169,167,247,-1,247,167,165,-1,247,165,254,-1,254,165,163,-1,254,163,161,-1,248,250,231,-1,231,250,251,-1,231,251,232,-1,232,251,252,-1,232,252,233,-1,233,252,253,-1,233,253,234,-1,234,253,254,-1,234,254,235,-1,235,254,161,-1,235,161,159,-1,164,166,256,-1,257,258,259,-1,156,260,261,-1,262,260,156,-1,259,258,156,-1,157,156,258,-1,263,178,177,-1,178,263,179,-1,179,263,264,-1,179,264,180,-1,180,264,265,-1,180,265,182,-1,182,265,266,-1,182,266,183,-1,183,266,184,-1,184,266,267,-1,184,267,185,-1,185,267,181,-1,181,267,268,-1,181,268,42,-1,269,262,156,-1,168,170,257,-1,257,170,172,-1,257,172,258,-1,258,172,174,-1,258,174,157,-1,270,261,271,-1,271,261,260,-1,271,260,272,-1,272,260,262,-1,272,262,273,-1,269,274,262,-1,262,274,275,-1,262,275,273,-1,273,275,276,-1,273,276,277,-1,256,270,278,-1,278,270,271,-1,278,271,279,-1,279,271,272,-1,279,272,280,-1,280,272,273,-1,280,273,281,-1,281,273,277,-1,160,162,282,-1,282,162,164,-1,164,256,282,-1,282,256,278,-1,282,278,283,-1,283,278,279,-1,283,279,284,-1,284,279,280,-1,284,280,285,-1,285,280,281,-1,285,281,286,-1,166,168,256,-1,256,168,257,-1,256,257,270,-1,270,257,259,-1,270,259,261,-1,261,259,156,-1,160,263,158,-1,158,263,177,-1,158,177,62,-1,277,287,281,-1,281,287,288,-1,281,288,286,-1,286,288,289,-1,286,289,290,-1,160,282,263,-1,263,282,283,-1,263,283,264,-1,264,283,284,-1,264,284,265,-1,265,284,285,-1,265,285,266,-1,266,285,286,-1,266,286,267,-1,267,286,290,-1,267,290,268,-1,21,40,291,-1,291,40,292,-1,291,292,197,-1,197,292,293,-1,197,293,198,-1,198,293,294,-1,198,294,200,-1,295,202,296,-1,296,202,200,-1,296,200,297,-1,297,200,294,-1,32,28,298,-1,298,28,299,-1,298,299,300,-1,300,299,186,-1,300,186,301,-1,301,186,187,-1,301,187,302,-1,302,187,190,-1,302,190,303,-1,303,190,191,-1,303,191,304,-1,304,191,194,-1,304,194,305,-1,305,194,205,-1,305,205,295,-1,295,205,204,-1,295,204,202,-1,211,210,306,-1,306,210,209,-1,306,209,36,-1,36,209,208,-1,36,208,37,-1,306,307,211,-1,211,307,308,-1,211,308,212,-1,212,308,309,-1,212,309,310,-1,311,50,49,-1,49,219,311,-1,311,219,220,-1,311,220,312,-1,312,220,216,-1,312,216,313,-1,313,216,215,-1,313,215,314,-1,314,215,214,-1,314,214,310,-1,310,214,213,-1,310,213,212,-1,315,155,230,-1,52,50,255,-1,255,50,316,-1,255,316,248,-1,248,316,317,-1,248,317,249,-1,249,317,318,-1,249,318,221,-1,221,318,319,-1,221,319,222,-1,222,319,320,-1,222,320,236,-1,236,320,321,-1,236,321,237,-1,237,321,322,-1,237,322,238,-1,238,322,323,-1,238,323,239,-1,239,323,324,-1,239,324,230,-1,230,324,325,-1,230,325,315,-1,156,326,327,-1,38,42,328,-1,328,42,268,-1,328,268,329,-1,329,268,290,-1,329,290,330,-1,330,290,289,-1,330,289,331,-1,331,289,288,-1,331,288,332,-1,332,288,287,-1,332,287,333,-1,333,287,277,-1,333,277,334,-1,334,277,276,-1,334,276,335,-1,335,276,275,-1,335,275,336,-1,336,275,274,-1,336,274,327,-1,327,274,269,-1,327,269,156,-1,296,297,337,-1,337,297,294,-1,337,294,38,-1,38,294,293,-1,38,293,39,-1,338,34,33,-1,337,339,296,-1,296,339,340,-1,296,340,295,-1,295,340,341,-1,295,341,305,-1,305,341,342,-1,305,342,304,-1,304,342,343,-1,304,343,303,-1,303,343,344,-1,303,344,302,-1,302,344,345,-1,302,345,301,-1,301,345,338,-1,301,338,300,-1,300,338,33,-1,346,347,348,-1,349,350,351,-1,315,352,353,-1,354,352,315,-1,351,350,315,-1,355,315,350,-1,356,307,306,-1,307,356,308,-1,308,356,357,-1,308,357,309,-1,309,357,358,-1,309,358,310,-1,310,358,359,-1,310,359,314,-1,314,359,313,-1,313,359,360,-1,313,360,312,-1,312,360,311,-1,311,360,316,-1,311,316,50,-1,325,354,315,-1,361,362,349,-1,349,362,363,-1,349,363,350,-1,350,363,364,-1,350,364,355,-1,365,353,366,-1,366,353,352,-1,366,352,367,-1,367,352,354,-1,367,354,368,-1,325,324,354,-1,354,324,323,-1,354,323,368,-1,368,323,322,-1,368,322,321,-1,348,365,369,-1,369,365,366,-1,369,366,370,-1,370,366,367,-1,370,367,371,-1,371,367,368,-1,371,368,372,-1,372,368,321,-1,373,374,375,-1,375,374,346,-1,346,348,375,-1,375,348,369,-1,375,369,376,-1,376,369,370,-1,376,370,377,-1,377,370,371,-1,377,371,378,-1,378,371,372,-1,378,372,379,-1,347,361,348,-1,348,361,349,-1,348,349,365,-1,365,349,351,-1,365,351,353,-1,353,351,315,-1,373,356,380,-1,380,356,306,-1,380,306,36,-1,321,320,372,-1,372,320,319,-1,372,319,379,-1,379,319,318,-1,379,318,317,-1,373,375,356,-1,356,375,376,-1,356,376,357,-1,357,376,377,-1,357,377,358,-1,358,377,378,-1,358,378,359,-1,359,378,379,-1,359,379,360,-1,360,379,317,-1,360,317,316,-1,331,332,381,-1,382,383,384,-1,326,385,386,-1,387,385,326,-1,384,383,326,-1,327,326,383,-1,388,339,337,-1,339,388,340,-1,340,388,389,-1,340,389,341,-1,341,389,390,-1,341,390,342,-1,342,390,391,-1,342,391,343,-1,343,391,344,-1,344,391,392,-1,344,392,345,-1,345,392,338,-1,338,392,393,-1,338,393,34,-1,394,387,326,-1,333,334,382,-1,382,334,335,-1,382,335,383,-1,383,335,336,-1,383,336,327,-1,395,386,396,-1,396,386,385,-1,396,385,397,-1,397,385,387,-1,397,387,398,-1,394,399,387,-1,387,399,400,-1,387,400,398,-1,398,400,401,-1,398,401,402,-1,381,395,403,-1,403,395,396,-1,403,396,404,-1,404,396,397,-1,404,397,405,-1,405,397,398,-1,405,398,406,-1,406,398,402,-1,329,330,407,-1,407,330,331,-1,331,381,407,-1,407,381,403,-1,407,403,408,-1,408,403,404,-1,408,404,409,-1,409,404,405,-1,409,405,410,-1,410,405,406,-1,410,406,411,-1,332,333,381,-1,381,333,382,-1,381,382,395,-1,395,382,384,-1,395,384,386,-1,386,384,326,-1,329,388,328,-1,328,388,337,-1,328,337,38,-1,402,412,406,-1,406,412,413,-1,406,413,411,-1,411,413,414,-1,411,414,415,-1,329,407,388,-1,388,407,408,-1,388,408,389,-1,389,408,409,-1,389,409,390,-1,390,409,410,-1,390,410,391,-1,391,410,411,-1,391,411,392,-1,392,411,415,-1,392,415,393,-1,326,315,355,-1,36,34,380,-1,380,34,393,-1,380,393,373,-1,373,393,415,-1,373,415,374,-1,374,415,414,-1,374,414,346,-1,346,414,413,-1,346,413,347,-1,347,413,412,-1,347,412,361,-1,361,412,402,-1,361,402,362,-1,362,402,401,-1,362,401,363,-1,363,401,400,-1,363,400,364,-1,364,400,399,-1,364,399,355,-1,355,399,394,-1,355,394,326,-1,
        ]
    }
}
Shape{
    appearance Appearance {
        material  Material 	{
            diffuseColor 0.7529411764705882 0.7529411764705882 0.7529411764705882
            specularColor 0.7529411764705882 0.7529411764705882 0.7529411764705882
            ambientIntensity 0.7529
            transparency 0.0
            shininess 0.5
        }
    }
    geometry IndexedFaceSet {
        ccw TRUE
        solid FALSE
        coord DEF co Coordinate {
            point [
                -0.522 0.5476 0.7476, -0.522 0.5476 0.748, -0.5259 0.5768 0.7476, -0.5259 0.5768 0.748, -0.5371 0.604 0.7476, -0.5371 0.604 0.748, -0.5551 0.6274 0.7476, -0.5551 0.6274 0.748, -0.5784 0.6453 0.7476, -0.5784 0.6453 0.748, -0.6056 0.6566 0.7476, -0.6056 0.6566 0.748, -0.6348 0.6604 0.7476, -0.6348 0.6604 0.748, -0.664 0.6566 0.7476, -0.664 0.6566 0.748, -0.6912 0.6453 0.7476, -0.6912 0.6453 0.748, -0.7146 0.6274 0.7476, -0.7146 0.6274 0.748, -0.7325 0.604 0.7476, -0.7325 0.604 0.748, -0.7438 0.5768 0.7476, -0.7438 0.5768 0.748, -0.7476 0.5476 0.7476, -0.7476 0.5476 0.748, -0.7438 0.5184 0.7476, -0.7438 0.5184 0.748, -0.7325 0.4912 0.7476, -0.7325 0.4912 0.748, -0.7146 0.4679 0.7476, -0.7146 0.4679 0.748, -0.6912 0.4499 0.7476, -0.6912 0.4499 0.748, -0.664 0.4387 0.7476, -0.664 0.4387 0.748, -0.6348 0.4348 0.7476, -0.6348 0.4348 0.748, -0.6056 0.4387 0.7476, -0.6056 0.4387 0.748, -0.5784 0.4499 0.7476, -0.5784 0.4499 0.748, -0.5551 0.4679 0.7476, -0.5551 0.4679 0.748, -0.5371 0.4912 0.7476, -0.5371 0.4912 0.748, -0.5259 0.5184 0.7476, -0.5259 0.5184 0.748, -0.6348 0.5476 0.7476
            ]
        }
        coordIndex [
            0,1,2,-1,2,1,3,-1,2,3,4,-1,4,3,5,-1,4,5,6,-1,6,5,7,-1,6,7,8,-1,8,7,9,-1,8,9,10,-1,10,9,11,-1,10,11,12,-1,12,11,13,-1,12,13,14,-1,14,13,15,-1,14,15,16,-1,16,15,17,-1,16,17,18,-1,18,17,19,-1,18,19,20,-1,20,19,21,-1,20,21,22,-1,22,21,23,-1,22,23,24,-1,24,23,25,-1,24,25,26,-1,26,25,27,-1,26,27,28,-1,28,27,29,-1,28,29,30,-1,30,29,31,-1,30,31,32,-1,32,31,33,-1,32,33,34,-1,34,33,35,-1,34,35,36,-1,36,35,37,-1,36,37,38,-1,38,37,39,-1,38,39,40,-1,40,39,41,-1,40,41,42,-1,42,41,43,-1,42,43,44,-1,44,43,45,-1,44,45,46,-1,46,45,47,-1,46,47,0,-1,0,47,1,-1,44,46,48,-1,48,46,0,-1,48,0,2,-1,38,40,48,-1,48,40,42,-1,48,42,44,-1,32,34,48,-1,48,34,36,-1,48,36,38,-1,26,28,48,-1,48,28,30,-1,48,30,32,-1,20,22,48,-1,48,22,24,-1,48,24,26,-1,14,16,48,-1,48,16,18,-1,48,18,20,-1,8,10,48,-1,48,10,12,-1,48,12,14,-1,2,4,48,-1,48,4,6,-1,48,6,8,-1,
        ]
    }
}
Shape{
    appearance Appearance {
        material  Material 	{
            diffuseColor 1.0 1.0 1.0
            specularColor 0.5019607843137255 0.5019607843137255 0.5019607843137255
            ambientIntensity 1.0
            transparency 0.0
            shininess 0.5
        }
    }
    geometry IndexedFaceSet {
        ccw TRUE
        solid FALSE
        coord DEF co Coordinate {
            point [
                0.3462 -0.4494 0.7484, 0.3462 -0.457 0.7484, 0.3462 -0.4494 0.748, 0.3462 -0.457 0.748, 0.3196 -0.4494 0.7484, 0.3196 -0.4494 0.748, 0.3196 -0.3903 0.7484, 0.3196 -0.3903 0.748, 0.311 -0.3903 0.7484, 0.311 -0.3903 0.748, 0.311 -0.457 0.7484, 0.311 -0.457 0.748, 0.3989 -0.4543 0.748, 0.3989 -0.4543 0.7484, 0.3978 -0.4549 0.7484, 0.3906 -0.4572 0.7484, 0.3804 -0.4582 0.7484, 0.3863 -0.4576 0.748, 0.3804 -0.4582 0.748, 0.3906 -0.4572 0.748, 0.396 -0.4554 0.748, 0.3978 -0.4549 0.748, 0.3989 -0.446 0.7484, 0.3989 -0.446 0.748, 0.396 -0.4473 0.748, 0.3923 -0.449 0.7484, 0.3923 -0.449 0.748, 0.3848 -0.4504 0.748, 0.3848 -0.4504 0.7484, 0.3817 -0.4505 0.748, 0.3817 -0.4505 0.7484, 0.375 -0.4497 0.748, 0.375 -0.4497 0.7484, 0.3702 -0.4479 0.748, 0.3702 -0.4479 0.7484, 0.3658 -0.4448 0.748, 0.3658 -0.4448 0.7484, 0.3645 -0.4435 0.748, 0.3645 -0.4435 0.7484, 0.3613 -0.4389 0.748, 0.3613 -0.4389 0.7484, 0.3591 -0.4336 0.748, 0.3591 -0.4336 0.7484, 0.358 -0.4269 0.748, 0.358 -0.4269 0.7484, 0.358 -0.4244 0.748, 0.358 -0.4244 0.7484, 0.3591 -0.4152 0.748, 0.3591 -0.4152 0.7484, 0.3613 -0.4095 0.748, 0.3613 -0.4095 0.7484, 0.365 -0.4044 0.748, 0.365 -0.4044 0.7484, 0.3695 -0.4006 0.748, 0.3695 -0.4006 0.7484, 0.3748 -0.3982 0.748, 0.3748 -0.3982 0.7484, 0.3806 -0.3971 0.748, 0.3806 -0.3971 0.7484, 0.3832 -0.397 0.748, 0.3832 -0.397 0.7484, 0.3989 -0.4009 0.748, 0.3989 -0.4009 0.7484, 0.3982 -0.4005 0.7484, 0.3914 -0.398 0.748, 0.3914 -0.398 0.7484, 0.396 -0.3997 0.748, 0.3982 -0.4005 0.748, 0.3989 -0.3919 0.7484, 0.3989 -0.3919 0.748, 0.3831 -0.3892 0.748, 0.3831 -0.3892 0.7484, 0.3831 -0.3892 0.7484, 0.396 -0.3911 0.748, 0.3919 -0.3899 0.7484, 0.3919 -0.3899 0.748, 0.3902 -0.3898 0.748, 0.3831 -0.3892 0.748, 0.3785 -0.3898 0.748, 0.3734 -0.3904 0.7484, 0.3734 -0.3904 0.748, 0.3664 -0.3931 0.748, 0.3664 -0.3931 0.7484, 0.3602 -0.3975 0.748, 0.3602 -0.3975 0.7484, 0.3586 -0.399 0.748, 0.3586 -0.399 0.7484, 0.3537 -0.4053 0.748, 0.3537 -0.4053 0.7484, 0.3506 -0.4128 0.748, 0.3506 -0.4128 0.7484, 0.3491 -0.4215 0.748, 0.3491 -0.4215 0.7484, 0.3489 -0.4249 0.748, 0.3489 -0.4249 0.7484, 0.3503 -0.4359 0.748, 0.3503 -0.4359 0.7484, 0.353 -0.4428 0.748, 0.353 -0.4428 0.7484, 0.3575 -0.4491 0.748, 0.3575 -0.4491 0.7484, 0.3764 -0.458 0.7484, 0.3629 -0.4535 0.748, 0.3629 -0.4535 0.7484, 0.3692 -0.4565 0.748, 0.3692 -0.4565 0.7484, 0.3746 -0.4576 0.748, 0.3764 -0.458 0.748, 0.4481 -0.4494 0.7484, 0.4481 -0.457 0.7484, 0.4481 -0.4494 0.748, 0.4481 -0.457 0.748, 0.4209 -0.4494 0.748, 0.4209 -0.4494 0.7484, 0.4389 -0.4494 0.748, 0.4209 -0.427 0.7484, 0.4209 -0.427 0.748, 0.4447 -0.427 0.748, 0.4447 -0.427 0.7484, 0.4389 -0.427 0.748, 0.4447 -0.4194 0.7484, 0.4447 -0.4194 0.748, 0.4209 -0.4194 0.748, 0.4209 -0.4194 0.7484, 0.4389 -0.4194 0.748, 0.4209 -0.398 0.7484, 0.4209 -0.398 0.748, 0.4466 -0.398 0.748, 0.4466 -0.398 0.7484, 0.4389 -0.398 0.748, 0.4466 -0.3903 0.7484, 0.4466 -0.3903 0.748, 0.4122 -0.3903 0.748, 0.4122 -0.3903 0.7484, 0.4389 -0.3903 0.748, 0.4122 -0.457 0.7484, 0.4122 -0.457 0.748, 0.4389 -0.457 0.748, 0.505 -0.4477 0.7484, 0.4981 -0.4432 0.7484, 0.4981 -0.4527 0.7484, 0.4939 -0.4462 0.7484, 0.4905 -0.4557 0.7484, 0.4884 -0.4483 0.7484, 0.4791 -0.457 0.7484, 0.479 -0.4494 0.7484, 0.4607 -0.457 0.7484, 0.4694 -0.4494 0.7484, 0.4607 -0.3903 0.7484, 0.4694 -0.398 0.7484, 0.4798 -0.3903 0.7484, 0.4794 -0.398 0.7484, 0.49 -0.3914 0.7484, 0.488 -0.3989 0.7484, 0.498 -0.3944 0.7484, 0.4938 -0.401 0.7484, 0.505 -0.3992 0.7484, 0.4987 -0.4043 0.7484, 0.5073 -0.4014 0.7484, 0.5005 -0.4061 0.7484, 0.5115 -0.4072 0.7484, 0.5031 -0.4098 0.7484, 0.5139 -0.4136 0.7484, 0.505 -0.4146 0.7484, 0.5151 -0.4228 0.7484, 0.506 -0.4231 0.7484, 0.5149 -0.4271 0.7484, 0.5057 -0.4283 0.7484, 0.5132 -0.4349 0.7484, 0.5042 -0.4342 0.7484, 0.51 -0.4418 0.7484, 0.5018 -0.439 0.7484, 0.4989 -0.4425 0.7484, 0.4791 -0.457 0.748, 0.4607 -0.457 0.748, 0.505 -0.4477 0.748, 0.4905 -0.4557 0.748, 0.4913 -0.4553 0.748, 0.4981 -0.4527 0.748, 0.51 -0.4418 0.748, 0.5132 -0.4349 0.748, 0.5149 -0.4271 0.748, 0.5151 -0.4228 0.748, 0.5139 -0.4136 0.748, 0.5115 -0.4072 0.748, 0.5073 -0.4014 0.748, 0.505 -0.3992 0.748, 0.4798 -0.3903 0.748, 0.498 -0.3944 0.748, 0.4913 -0.3919 0.748, 0.49 -0.3914 0.748, 0.4607 -0.3903 0.748, 0.4794 -0.398 0.748, 0.4694 -0.398 0.748, 0.4694 -0.4494 0.748, 0.479 -0.4494 0.748, 0.4989 -0.4425 0.748, 0.4981 -0.4432 0.748, 0.4939 -0.4462 0.748, 0.4884 -0.4483 0.748, 0.506 -0.4231 0.748, 0.5057 -0.4283 0.748, 0.5042 -0.4342 0.748, 0.5018 -0.439 0.748, 0.4987 -0.4043 0.748, 0.5005 -0.4061 0.748, 0.5031 -0.4098 0.748, 0.505 -0.4146 0.748, 0.488 -0.3989 0.748, 0.4938 -0.401 0.748
            ]
        }
        coordIndex [
            0,1,2,-1,2,1,3,-1,4,0,5,-1,5,0,2,-1,6,4,7,-1,7,4,5,-1,8,6,9,-1,9,6,7,-1,10,8,11,-1,11,8,9,-1,1,10,3,-1,3,10,11,-1,6,8,4,-1,4,8,10,-1,4,10,0,-1,0,10,1,-1,12,13,14,-1,15,16,17,-1,17,16,18,-1,17,19,15,-1,15,19,20,-1,15,20,14,-1,14,20,21,-1,14,21,12,-1,22,13,23,-1,23,13,12,-1,22,23,24,-1,22,24,25,-1,24,26,25,-1,25,26,27,-1,25,27,28,-1,28,27,29,-1,28,29,30,-1,30,29,31,-1,30,31,32,-1,32,31,33,-1,32,33,34,-1,34,33,35,-1,34,35,36,-1,36,35,37,-1,36,37,38,-1,38,37,39,-1,38,39,40,-1,40,39,41,-1,40,41,42,-1,42,41,43,-1,42,43,44,-1,44,43,45,-1,44,45,46,-1,46,45,47,-1,46,47,48,-1,48,47,49,-1,48,49,50,-1,50,49,51,-1,50,51,52,-1,52,51,53,-1,52,53,54,-1,54,53,55,-1,54,55,56,-1,56,55,57,-1,56,57,58,-1,58,57,59,-1,58,59,60,-1,61,62,63,-1,60,59,64,-1,60,64,65,-1,65,64,66,-1,65,66,63,-1,63,66,67,-1,63,67,61,-1,68,62,69,-1,69,62,61,-1,70,71,72,-1,68,69,73,-1,68,73,74,-1,73,75,74,-1,74,75,76,-1,74,76,72,-1,72,76,77,-1,72,77,70,-1,71,70,78,-1,71,78,79,-1,78,80,79,-1,79,80,81,-1,79,81,82,-1,82,81,83,-1,82,83,84,-1,84,83,85,-1,84,85,86,-1,86,85,87,-1,86,87,88,-1,88,87,89,-1,88,89,90,-1,90,89,91,-1,90,91,92,-1,92,91,93,-1,92,93,94,-1,94,93,95,-1,94,95,96,-1,96,95,97,-1,96,97,98,-1,98,97,99,-1,98,99,100,-1,18,16,101,-1,100,99,102,-1,100,102,103,-1,103,102,104,-1,103,104,105,-1,105,104,106,-1,105,106,101,-1,101,106,107,-1,101,107,18,-1,63,62,68,-1,54,84,52,-1,52,84,86,-1,52,86,50,-1,50,86,88,-1,50,88,48,-1,63,68,65,-1,65,68,74,-1,65,74,60,-1,60,74,72,-1,60,72,58,-1,58,72,71,-1,58,71,56,-1,56,71,79,-1,56,79,54,-1,54,79,82,-1,54,82,84,-1,94,46,92,-1,92,46,48,-1,92,48,90,-1,90,48,88,-1,13,22,14,-1,14,22,25,-1,14,25,15,-1,15,25,28,-1,15,28,16,-1,16,28,30,-1,16,30,101,-1,101,30,32,-1,101,32,105,-1,105,32,34,-1,105,34,103,-1,103,34,36,-1,103,36,100,-1,100,36,38,-1,100,38,98,-1,98,38,40,-1,98,40,96,-1,96,40,42,-1,96,42,94,-1,94,42,44,-1,94,44,46,-1,108,109,110,-1,110,109,111,-1,112,113,114,-1,114,113,108,-1,114,108,110,-1,115,113,116,-1,116,113,112,-1,117,118,119,-1,119,118,115,-1,119,115,116,-1,120,118,121,-1,121,118,117,-1,122,123,124,-1,124,123,120,-1,124,120,121,-1,125,123,126,-1,126,123,122,-1,127,128,129,-1,129,128,125,-1,129,125,126,-1,130,128,131,-1,131,128,127,-1,132,133,134,-1,134,133,130,-1,134,130,131,-1,135,133,136,-1,136,133,132,-1,111,109,137,-1,137,109,135,-1,137,135,136,-1,135,109,108,-1,108,113,135,-1,135,113,115,-1,135,115,133,-1,128,130,125,-1,125,130,133,-1,125,133,123,-1,123,133,115,-1,123,115,120,-1,120,115,118,-1,138,139,140,-1,140,139,141,-1,140,141,142,-1,142,141,143,-1,142,143,144,-1,144,143,145,-1,144,145,146,-1,146,145,147,-1,146,147,148,-1,148,147,149,-1,148,149,150,-1,150,149,151,-1,150,151,152,-1,152,151,153,-1,152,153,154,-1,154,153,155,-1,154,155,156,-1,156,155,157,-1,156,157,158,-1,158,157,159,-1,158,159,160,-1,160,159,161,-1,160,161,162,-1,162,161,163,-1,162,163,164,-1,164,163,165,-1,164,165,166,-1,166,165,167,-1,166,167,168,-1,168,167,169,-1,168,169,170,-1,170,169,171,-1,170,171,138,-1,138,171,172,-1,138,172,139,-1,144,146,173,-1,173,146,174,-1,175,138,140,-1,144,173,176,-1,144,176,142,-1,142,176,177,-1,142,177,140,-1,140,177,178,-1,140,178,175,-1,138,175,179,-1,138,179,170,-1,170,179,180,-1,170,180,168,-1,168,180,181,-1,168,181,166,-1,166,181,182,-1,166,182,164,-1,164,182,183,-1,164,183,162,-1,162,183,184,-1,162,184,160,-1,160,184,185,-1,160,185,158,-1,158,185,186,-1,158,186,156,-1,187,150,152,-1,156,186,188,-1,156,188,154,-1,154,188,189,-1,154,189,152,-1,152,189,190,-1,152,190,187,-1,148,150,191,-1,191,150,187,-1,146,148,174,-1,174,148,191,-1,151,149,192,-1,192,149,193,-1,149,147,193,-1,193,147,194,-1,147,145,194,-1,194,145,195,-1,172,196,197,-1,172,197,139,-1,139,197,198,-1,139,198,141,-1,141,198,199,-1,141,199,143,-1,143,199,195,-1,143,195,145,-1,165,200,201,-1,165,201,167,-1,167,201,202,-1,167,202,169,-1,169,202,203,-1,169,203,171,-1,171,203,196,-1,171,196,172,-1,157,204,205,-1,157,205,159,-1,159,205,206,-1,159,206,161,-1,161,206,207,-1,161,207,163,-1,163,207,200,-1,163,200,165,-1,151,192,208,-1,151,208,153,-1,153,208,209,-1,153,209,155,-1,155,209,204,-1,155,204,157,-1,
        ]
    }
}
Shape{
    appearance Appearance {
        material  Material 	{
            diffuseColor 0.25098039215686274 0.25098039215686274 0.25098039215686274
            specularColor 0.25098039215686274 0.25098039215686274 0.25098039215686274
            ambientIntensity 0.251
            transparency 0.0
            shininess 0.5
        }
    }
    geometry IndexedFaceSet {
        ccw TRUE
        solid FALSE
        coord DEF co Coordinate {
            point [
                0.4981 -0.4432 0.748, 0.4989 -0.4425 0.748, 0.4794 -0.398 0.748, 0.4694 -0.398 0.748, 0.4694 -0.4494 0.748, 0.479 -0.4494 0.748, 0.4884 -0.4483 0.748, 0.4939 -0.4462 0.748, 0.5018 -0.439 0.748, 0.5042 -0.4342 0.748, 0.5057 -0.4283 0.748, 0.506 -0.4231 0.748, 0.505 -0.4146 0.748, 0.5031 -0.4098 0.748, 0.5005 -0.4061 0.748, 0.4987 -0.4043 0.748, 0.488 -0.3989 0.748, 0.4938 -0.401 0.748
            ]
        }
        coordIndex [
            0,1,2,-1,3,4,2,-1,2,4,5,-1,5,6,2,-1,2,6,7,-1,2,7,0,-1,1,8,2,-1,2,8,9,-1,2,9,10,-1,10,11,2,-1,2,11,12,-1,2,12,13,-1,13,14,2,-1,2,14,15,-1,2,15,16,-1,16,15,17,-1,
        ]
    }
}
Shape{
    appearance Appearance {
        material  Material 	{
            diffuseColor 1.0 1.0 1.0
            specularColor 0.5019607843137255 0.5019607843137255 0.5019607843137255
            ambientIntensity 1.0
            transparency 0.0
            shininess 0.5
        }
    }
    geometry IndexedFaceSet {
        ccw TRUE
        solid FALSE
        coord DEF co Coordinate {
            point [
                0.5374 -0.4313 0.7484, 0.5347 -0.4388 0.7484, 0.5598 -0.4313 0.7484, 0.5625 -0.4388 0.7484, 0.5474 -0.4035 0.7484, 0.5442 -0.3903 0.7484, 0.5188 -0.457 0.7484, 0.5283 -0.457 0.7484, 0.548 -0.4015 0.7484, 0.5485 -0.3989 0.7484, 0.5534 -0.3903 0.7484, 0.5487 -0.3989 0.7484, 0.5492 -0.4017 0.7484, 0.5497 -0.4035 0.7484, 0.5788 -0.457 0.7484, 0.5693 -0.457 0.7484, 0.5534 -0.3903 0.748, 0.5788 -0.457 0.748, 0.5442 -0.3903 0.748, 0.5188 -0.457 0.748, 0.538 -0.4066 0.748, 0.5283 -0.457 0.748, 0.5347 -0.4388 0.748, 0.5625 -0.4388 0.748, 0.538 -0.4388 0.748, 0.5693 -0.457 0.748, 0.5374 -0.4313 0.748, 0.5598 -0.4313 0.748, 0.5497 -0.4035 0.748, 0.5487 -0.3989 0.748, 0.5492 -0.4017 0.748, 0.5485 -0.3989 0.748, 0.5474 -0.4035 0.748, 0.548 -0.4015 0.748
            ]
        }
        coordIndex [
            0,1,2,-1,2,1,3,-1,4,5,0,-1,0,5,6,-1,0,6,1,-1,1,6,7,-1,4,8,5,-1,5,8,9,-1,5,9,10,-1,10,9,11,-1,10,11,12,-1,12,13,10,-1,10,13,2,-1,10,2,14,-1,14,2,3,-1,14,3,15,-1,10,14,16,-1,16,14,17,-1,5,10,18,-1,18,10,16,-1,19,6,20,-1,20,6,5,-1,20,5,18,-1,7,6,21,-1,21,6,19,-1,1,7,22,-1,22,7,21,-1,23,3,24,-1,24,3,1,-1,24,1,22,-1,15,3,25,-1,25,3,23,-1,14,15,17,-1,17,15,25,-1,0,2,26,-1,26,2,27,-1,2,13,27,-1,27,13,28,-1,11,29,30,-1,11,30,12,-1,12,30,28,-1,12,28,13,-1,11,9,29,-1,29,9,31,-1,4,32,33,-1,4,33,8,-1,8,33,31,-1,8,31,9,-1,4,0,32,-1,32,0,26,-1,
        ]
    }
}
Shape{
    appearance Appearance {
        material  Material 	{
            diffuseColor 0.25098039215686274 0.25098039215686274 0.25098039215686274
            specularColor 0.25098039215686274 0.25098039215686274 0.25098039215686274
            ambientIntensity 0.251
            transparency 0.0
            shininess 0.5
        }
    }
    geometry IndexedFaceSet {
        ccw TRUE
        solid FALSE
        coord DEF co Coordinate {
            point [
                0.5487 -0.3989 0.748, 0.5485 -0.3989 0.748, 0.5492 -0.4017 0.748, 0.548 -0.4015 0.748, 0.5497 -0.4035 0.748, 0.5474 -0.4035 0.748, 0.5598 -0.4313 0.748, 0.5374 -0.4313 0.748
            ]
        }
        coordIndex [
            0,1,2,-1,2,1,3,-1,2,3,4,-1,4,3,5,-1,4,5,6,-1,6,5,7,-1,
        ]
    }
}
Shape{
    appearance Appearance {
        material  Material 	{
            diffuseColor 1.0 1.0 1.0
            specularColor 0.5019607843137255 0.5019607843137255 0.5019607843137255
            ambientIntensity 1.0
            transparency 0.0
            shininess 0.5
        }
    }
    geometry IndexedFaceSet {
        ccw TRUE
        solid FALSE
        coord DEF co Coordinate {
            point [
                0.3469 -0.5553 0.7484, 0.3469 -0.5629 0.7484, 0.3469 -0.5553 0.748, 0.3469 -0.5629 0.748, 0.3196 -0.5553 0.748, 0.3196 -0.5553 0.7484, 0.3466 -0.5553 0.748, 0.3196 -0.5328 0.7484, 0.3196 -0.5328 0.748, 0.3435 -0.5328 0.7484, 0.3435 -0.5328 0.748, 0.3435 -0.5252 0.7484, 0.3435 -0.5252 0.748, 0.3196 -0.5252 0.7484, 0.3196 -0.5252 0.748, 0.3196 -0.5039 0.7484, 0.3196 -0.5039 0.748, 0.3454 -0.5039 0.7484, 0.3454 -0.5039 0.748, 0.3454 -0.4962 0.7484, 0.3454 -0.4962 0.748, 0.311 -0.4962 0.7484, 0.311 -0.4962 0.748, 0.311 -0.5629 0.7484, 0.311 -0.5629 0.748, 0.3466 -0.5629 0.748, 0.3848 -0.5629 0.7484, 0.3932 -0.5629 0.7484, 0.3848 -0.5555 0.7484, 0.3932 -0.5322 0.7484, 0.3846 -0.5555 0.7484, 0.3802 -0.5543 0.7484, 0.3833 -0.5576 0.7484, 0.3779 -0.5559 0.7484, 0.3684 -0.5417 0.7484, 0.3737 -0.5405 0.7484, 0.3848 -0.539 0.7484, 0.3848 -0.5436 0.7484, 0.3848 -0.5441 0.7484, 0.3843 -0.5478 0.7484, 0.3831 -0.5508 0.7484, 0.3813 -0.5533 0.7484, 0.3818 -0.5148 0.7484, 0.38 -0.5219 0.7484, 0.3851 -0.516 0.7484, 0.3815 -0.5229 0.7484, 0.3666 -0.5427 0.7484, 0.3848 -0.5326 0.7484, 0.3846 -0.5289 0.7484, 0.3924 -0.5252 0.7484, 0.3837 -0.526 0.7484, 0.391 -0.5216 0.7484, 0.3827 -0.5242 0.7484, 0.3892 -0.519 0.7484, 0.3878 -0.5176 0.7484, 0.3596 -0.5186 0.7484, 0.3596 -0.5267 0.7484, 0.3613 -0.5176 0.7484, 0.3653 -0.5231 0.7484, 0.3675 -0.5152 0.7484, 0.3706 -0.5214 0.7484, 0.376 -0.5142 0.7484, 0.3752 -0.5209 0.7484, 0.378 -0.5212 0.7484, 0.3651 -0.5543 0.7484, 0.359 -0.5603 0.7484, 0.3658 -0.555 0.7484, 0.3618 -0.5622 0.7484, 0.3675 -0.5562 0.7484, 0.365 -0.5634 0.7484, 0.3694 -0.5569 0.7484, 0.37 -0.564 0.7484, 0.3722 -0.5572 0.7484, 0.3744 -0.5635 0.7484, 0.3753 -0.5568 0.7484, 0.3777 -0.5623 0.7484, 0.3806 -0.5604 0.7484, 0.3707 -0.5346 0.7484, 0.3638 -0.5364 0.7484, 0.3656 -0.5434 0.7484, 0.3604 -0.5382 0.7484, 0.3646 -0.5447 0.7484, 0.358 -0.5405 0.7484, 0.3639 -0.5462 0.7484, 0.3563 -0.5432 0.7484, 0.3635 -0.5481 0.7484, 0.3553 -0.5463 0.7484, 0.3634 -0.5495 0.7484, 0.3549 -0.5501 0.7484, 0.3636 -0.5514 0.7484, 0.3554 -0.5542 0.7484, 0.3641 -0.5529 0.7484, 0.3564 -0.557 0.7484, 0.3582 -0.5595 0.7484, 0.376 -0.5142 0.748, 0.3675 -0.5152 0.748, 0.3613 -0.5176 0.748, 0.3596 -0.5186 0.748, 0.3596 -0.5267 0.748, 0.3653 -0.5231 0.748, 0.3706 -0.5214 0.748, 0.3752 -0.5209 0.748, 0.378 -0.5212 0.748, 0.38 -0.5219 0.748, 0.3815 -0.5229 0.748, 0.3827 -0.5242 0.748, 0.3837 -0.526 0.748, 0.3846 -0.5289 0.748, 0.3848 -0.5326 0.748, 0.3707 -0.5346 0.748, 0.3638 -0.5364 0.748, 0.3604 -0.5382 0.748, 0.358 -0.5405 0.748, 0.3563 -0.5432 0.748, 0.3553 -0.5463 0.748, 0.3549 -0.5501 0.748, 0.3554 -0.5542 0.748, 0.3564 -0.557 0.748, 0.3582 -0.5595 0.748, 0.359 -0.5603 0.748, 0.37 -0.564 0.748, 0.3652 -0.5635 0.748, 0.365 -0.5634 0.748, 0.3618 -0.5622 0.748, 0.3744 -0.5635 0.748, 0.3746 -0.5635 0.748, 0.3777 -0.5623 0.748, 0.3806 -0.5604 0.748, 0.3833 -0.5576 0.748, 0.3846 -0.5555 0.748, 0.3848 -0.5555 0.748, 0.3848 -0.5629 0.748, 0.3932 -0.5629 0.748, 0.3932 -0.5322 0.748, 0.3924 -0.5252 0.748, 0.391 -0.5216 0.748, 0.3892 -0.519 0.748, 0.3878 -0.5176 0.748, 0.3851 -0.516 0.748, 0.3818 -0.5148 0.748, 0.3656 -0.5434 0.748, 0.3666 -0.5427 0.748, 0.3684 -0.5417 0.748, 0.3737 -0.5405 0.748, 0.3634 -0.5495 0.748, 0.3635 -0.5481 0.748, 0.3639 -0.5462 0.748, 0.3646 -0.5447 0.748, 0.3658 -0.555 0.748, 0.3651 -0.5543 0.748, 0.3641 -0.5529 0.748, 0.3636 -0.5514 0.748, 0.3722 -0.5572 0.748, 0.3694 -0.5569 0.748, 0.3675 -0.5562 0.748, 0.3813 -0.5533 0.748, 0.3802 -0.5543 0.748, 0.3779 -0.5559 0.748, 0.3753 -0.5568 0.748, 0.3848 -0.5436 0.748, 0.3848 -0.5441 0.748, 0.3843 -0.5478 0.748, 0.3831 -0.5508 0.748, 0.3848 -0.539 0.748
            ]
        }
        coordIndex [
            0,1,2,-1,2,1,3,-1,4,5,6,-1,6,5,0,-1,6,0,2,-1,7,5,8,-1,8,5,4,-1,9,7,10,-1,10,7,8,-1,11,9,12,-1,12,9,10,-1,13,11,14,-1,14,11,12,-1,15,13,16,-1,16,13,14,-1,17,15,18,-1,18,15,16,-1,19,17,20,-1,20,17,18,-1,21,19,22,-1,22,19,20,-1,23,21,24,-1,24,21,22,-1,23,24,1,-1,1,24,25,-1,1,25,3,-1,23,1,0,-1,0,5,23,-1,23,5,7,-1,23,7,21,-1,17,19,15,-1,15,19,21,-1,15,21,13,-1,13,21,7,-1,13,7,11,-1,11,7,9,-1,26,27,28,-1,28,27,29,-1,30,31,32,-1,32,31,33,-1,34,35,29,-1,29,35,36,-1,29,36,37,-1,37,38,29,-1,29,38,39,-1,29,39,28,-1,28,39,40,-1,28,40,30,-1,30,40,41,-1,30,41,31,-1,42,43,44,-1,44,43,45,-1,46,34,47,-1,47,34,29,-1,47,29,48,-1,48,29,49,-1,48,49,50,-1,50,49,51,-1,50,51,52,-1,52,51,53,-1,52,53,45,-1,45,53,54,-1,45,54,44,-1,55,56,57,-1,57,56,58,-1,57,58,59,-1,59,58,60,-1,59,60,61,-1,61,60,62,-1,61,62,42,-1,42,62,63,-1,42,63,43,-1,64,65,66,-1,66,65,67,-1,66,67,68,-1,68,67,69,-1,68,69,70,-1,70,69,71,-1,70,71,72,-1,72,71,73,-1,72,73,74,-1,74,73,75,-1,74,75,33,-1,33,75,76,-1,33,76,32,-1,47,77,46,-1,46,77,78,-1,46,78,79,-1,79,78,80,-1,79,80,81,-1,81,80,82,-1,81,82,83,-1,83,82,84,-1,83,84,85,-1,85,84,86,-1,85,86,87,-1,87,86,88,-1,87,88,89,-1,89,88,90,-1,89,90,91,-1,91,90,92,-1,91,92,64,-1,64,92,93,-1,64,93,65,-1,61,94,95,-1,61,95,59,-1,59,95,96,-1,59,96,57,-1,57,96,97,-1,57,97,55,-1,56,55,98,-1,98,55,97,-1,56,98,99,-1,56,99,58,-1,58,99,100,-1,58,100,60,-1,60,100,101,-1,60,101,62,-1,62,101,102,-1,62,102,63,-1,63,102,103,-1,63,103,43,-1,43,103,104,-1,43,104,45,-1,45,104,105,-1,45,105,52,-1,52,105,106,-1,52,106,50,-1,50,106,107,-1,50,107,48,-1,48,107,108,-1,48,108,47,-1,77,47,109,-1,109,47,108,-1,77,109,110,-1,77,110,78,-1,78,110,111,-1,78,111,80,-1,80,111,112,-1,80,112,82,-1,82,112,113,-1,82,113,84,-1,84,113,114,-1,84,114,86,-1,86,114,115,-1,86,115,88,-1,88,115,116,-1,88,116,90,-1,90,116,117,-1,90,117,92,-1,92,117,118,-1,92,118,93,-1,93,118,119,-1,93,119,65,-1,120,71,121,-1,121,71,69,-1,121,69,122,-1,122,69,67,-1,122,67,123,-1,123,67,65,-1,123,65,119,-1,71,120,124,-1,71,124,73,-1,73,124,125,-1,73,125,75,-1,125,126,75,-1,75,126,127,-1,75,127,76,-1,76,127,128,-1,76,128,32,-1,32,128,129,-1,32,129,30,-1,28,30,130,-1,130,30,129,-1,26,28,131,-1,131,28,130,-1,27,26,132,-1,132,26,131,-1,29,27,133,-1,133,27,132,-1,29,133,134,-1,29,134,49,-1,49,134,135,-1,49,135,51,-1,51,135,136,-1,51,136,53,-1,53,136,137,-1,53,137,54,-1,54,137,138,-1,54,138,44,-1,44,138,139,-1,44,139,42,-1,42,139,94,-1,42,94,61,-1,79,140,141,-1,79,141,46,-1,46,141,142,-1,46,142,34,-1,34,142,143,-1,34,143,35,-1,87,144,145,-1,87,145,85,-1,85,145,146,-1,85,146,83,-1,83,146,147,-1,83,147,81,-1,81,147,140,-1,81,140,79,-1,66,148,149,-1,66,149,64,-1,64,149,150,-1,64,150,91,-1,91,150,151,-1,91,151,89,-1,89,151,144,-1,89,144,87,-1,72,152,153,-1,72,153,70,-1,70,153,154,-1,70,154,68,-1,68,154,148,-1,68,148,66,-1,41,155,156,-1,41,156,31,-1,31,156,157,-1,31,157,33,-1,33,157,158,-1,33,158,74,-1,74,158,152,-1,74,152,72,-1,37,159,160,-1,37,160,38,-1,38,160,161,-1,38,161,39,-1,39,161,162,-1,39,162,40,-1,40,162,155,-1,40,155,41,-1,37,36,159,-1,159,36,163,-1,36,35,163,-1,163,35,143,-1,
        ]
    }
}
Shape{
    appearance Appearance {
        material  Material 	{
            diffuseColor 0.25098039215686274 0.25098039215686274 0.25098039215686274
            specularColor 0.25098039215686274 0.25098039215686274 0.25098039215686274
            ambientIntensity 0.251
            transparency 0.0
            shininess 0.5
        }
    }
    geometry IndexedFaceSet {
        ccw TRUE
        solid FALSE
        coord DEF co Coordinate {
            point [
                0.3848 -0.5441 0.748, 0.3848 -0.5436 0.748, 0.3656 -0.5434 0.748, 0.3848 -0.539 0.748, 0.3737 -0.5405 0.748, 0.3684 -0.5417 0.748, 0.3666 -0.5427 0.748, 0.3843 -0.5478 0.748, 0.3646 -0.5447 0.748, 0.3831 -0.5508 0.748, 0.3651 -0.5543 0.748, 0.3658 -0.555 0.748, 0.3802 -0.5543 0.748, 0.3641 -0.5529 0.748, 0.3779 -0.5559 0.748, 0.3753 -0.5568 0.748, 0.3722 -0.5572 0.748, 0.3639 -0.5462 0.748, 0.3635 -0.5481 0.748, 0.3813 -0.5533 0.748, 0.3634 -0.5495 0.748, 0.3636 -0.5514 0.748, 0.3675 -0.5562 0.748, 0.3694 -0.5569 0.748
            ]
        }
        coordIndex [
            0,1,2,-1,1,3,4,-1,4,5,1,-1,1,5,6,-1,1,6,2,-1,0,2,7,-1,7,2,8,-1,7,8,9,-1,10,11,12,-1,10,12,13,-1,14,12,15,-1,15,12,16,-1,8,17,9,-1,9,17,18,-1,9,18,19,-1,19,18,20,-1,19,20,12,-1,12,20,21,-1,12,21,13,-1,11,22,12,-1,12,22,23,-1,12,23,16,-1,
        ]
    }
}
Shape{
    appearance Appearance {
        material  Material 	{
            diffuseColor 1.0 1.0 1.0
            specularColor 0.5019607843137255 0.5019607843137255 0.5019607843137255
            ambientIntensity 1.0
            transparency 0.0
            shininess 0.5
        }
    }
    geometry IndexedFaceSet {
        ccw TRUE
        solid FALSE
        coord DEF co Coordinate {
            point [
                0.4045 -0.5526 0.748, 0.4045 -0.5526 0.7484, 0.4083 -0.5549 0.7484, 0.4183 -0.5572 0.7484, 0.4183 -0.5572 0.748, 0.4136 -0.5567 0.748, 0.4136 -0.5567 0.7484, 0.4084 -0.5549 0.748, 0.4083 -0.5549 0.748, 0.4045 -0.5612 0.7484, 0.4045 -0.5612 0.748, 0.4104 -0.5633 0.7484, 0.4084 -0.5626 0.748, 0.4175 -0.564 0.748, 0.4175 -0.564 0.7484, 0.412 -0.5635 0.748, 0.4104 -0.5633 0.748, 0.425 -0.5631 0.7484, 0.4222 -0.5635 0.748, 0.425 -0.5631 0.748, 0.4294 -0.5614 0.748, 0.4294 -0.5614 0.7484, 0.4313 -0.5602 0.748, 0.4313 -0.5602 0.7484, 0.4337 -0.5581 0.748, 0.4337 -0.5581 0.7484, 0.4353 -0.5559 0.748, 0.4353 -0.5559 0.7484, 0.4363 -0.5533 0.748, 0.4363 -0.5533 0.7484, 0.4367 -0.5499 0.748, 0.4367 -0.5499 0.7484, 0.4364 -0.5468 0.748, 0.4364 -0.5468 0.7484, 0.4355 -0.5444 0.748, 0.4355 -0.5444 0.7484, 0.4339 -0.5421 0.748, 0.4339 -0.5421 0.7484, 0.4319 -0.5403 0.748, 0.4319 -0.5403 0.7484, 0.4264 -0.5372 0.748, 0.4264 -0.5372 0.7484, 0.4231 -0.5359 0.748, 0.4231 -0.5359 0.7484, 0.418 -0.5336 0.748, 0.418 -0.5336 0.7484, 0.415 -0.5318 0.748, 0.415 -0.5318 0.7484, 0.4142 -0.5309 0.748, 0.4142 -0.5309 0.7484, 0.4136 -0.5298 0.748, 0.4136 -0.5298 0.7484, 0.4133 -0.5285 0.748, 0.4133 -0.5285 0.7484, 0.4132 -0.5274 0.748, 0.4132 -0.5274 0.7484, 0.4133 -0.526 0.748, 0.4133 -0.526 0.7484, 0.4138 -0.5249 0.748, 0.4138 -0.5249 0.7484, 0.4145 -0.5238 0.748, 0.4145 -0.5238 0.7484, 0.4157 -0.5227 0.748, 0.4157 -0.5227 0.7484, 0.4176 -0.5217 0.748, 0.4176 -0.5217 0.7484, 0.4198 -0.5211 0.748, 0.4198 -0.5211 0.7484, 0.4223 -0.5209 0.748, 0.4223 -0.5209 0.7484, 0.4281 -0.5217 0.748, 0.4281 -0.5217 0.7484, 0.4329 -0.5235 0.748, 0.4329 -0.5235 0.7484, 0.4344 -0.5244 0.748, 0.4344 -0.5244 0.7484, 0.4344 -0.5163 0.7484, 0.4344 -0.5163 0.748, 0.429 -0.5147 0.748, 0.429 -0.5147 0.7484, 0.4231 -0.5142 0.748, 0.4231 -0.5142 0.7484, 0.4165 -0.515 0.748, 0.4165 -0.515 0.7484, 0.412 -0.5167 0.748, 0.412 -0.5167 0.7484, 0.4099 -0.5179 0.748, 0.4099 -0.5179 0.7484, 0.4074 -0.5202 0.7484, 0.4084 -0.5193 0.748, 0.4074 -0.5202 0.748, 0.4059 -0.5224 0.748, 0.4059 -0.5224 0.7484, 0.4049 -0.5251 0.748, 0.4049 -0.5251 0.7484, 0.4046 -0.5281 0.748, 0.4046 -0.5281 0.7484, 0.4049 -0.5314 0.748, 0.4049 -0.5314 0.7484, 0.4059 -0.5339 0.748, 0.4059 -0.5339 0.7484, 0.4069 -0.5356 0.748, 0.4069 -0.5356 0.7484, 0.4172 -0.542 0.748, 0.4172 -0.542 0.7484, 0.4122 -0.5397 0.7484, 0.4083 -0.5371 0.748, 0.4083 -0.5371 0.7484, 0.4084 -0.5371 0.748, 0.4122 -0.5397 0.748, 0.4227 -0.5443 0.748, 0.4227 -0.5443 0.7484, 0.426 -0.5462 0.748, 0.426 -0.5462 0.7484, 0.427 -0.5473 0.748, 0.427 -0.5473 0.7484, 0.4277 -0.5484 0.748, 0.4277 -0.5484 0.7484, 0.428 -0.5497 0.748, 0.428 -0.5497 0.7484, 0.4281 -0.5508 0.748, 0.4281 -0.5508 0.7484, 0.428 -0.5524 0.748, 0.428 -0.5524 0.7484, 0.4275 -0.5535 0.748, 0.4275 -0.5535 0.7484, 0.4268 -0.5546 0.748, 0.4268 -0.5546 0.7484, 0.4258 -0.5555 0.748, 0.4258 -0.5555 0.7484, 0.4251 -0.5559 0.748, 0.4251 -0.5559 0.7484, 0.4229 -0.5567 0.748, 0.4229 -0.5567 0.7484, 0.4186 -0.5572 0.748, 0.4186 -0.5572 0.7484, 0.4781 -0.5152 0.7484, 0.4868 -0.5152 0.7484, 0.4781 -0.5152 0.748, 0.4868 -0.5152 0.748, 0.4651 -0.5511 0.7484, 0.4651 -0.5511 0.748, 0.4645 -0.5534 0.748, 0.4645 -0.5534 0.7484, 0.4641 -0.555 0.748, 0.4641 -0.555 0.7484, 0.4639 -0.555 0.7484, 0.4639 -0.555 0.748, 0.4629 -0.5511 0.7484, 0.4629 -0.5511 0.748, 0.4504 -0.5152 0.7484, 0.4504 -0.5152 0.748, 0.4411 -0.5152 0.7484, 0.4411 -0.5152 0.748, 0.4597 -0.5628 0.7484, 0.4597 -0.5628 0.748, 0.4561 -0.5715 0.748, 0.4561 -0.5715 0.7484, 0.4595 -0.5635 0.748, 0.4544 -0.5745 0.748, 0.4544 -0.5745 0.7484, 0.4528 -0.5763 0.748, 0.4528 -0.5763 0.7484, 0.4516 -0.5772 0.748, 0.4516 -0.5772 0.7484, 0.4498 -0.5779 0.748, 0.4498 -0.5779 0.7484, 0.4475 -0.5782 0.748, 0.4475 -0.5782 0.7484, 0.4445 -0.5778 0.748, 0.4445 -0.5778 0.7484, 0.4428 -0.5772 0.748, 0.4428 -0.5772 0.7484, 0.4428 -0.5847 0.7484, 0.4428 -0.5847 0.748, 0.4463 -0.5853 0.748, 0.4463 -0.5853 0.7484, 0.4482 -0.5853 0.748, 0.4482 -0.5853 0.7484, 0.4519 -0.5849 0.748, 0.4519 -0.5849 0.7484, 0.4551 -0.5835 0.748, 0.4551 -0.5835 0.7484, 0.4579 -0.5815 0.748, 0.4579 -0.5815 0.7484, 0.4613 -0.5775 0.748, 0.4613 -0.5775 0.7484, 0.4652 -0.5701 0.748, 0.4652 -0.5701 0.7484, 0.4678 -0.5635 0.748, 0.5317 -0.5553 0.7484, 0.5317 -0.5629 0.7484, 0.5317 -0.5553 0.748, 0.5317 -0.5629 0.748, 0.5044 -0.5553 0.748, 0.5044 -0.5553 0.7484, 0.5169 -0.5553 0.748, 0.5044 -0.5328 0.7484, 0.5044 -0.5328 0.748, 0.5283 -0.5328 0.748, 0.5283 -0.5328 0.7484, 0.5169 -0.5328 0.748, 0.5283 -0.5252 0.7484, 0.5283 -0.5252 0.748, 0.5044 -0.5252 0.748, 0.5044 -0.5252 0.7484, 0.5169 -0.5252 0.748, 0.5044 -0.5039 0.7484, 0.5044 -0.5039 0.748, 0.5302 -0.5039 0.748, 0.5302 -0.5039 0.7484, 0.5169 -0.5039 0.748, 0.5302 -0.4962 0.7484, 0.5302 -0.4962 0.748, 0.4958 -0.4962 0.748, 0.4958 -0.4962 0.7484, 0.5169 -0.4962 0.748, 0.4958 -0.5629 0.7484, 0.4958 -0.5629 0.748, 0.5169 -0.5629 0.748, 0.5886 -0.5536 0.7484, 0.5817 -0.549 0.7484, 0.5816 -0.5585 0.7484, 0.5774 -0.552 0.7484, 0.574 -0.5615 0.7484, 0.5719 -0.5542 0.7484, 0.5627 -0.5629 0.7484, 0.5626 -0.5553 0.7484, 0.5443 -0.5629 0.7484, 0.5529 -0.5553 0.7484, 0.5443 -0.4962 0.7484, 0.5529 -0.5039 0.7484, 0.5633 -0.4962 0.7484, 0.563 -0.5039 0.7484, 0.5735 -0.4973 0.7484, 0.5716 -0.5048 0.7484, 0.5816 -0.5002 0.7484, 0.5774 -0.5069 0.7484, 0.5886 -0.505 0.7484, 0.5822 -0.5101 0.7484, 0.5909 -0.5073 0.7484, 0.5841 -0.5119 0.7484, 0.595 -0.5131 0.7484, 0.5867 -0.5156 0.7484, 0.5975 -0.5194 0.7484, 0.5886 -0.5205 0.7484, 0.5986 -0.5287 0.7484, 0.5896 -0.5289 0.7484, 0.5984 -0.5329 0.7484, 0.5892 -0.5341 0.7484, 0.5968 -0.5407 0.7484, 0.5878 -0.54 0.7484, 0.5935 -0.5476 0.7484, 0.5854 -0.5448 0.7484, 0.5824 -0.5483 0.7484, 0.5627 -0.5629 0.748, 0.5443 -0.5629 0.748, 0.574 -0.5615 0.748, 0.5816 -0.5585 0.748, 0.5886 -0.5536 0.748, 0.5935 -0.5476 0.748, 0.5968 -0.5407 0.748, 0.5984 -0.5329 0.748, 0.5986 -0.5287 0.748, 0.5975 -0.5194 0.748, 0.595 -0.5131 0.748, 0.5909 -0.5073 0.748, 0.5886 -0.505 0.748, 0.5816 -0.5002 0.748, 0.5735 -0.4973 0.748, 0.5633 -0.4962 0.748, 0.5443 -0.4962 0.748, 0.563 -0.5039 0.748, 0.5529 -0.5039 0.748, 0.5529 -0.5553 0.748, 0.5626 -0.5553 0.748, 0.5824 -0.5483 0.748, 0.5817 -0.549 0.748, 0.5774 -0.552 0.748, 0.5719 -0.5542 0.748, 0.5896 -0.5289 0.748, 0.5892 -0.5341 0.748, 0.5878 -0.54 0.748, 0.5854 -0.5448 0.748, 0.5822 -0.5101 0.748, 0.5841 -0.5119 0.748, 0.5867 -0.5156 0.748, 0.5886 -0.5205 0.748, 0.5716 -0.5048 0.748, 0.5774 -0.5069 0.748
            ]
        }
        coordIndex [
            0,1,2,-1,3,4,5,-1,3,5,6,-1,6,5,7,-1,6,7,2,-1,2,7,8,-1,2,8,0,-1,9,1,10,-1,10,1,0,-1,11,9,12,-1,12,9,10,-1,13,14,15,-1,15,14,11,-1,15,11,16,-1,16,11,12,-1,17,14,18,-1,18,14,13,-1,18,19,17,-1,17,19,20,-1,17,20,21,-1,21,20,22,-1,21,22,23,-1,23,22,24,-1,23,24,25,-1,25,24,26,-1,25,26,27,-1,27,26,28,-1,27,28,29,-1,29,28,30,-1,29,30,31,-1,31,30,32,-1,31,32,33,-1,33,32,34,-1,33,34,35,-1,35,34,36,-1,35,36,37,-1,37,36,38,-1,37,38,39,-1,39,38,40,-1,39,40,41,-1,41,40,42,-1,41,42,43,-1,43,42,44,-1,43,44,45,-1,45,44,46,-1,45,46,47,-1,47,46,48,-1,47,48,49,-1,49,48,50,-1,49,50,51,-1,51,50,52,-1,51,52,53,-1,53,52,54,-1,53,54,55,-1,55,54,56,-1,55,56,57,-1,57,56,58,-1,57,58,59,-1,59,58,60,-1,59,60,61,-1,61,60,62,-1,61,62,63,-1,63,62,64,-1,63,64,65,-1,65,64,66,-1,65,66,67,-1,67,66,68,-1,67,68,69,-1,69,68,70,-1,69,70,71,-1,71,70,72,-1,71,72,73,-1,73,72,74,-1,73,74,75,-1,76,75,77,-1,77,75,74,-1,76,77,78,-1,76,78,79,-1,79,78,80,-1,79,80,81,-1,81,80,82,-1,81,82,83,-1,83,82,84,-1,83,84,85,-1,85,84,86,-1,85,86,87,-1,88,87,89,-1,89,87,86,-1,89,90,88,-1,88,90,91,-1,88,91,92,-1,92,91,93,-1,92,93,94,-1,94,93,95,-1,94,95,96,-1,96,95,97,-1,96,97,98,-1,98,97,99,-1,98,99,100,-1,100,99,101,-1,100,101,102,-1,103,104,105,-1,102,101,106,-1,102,106,107,-1,107,106,108,-1,107,108,105,-1,105,108,109,-1,105,109,103,-1,104,103,110,-1,104,110,111,-1,111,110,112,-1,111,112,113,-1,113,112,114,-1,113,114,115,-1,115,114,116,-1,115,116,117,-1,117,116,118,-1,117,118,119,-1,119,118,120,-1,119,120,121,-1,121,120,122,-1,121,122,123,-1,123,122,124,-1,123,124,125,-1,125,124,126,-1,125,126,127,-1,127,126,128,-1,127,128,129,-1,129,128,130,-1,129,130,131,-1,131,130,132,-1,131,132,133,-1,133,132,134,-1,133,134,135,-1,135,134,4,-1,135,4,3,-1,59,61,87,-1,87,61,85,-1,85,61,63,-1,85,63,83,-1,111,43,104,-1,104,43,45,-1,21,23,127,-1,127,23,25,-1,127,25,125,-1,125,25,27,-1,125,27,123,-1,123,27,29,-1,123,29,121,-1,121,29,31,-1,121,31,119,-1,119,31,33,-1,119,33,117,-1,117,33,35,-1,117,35,115,-1,115,35,37,-1,115,37,113,-1,113,37,39,-1,113,39,111,-1,111,39,41,-1,111,41,43,-1,14,3,11,-1,11,3,6,-1,11,6,9,-1,9,6,2,-1,9,2,1,-1,63,65,83,-1,83,65,67,-1,83,67,81,-1,81,67,69,-1,81,69,79,-1,79,69,71,-1,79,71,76,-1,76,71,73,-1,76,73,75,-1,127,129,21,-1,21,129,131,-1,21,131,17,-1,17,131,133,-1,17,133,14,-1,14,133,135,-1,14,135,3,-1,87,88,59,-1,59,88,92,-1,59,92,57,-1,57,92,94,-1,57,94,55,-1,55,94,96,-1,55,96,53,-1,53,96,98,-1,53,98,51,-1,51,98,100,-1,51,100,49,-1,49,100,102,-1,49,102,47,-1,47,102,107,-1,47,107,45,-1,45,107,105,-1,45,105,104,-1,136,137,138,-1,138,137,139,-1,140,136,141,-1,141,136,138,-1,140,141,142,-1,140,142,143,-1,143,142,144,-1,143,144,145,-1,146,145,147,-1,147,145,144,-1,148,146,149,-1,149,146,147,-1,150,148,151,-1,151,148,149,-1,152,150,153,-1,153,150,151,-1,154,152,155,-1,155,152,153,-1,156,157,158,-1,158,157,154,-1,158,154,155,-1,157,156,159,-1,157,159,160,-1,160,159,161,-1,160,161,162,-1,162,161,163,-1,162,163,164,-1,164,163,165,-1,164,165,166,-1,166,165,167,-1,166,167,168,-1,168,167,169,-1,168,169,170,-1,170,169,171,-1,170,171,172,-1,173,172,174,-1,174,172,171,-1,173,174,175,-1,173,175,176,-1,176,175,177,-1,176,177,178,-1,178,177,179,-1,178,179,180,-1,180,179,181,-1,180,181,182,-1,182,181,183,-1,182,183,184,-1,184,183,185,-1,184,185,186,-1,186,185,187,-1,186,187,188,-1,139,137,189,-1,189,137,188,-1,189,188,187,-1,143,145,188,-1,137,136,188,-1,188,136,140,-1,188,140,143,-1,150,152,148,-1,148,152,154,-1,148,154,146,-1,145,146,188,-1,188,146,154,-1,188,154,186,-1,172,173,170,-1,170,173,176,-1,170,176,168,-1,168,176,178,-1,168,178,166,-1,166,178,180,-1,166,180,164,-1,164,180,182,-1,164,182,162,-1,162,182,184,-1,162,184,160,-1,160,184,186,-1,160,186,157,-1,157,186,154,-1,190,191,192,-1,192,191,193,-1,194,195,196,-1,196,195,190,-1,196,190,192,-1,197,195,198,-1,198,195,194,-1,199,200,201,-1,201,200,197,-1,201,197,198,-1,202,200,203,-1,203,200,199,-1,204,205,206,-1,206,205,202,-1,206,202,203,-1,207,205,208,-1,208,205,204,-1,209,210,211,-1,211,210,207,-1,211,207,208,-1,212,210,213,-1,213,210,209,-1,214,215,216,-1,216,215,212,-1,216,212,213,-1,217,215,218,-1,218,215,214,-1,193,191,219,-1,219,191,217,-1,219,217,218,-1,217,191,190,-1,190,195,217,-1,217,195,197,-1,217,197,215,-1,210,212,207,-1,207,212,215,-1,207,215,205,-1,205,215,197,-1,205,197,202,-1,202,197,200,-1,220,221,222,-1,222,221,223,-1,222,223,224,-1,224,223,225,-1,224,225,226,-1,226,225,227,-1,226,227,228,-1,228,227,229,-1,228,229,230,-1,230,229,231,-1,230,231,232,-1,232,231,233,-1,232,233,234,-1,234,233,235,-1,234,235,236,-1,236,235,237,-1,236,237,238,-1,238,237,239,-1,238,239,240,-1,240,239,241,-1,240,241,242,-1,242,241,243,-1,242,243,244,-1,244,243,245,-1,244,245,246,-1,246,245,247,-1,246,247,248,-1,248,247,249,-1,248,249,250,-1,250,249,251,-1,250,251,252,-1,252,251,253,-1,252,253,220,-1,220,253,254,-1,220,254,221,-1,226,228,255,-1,255,228,256,-1,226,255,257,-1,226,257,224,-1,224,257,258,-1,224,258,222,-1,222,258,259,-1,222,259,220,-1,220,259,260,-1,220,260,252,-1,252,260,261,-1,252,261,250,-1,250,261,262,-1,250,262,248,-1,248,262,263,-1,248,263,246,-1,246,263,264,-1,246,264,244,-1,244,264,265,-1,244,265,242,-1,242,265,266,-1,242,266,240,-1,240,266,267,-1,240,267,238,-1,238,267,268,-1,238,268,236,-1,236,268,269,-1,236,269,234,-1,234,269,270,-1,234,270,232,-1,230,232,271,-1,271,232,270,-1,228,230,256,-1,256,230,271,-1,233,231,272,-1,272,231,273,-1,231,229,273,-1,273,229,274,-1,229,227,274,-1,274,227,275,-1,254,276,277,-1,254,277,221,-1,221,277,278,-1,221,278,223,-1,223,278,279,-1,223,279,225,-1,225,279,275,-1,225,275,227,-1,247,280,281,-1,247,281,249,-1,249,281,282,-1,249,282,251,-1,251,282,283,-1,251,283,253,-1,253,283,276,-1,253,276,254,-1,239,284,285,-1,239,285,241,-1,241,285,286,-1,241,286,243,-1,243,286,287,-1,243,287,245,-1,245,287,280,-1,245,280,247,-1,233,272,288,-1,233,288,235,-1,235,288,289,-1,235,289,237,-1,237,289,284,-1,237,284,239,-1,
        ]
    }
}
Shape{
    appearance Appearance {
        material  Material 	{
            diffuseColor 0.25098039215686274 0.25098039215686274 0.25098039215686274
            specularColor 0.25098039215686274 0.25098039215686274 0.25098039215686274
            ambientIntensity 0.251
            transparency 0.0
            shininess 0.5
        }
    }
    geometry IndexedFaceSet {
        ccw TRUE
        solid FALSE
        coord DEF co Coordinate {
            point [
                0.5817 -0.549 0.748, 0.5824 -0.5483 0.748, 0.563 -0.5039 0.748, 0.5529 -0.5039 0.748, 0.5529 -0.5553 0.748, 0.5626 -0.5553 0.748, 0.5719 -0.5542 0.748, 0.5774 -0.552 0.748, 0.5854 -0.5448 0.748, 0.5878 -0.54 0.748, 0.5892 -0.5341 0.748, 0.5896 -0.5289 0.748, 0.5886 -0.5205 0.748, 0.5867 -0.5156 0.748, 0.5841 -0.5119 0.748, 0.5822 -0.5101 0.748, 0.5716 -0.5048 0.748, 0.5774 -0.5069 0.748
            ]
        }
        coordIndex [
            0,1,2,-1,3,4,2,-1,2,4,5,-1,5,6,2,-1,2,6,7,-1,2,7,0,-1,1,8,2,-1,2,8,9,-1,2,9,10,-1,10,11,2,-1,2,11,12,-1,2,12,13,-1,13,14,2,-1,2,14,15,-1,2,15,16,-1,16,15,17,-1,
        ]
    }
}
Shape{
    appearance Appearance {
        material  Material 	{
            diffuseColor 1.0 1.0 1.0
            specularColor 0.5019607843137255 0.5019607843137255 0.5019607843137255
            ambientIntensity 1.0
            transparency 0.0
            shininess 0.5
        }
    }
    geometry IndexedFaceSet {
        ccw TRUE
        solid FALSE
        coord DEF co Coordinate {
            point [
                0.621 -0.5371 0.7484, 0.6183 -0.5447 0.7484, 0.6434 -0.5371 0.7484, 0.646 -0.5447 0.7484, 0.631 -0.5094 0.7484, 0.6277 -0.4962 0.7484, 0.6023 -0.5629 0.7484, 0.6118 -0.5629 0.7484, 0.6315 -0.5074 0.7484, 0.6321 -0.5047 0.7484, 0.6369 -0.4962 0.7484, 0.6323 -0.5047 0.7484, 0.6328 -0.5075 0.7484, 0.6333 -0.5094 0.7484, 0.6624 -0.5629 0.7484, 0.6528 -0.5629 0.7484, 0.6369 -0.4962 0.748, 0.6624 -0.5629 0.748, 0.6277 -0.4962 0.748, 0.6023 -0.5629 0.748, 0.6118 -0.5629 0.748, 0.6183 -0.5447 0.748, 0.646 -0.5447 0.748, 0.6528 -0.5629 0.748, 0.621 -0.5371 0.748, 0.6434 -0.5371 0.748, 0.6333 -0.5094 0.748, 0.6323 -0.5047 0.748, 0.6328 -0.5075 0.748, 0.6321 -0.5047 0.748, 0.631 -0.5094 0.748, 0.6315 -0.5074 0.748
            ]
        }
        coordIndex [
            0,1,2,-1,2,1,3,-1,4,5,0,-1,0,5,6,-1,0,6,1,-1,1,6,7,-1,4,8,5,-1,5,8,9,-1,5,9,10,-1,10,9,11,-1,10,11,12,-1,12,13,10,-1,10,13,2,-1,10,2,14,-1,14,2,3,-1,14,3,15,-1,10,14,16,-1,16,14,17,-1,5,10,18,-1,18,10,16,-1,6,5,19,-1,19,5,18,-1,7,6,20,-1,20,6,19,-1,1,7,21,-1,21,7,20,-1,3,1,22,-1,22,1,21,-1,15,3,23,-1,23,3,22,-1,14,15,17,-1,17,15,23,-1,0,2,24,-1,24,2,25,-1,2,13,25,-1,25,13,26,-1,11,27,28,-1,11,28,12,-1,12,28,26,-1,12,26,13,-1,11,9,27,-1,27,9,29,-1,4,30,31,-1,4,31,8,-1,8,31,29,-1,8,29,9,-1,4,0,30,-1,30,0,24,-1,
        ]
    }
}
Shape{
    appearance Appearance {
        material  Material 	{
            diffuseColor 0.25098039215686274 0.25098039215686274 0.25098039215686274
            specularColor 0.25098039215686274 0.25098039215686274 0.25098039215686274
            ambientIntensity 0.251
            transparency 0.0
            shininess 0.5
        }
    }
    geometry IndexedFaceSet {
        ccw TRUE
        solid FALSE
        coord DEF co Coordinate {
            point [
                0.6323 -0.5047 0.748, 0.6321 -0.5047 0.748, 0.6328 -0.5075 0.748, 0.6315 -0.5074 0.748, 0.6333 -0.5094 0.748, 0.631 -0.5094 0.748, 0.6434 -0.5371 0.748, 0.621 -0.5371 0.748
            ]
        }
        coordIndex [
            0,1,2,-1,2,1,3,-1,2,3,4,-1,4,3,5,-1,4,5,6,-1,6,5,7,-1,
        ]
    }
}
Shape{
    appearance Appearance {
        material  Material 	{
            diffuseColor 1.0 1.0 1.0
            specularColor 0.5019607843137255 0.5019607843137255 0.5019607843137255
            ambientIntensity 1.0
            transparency 0.0
            shininess 0.5
        }
    }
    geometry IndexedFaceSet {
        ccw TRUE
        solid FALSE
        coord DEF co Coordinate {
            point [
                0.0163 -0.5723 0.7484, 0.0234 -0.5811 0.7484, 0.0121 -0.5304 0.7484, 0.0602 -0.5294 0.7484, 0.0646 -0.531 0.7484, 0.1041 -0.5423 0.7484, 0.0684 -0.5336 0.7484, 0.0715 -0.537 0.7484, 0.1705 -0.5072 0.7484, 0.1558 -0.482 0.7484, 0.0922 -0.5152 0.7484, 0.0562 -0.529 0.7484, 0.087 -0.4093 0.7484, 0.0738 -0.3838 0.7484, 0.0623 -0.3909 0.7484, 0.0017 -0.524 0.7484, 0.0039 -0.5598 0.7484, 0.0116 -0.5622 0.7484, 0.0735 -0.5409 0.7484, 0.0746 -0.5454 0.7484, 0.1041 -0.547 0.7484, 0.0746 -0.5495 0.7484, 0.0443 -0.5617 0.7484, 0.0482 -0.5642 0.7484, 0.0327 -0.5881 0.7484, 0.0527 -0.5656 0.7484, 0.0521 -0.5294 0.7484, 0.0453 -0.5005 0.7484, 0.0479 -0.5309 0.7484, 0.0349 -0.5045 0.7484, 0.0441 -0.5335 0.7484, 0.0252 -0.5112 0.7484, 0.041 -0.5369 0.7484, 0.0173 -0.5202 0.7484, 0.0388 -0.541 0.7484, 0.0378 -0.5456 0.7484, 0.1862 -0.4602 0.7484, 0.19 -0.4602 0.7484, 0.2094 -0.4346 0.7484, 0.199 -0.4613 0.7484, 0.2118 -0.4354 0.7484, 0.2072 -0.4645 0.7484, 0.2259 -0.4424 0.7484, 0.2387 -0.4533 0.7484, 0.0738 -0.419 0.7484, 0.0512 -0.4005 0.7484, 0.0632 -0.4318 0.7484, 0.0415 -0.4118 0.7484, 0.0562 -0.4464 0.7484, 0.0144 -0.4423 0.7484, 0.0262 -0.4396 0.7484, 0.0306 -0.4108 0.7484, 0.031 -0.4393 0.7484, 0.036 -0.4111 0.7484, 0.0421 -0.4407 0.7484, 0.0527 -0.4445 0.7484, 0.0739 -0.5023 0.7484, 0.0624 -0.4994 0.7484, 0.0566 -0.4991 0.7484, 0.2388 -0.5418 0.7484, 0.2167 -0.523 0.7484, 0.2258 -0.5528 0.7484, 0.2097 -0.5287 0.7484, 0.2113 -0.5598 0.7484, 0.2013 -0.5326 0.7484, 0.1956 -0.5631 0.7484, 0.1928 -0.5342 0.7484, 0.1677 -0.5631 0.7484, 0.1715 -0.5342 0.7484, 0.165 -0.5627 0.7484, -0.0068 -0.5153 0.7484, -0.0264 -0.5394 0.7484, -0.013 -0.5511 0.7484, -0.015 -0.4753 0.7484, -0.0461 -0.4827 0.7484, -0.0164 -0.4868 0.7484, -0.0463 -0.4877 0.7484, -0.0159 -0.494 0.7484, -0.0443 -0.5049 0.7484, -0.0125 -0.5056 0.7484, -0.0379 -0.5226 0.7484, -0.0278 -0.5378 0.7484, 0.0412 -0.5584 0.7484, 0.0391 -0.5545 0.7484, 0.0379 -0.5502 0.7484, 0.2146 -0.4696 0.7484, 0.2201 -0.4758 0.7484, 0.2484 -0.4668 0.7484, 0.2245 -0.484 0.7484, 0.2542 -0.4813 0.7484, 0.2267 -0.4931 0.7484, 0.2564 -0.4967 0.7484, 0.227 -0.4972 0.7484, 0.2542 -0.5138 0.7484, 0.2258 -0.5064 0.7484, 0.2482 -0.5288 0.7484, 0.2226 -0.5149 0.7484, 0.2173 -0.5223 0.7484, 0.1838 -0.3971 0.7484, 0.1658 -0.4194 0.7484, 0.1993 -0.4149 0.7484, 0.1764 -0.4324 0.7484, 0.1835 -0.4477 0.7484, 0.0133 -0.4128 0.7484, -0.0044 -0.4193 0.7484, 0.0039 -0.4479 0.7484, -0.0202 -0.4301 0.7484, -0.0044 -0.4553 0.7484, -0.024 -0.4336 0.7484, -0.0109 -0.4647 0.7484, -0.0347 -0.4471 0.7484, -0.0426 -0.464 0.7484, 0.0839 -0.5077 0.7484, 0.0957 -0.3753 0.7484, 0.1025 -0.4031 0.7484, 0.1193 -0.3724 0.7484, 0.1197 -0.4009 0.7484, 0.1388 -0.3745 0.7484, 0.1356 -0.4028 0.7484, 0.1626 -0.3829 0.7484, 0.1505 -0.4084 0.7484, 0.1638 -0.4176 0.7484, 0.1691 -0.5338 0.7484, 0.1577 -0.5582 0.7484, 0.1588 -0.5593 0.7484, 0.0436 -0.5927 0.7484, 0.0548 -0.5944 0.7484, 0.0562 -0.566 0.7484, 0.0566 -0.5944 0.7484, 0.0603 -0.5655 0.7484, 0.0681 -0.593 0.7484, 0.0645 -0.564 0.7484, 0.0787 -0.589 0.7484, 0.0682 -0.5616 0.7484, 0.0881 -0.5824 0.7484, 0.0713 -0.5582 0.7484, 0.0955 -0.5742 0.7484, 0.0735 -0.5541 0.7484, 0.1011 -0.5636 0.7484, 0.1038 -0.5519 0.7484, 0.1705 -0.5341 0.7484, 0.1618 -0.5615 0.7484, 0.1539 -0.5484 0.7484, 0.1544 -0.552 0.7484, 0.1556 -0.5552 0.7484, 0.165 -0.5342 0.7484, 0.1617 -0.5354 0.7484, 0.154 -0.5468 0.7484, 0.1588 -0.5375 0.7484, 0.1567 -0.5399 0.7484, 0.1549 -0.5432 0.7484, 0.1686 -0.5337 0.7484, 0.2564 -0.4967 0.748, 0.2542 -0.4813 0.748, 0.2419 -0.4576 0.748, 0.2526 -0.4772 0.748, 0.2484 -0.4668 0.748, 0.2387 -0.4533 0.748, 0.2259 -0.4424 0.748, 0.2118 -0.4354 0.748, 0.2094 -0.4346 0.748, 0.1993 -0.4149 0.748, 0.1838 -0.3971 0.748, 0.1729 -0.3898 0.748, 0.1626 -0.3829 0.748, 0.1388 -0.3745 0.748, 0.1193 -0.3724 0.748, 0.0623 -0.3909 0.748, 0.0642 -0.3898 0.748, 0.0738 -0.3838 0.748, 0.0957 -0.3753 0.748, 0.0512 -0.4005 0.748, 0.0415 -0.4118 0.748, 0.036 -0.4111 0.748, 0.0306 -0.4108 0.748, 0.0133 -0.4128 0.748, -0.0044 -0.4193 0.748, -0.0202 -0.4301 0.748, -0.024 -0.4336 0.748, -0.0463 -0.4877 0.748, -0.0347 -0.4471 0.748, -0.0396 -0.4576 0.748, -0.0426 -0.464 0.748, -0.0451 -0.4772 0.748, -0.0461 -0.4827 0.748, -0.0443 -0.5049 0.748, -0.0379 -0.5226 0.748, -0.0278 -0.5378 0.748, -0.0264 -0.5394 0.748, -0.013 -0.5511 0.748, 0.0039 -0.5598 0.748, 0.0116 -0.5622 0.748, 0.0122 -0.5635 0.748, 0.0163 -0.5723 0.748, 0.0234 -0.5811 0.748, 0.0327 -0.5881 0.748, 0.037 -0.5899 0.748, 0.0436 -0.5927 0.748, 0.0548 -0.5944 0.748, 0.0566 -0.5944 0.748, 0.1041 -0.547 0.748, 0.0681 -0.593 0.748, 0.0763 -0.5899 0.748, 0.0787 -0.589 0.748, 0.0881 -0.5824 0.748, 0.0955 -0.5742 0.748, 0.1011 -0.5636 0.748, 0.1011 -0.5635 0.748, 0.1038 -0.5519 0.748, 0.1041 -0.5423 0.748, 0.1705 -0.5072 0.748, 0.1558 -0.482 0.748, 0.0922 -0.5152 0.748, 0.0839 -0.5077 0.748, 0.0739 -0.5023 0.748, 0.0624 -0.4994 0.748, 0.0566 -0.4991 0.748, 0.0453 -0.5005 0.748, 0.0349 -0.5045 0.748, 0.0252 -0.5112 0.748, 0.0173 -0.5202 0.748, 0.0121 -0.5304 0.748, 0.0017 -0.524 0.748, -0.0068 -0.5153 0.748, -0.0125 -0.5056 0.748, -0.0159 -0.494 0.748, -0.0164 -0.4868 0.748, -0.0152 -0.4772 0.748, -0.015 -0.4753 0.748, -0.0109 -0.4647 0.748, -0.006 -0.4576 0.748, -0.0044 -0.4553 0.748, 0.0039 -0.4479 0.748, 0.0144 -0.4423 0.748, 0.0262 -0.4396 0.748, 0.031 -0.4393 0.748, 0.0421 -0.4407 0.748, 0.0527 -0.4445 0.748, 0.0562 -0.4464 0.748, 0.0632 -0.4318 0.748, 0.0738 -0.419 0.748, 0.087 -0.4093 0.748, 0.1025 -0.4031 0.748, 0.1197 -0.4009 0.748, 0.1862 -0.4602 0.748, 0.1856 -0.4576 0.748, 0.1835 -0.4477 0.748, 0.1764 -0.4324 0.748, 0.1658 -0.4194 0.748, 0.1638 -0.4176 0.748, 0.1505 -0.4084 0.748, 0.1356 -0.4028 0.748, 0.19 -0.4602 0.748, 0.199 -0.4613 0.748, 0.2072 -0.4645 0.748, 0.2146 -0.4696 0.748, 0.2201 -0.4758 0.748, 0.2209 -0.4772 0.748, 0.2245 -0.484 0.748, 0.2267 -0.4931 0.748, 0.227 -0.4972 0.748, 0.2258 -0.5064 0.748, 0.2226 -0.5149 0.748, 0.2173 -0.5223 0.748, 0.2167 -0.523 0.748, 0.2097 -0.5287 0.748, 0.2013 -0.5326 0.748, 0.1928 -0.5342 0.748, 0.1715 -0.5342 0.748, 0.1705 -0.5341 0.748, 0.1691 -0.5338 0.748, 0.1686 -0.5337 0.748, 0.165 -0.5342 0.748, 0.1617 -0.5354 0.748, 0.1588 -0.5375 0.748, 0.1567 -0.5399 0.748, 0.1549 -0.5432 0.748, 0.154 -0.5468 0.748, 0.1539 -0.5484 0.748, 0.1544 -0.552 0.748, 0.1556 -0.5552 0.748, 0.1577 -0.5582 0.748, 0.1588 -0.5593 0.748, 0.1618 -0.5615 0.748, 0.165 -0.5627 0.748, 0.1677 -0.5631 0.748, 0.1956 -0.5631 0.748, 0.2113 -0.5598 0.748, 0.2258 -0.5528 0.748, 0.2388 -0.5418 0.748, 0.2482 -0.5288 0.748, 0.2542 -0.5138 0.748, 0.0562 -0.529 0.748, 0.0602 -0.5294 0.748, 0.0646 -0.531 0.748, 0.0684 -0.5336 0.748, 0.0715 -0.537 0.748, 0.0735 -0.5409 0.748, 0.0746 -0.5454 0.748, 0.0746 -0.5495 0.748, 0.0735 -0.5541 0.748, 0.0713 -0.5582 0.748, 0.0682 -0.5616 0.748, 0.0645 -0.564 0.748, 0.0603 -0.5655 0.748, 0.0562 -0.566 0.748, 0.0527 -0.5656 0.748, 0.0482 -0.5642 0.748, 0.0443 -0.5617 0.748, 0.0412 -0.5584 0.748, 0.0391 -0.5545 0.748, 0.0379 -0.5502 0.748, 0.0378 -0.5456 0.748, 0.0388 -0.541 0.748, 0.041 -0.5369 0.748, 0.0441 -0.5335 0.748, 0.0479 -0.5309 0.748, 0.0521 -0.5294 0.748
            ]
        }
        coordIndex [
            0,1,2,-1,3,4,5,-1,5,4,6,-1,5,6,7,-1,8,9,5,-1,5,9,10,-1,5,10,3,-1,3,10,11,-1,12,13,14,-1,15,16,2,-1,2,16,17,-1,2,17,0,-1,7,18,5,-1,5,18,19,-1,5,19,20,-1,20,19,21,-1,22,1,23,-1,23,1,24,-1,23,24,25,-1,26,27,28,-1,28,27,29,-1,28,29,30,-1,30,29,31,-1,30,31,32,-1,32,31,33,-1,32,33,34,-1,34,33,2,-1,34,2,35,-1,36,37,38,-1,38,37,39,-1,38,39,40,-1,40,39,41,-1,40,41,42,-1,42,41,43,-1,12,14,44,-1,44,14,45,-1,44,45,46,-1,46,45,47,-1,46,47,48,-1,49,50,51,-1,51,50,52,-1,51,52,53,-1,53,52,54,-1,53,54,47,-1,47,54,55,-1,47,55,48,-1,56,57,26,-1,26,57,58,-1,26,58,27,-1,59,60,61,-1,61,60,62,-1,61,62,63,-1,63,62,64,-1,63,64,65,-1,65,64,66,-1,65,66,67,-1,67,66,68,-1,67,68,69,-1,70,71,15,-1,15,71,72,-1,15,72,16,-1,73,74,75,-1,75,74,76,-1,75,76,77,-1,77,76,78,-1,77,78,79,-1,79,78,80,-1,79,80,70,-1,70,80,81,-1,70,81,71,-1,22,82,1,-1,1,82,83,-1,1,83,2,-1,2,83,84,-1,2,84,35,-1,41,85,43,-1,43,85,86,-1,43,86,87,-1,87,86,88,-1,87,88,89,-1,89,88,90,-1,89,90,91,-1,91,90,92,-1,91,92,93,-1,93,92,94,-1,93,94,95,-1,95,94,96,-1,95,96,59,-1,59,96,97,-1,59,97,60,-1,98,99,100,-1,100,99,101,-1,100,101,38,-1,38,101,102,-1,38,102,36,-1,51,103,49,-1,49,103,104,-1,49,104,105,-1,105,104,106,-1,105,106,107,-1,107,106,108,-1,107,108,109,-1,109,108,110,-1,109,110,73,-1,73,110,111,-1,73,111,74,-1,11,10,26,-1,26,10,112,-1,26,112,56,-1,13,12,113,-1,113,12,114,-1,113,114,115,-1,115,114,116,-1,115,116,117,-1,117,116,118,-1,117,118,119,-1,119,118,120,-1,119,120,98,-1,98,120,121,-1,98,121,99,-1,122,123,124,-1,24,125,25,-1,25,125,126,-1,25,126,127,-1,127,126,128,-1,127,128,129,-1,129,128,130,-1,129,130,131,-1,131,130,132,-1,131,132,133,-1,133,132,134,-1,133,134,135,-1,135,134,136,-1,135,136,137,-1,137,136,138,-1,137,138,21,-1,21,138,139,-1,21,139,20,-1,68,140,69,-1,69,140,122,-1,69,122,141,-1,141,122,124,-1,142,143,122,-1,122,143,144,-1,122,144,123,-1,145,146,147,-1,146,148,147,-1,147,148,149,-1,147,149,150,-1,142,122,147,-1,147,122,151,-1,147,151,145,-1,91,152,153,-1,154,43,87,-1,91,153,89,-1,89,153,155,-1,89,155,87,-1,87,155,156,-1,87,156,154,-1,154,157,43,-1,43,157,158,-1,43,158,42,-1,42,158,159,-1,42,159,40,-1,40,159,160,-1,40,160,38,-1,38,160,161,-1,38,161,100,-1,100,161,162,-1,100,162,98,-1,119,98,163,-1,163,98,162,-1,163,164,119,-1,119,164,165,-1,119,165,117,-1,117,165,166,-1,117,166,115,-1,167,14,168,-1,168,14,13,-1,168,13,169,-1,169,13,113,-1,169,113,170,-1,170,113,115,-1,170,115,166,-1,14,167,171,-1,14,171,45,-1,45,171,172,-1,45,172,47,-1,47,172,173,-1,47,173,53,-1,53,173,174,-1,53,174,51,-1,51,174,175,-1,51,175,103,-1,103,175,176,-1,103,176,104,-1,104,176,177,-1,104,177,106,-1,106,177,178,-1,106,178,108,-1,179,76,74,-1,108,178,180,-1,108,180,110,-1,110,180,181,-1,110,181,111,-1,181,182,111,-1,111,182,183,-1,111,183,74,-1,74,183,184,-1,74,184,179,-1,76,179,185,-1,76,185,78,-1,78,185,186,-1,78,186,80,-1,80,186,187,-1,80,187,81,-1,81,187,188,-1,81,188,71,-1,71,188,189,-1,71,189,72,-1,72,189,190,-1,72,190,16,-1,16,190,191,-1,16,191,17,-1,17,191,192,-1,17,192,0,-1,192,193,0,-1,0,193,194,-1,0,194,1,-1,1,194,195,-1,1,195,24,-1,24,195,196,-1,24,196,125,-1,196,197,125,-1,125,197,198,-1,125,198,126,-1,126,198,199,-1,126,199,128,-1,200,20,139,-1,128,199,201,-1,128,201,130,-1,130,201,202,-1,130,202,132,-1,202,203,132,-1,132,203,204,-1,132,204,134,-1,134,204,205,-1,134,205,136,-1,136,205,206,-1,136,206,138,-1,138,206,207,-1,138,207,139,-1,139,207,208,-1,139,208,200,-1,5,20,209,-1,209,20,200,-1,8,5,210,-1,210,5,209,-1,9,8,211,-1,211,8,210,-1,10,9,212,-1,212,9,211,-1,10,212,213,-1,10,213,112,-1,112,213,214,-1,112,214,56,-1,56,214,215,-1,56,215,57,-1,57,215,216,-1,57,216,58,-1,58,216,217,-1,58,217,27,-1,27,217,218,-1,27,218,29,-1,29,218,219,-1,29,219,31,-1,31,219,220,-1,31,220,33,-1,33,220,221,-1,33,221,2,-1,2,221,222,-1,2,222,15,-1,15,222,223,-1,15,223,70,-1,70,223,224,-1,70,224,79,-1,79,224,225,-1,79,225,77,-1,77,225,226,-1,77,226,75,-1,73,75,227,-1,227,75,226,-1,227,228,73,-1,73,228,229,-1,73,229,109,-1,109,229,230,-1,109,230,107,-1,230,231,107,-1,107,231,232,-1,107,232,105,-1,105,232,233,-1,105,233,49,-1,49,233,234,-1,49,234,50,-1,50,234,235,-1,50,235,52,-1,52,235,236,-1,52,236,54,-1,54,236,237,-1,54,237,55,-1,55,237,238,-1,55,238,48,-1,48,238,239,-1,48,239,46,-1,46,239,240,-1,46,240,44,-1,44,240,241,-1,44,241,12,-1,12,241,242,-1,12,242,114,-1,114,242,243,-1,114,243,116,-1,244,36,245,-1,245,36,102,-1,245,102,246,-1,246,102,101,-1,246,101,247,-1,247,101,99,-1,247,99,248,-1,248,99,121,-1,248,121,249,-1,249,121,120,-1,249,120,250,-1,250,120,118,-1,250,118,251,-1,251,118,116,-1,251,116,243,-1,37,36,252,-1,252,36,244,-1,37,252,253,-1,37,253,39,-1,39,253,254,-1,39,254,41,-1,41,254,255,-1,41,255,85,-1,85,255,256,-1,85,256,86,-1,86,256,257,-1,86,257,88,-1,257,258,88,-1,88,258,259,-1,88,259,90,-1,90,259,260,-1,90,260,92,-1,92,260,261,-1,92,261,94,-1,94,261,262,-1,94,262,96,-1,96,262,263,-1,96,263,97,-1,97,263,264,-1,97,264,60,-1,60,264,265,-1,60,265,62,-1,62,265,266,-1,62,266,64,-1,64,266,267,-1,64,267,66,-1,68,66,268,-1,268,66,267,-1,68,268,269,-1,68,269,140,-1,140,269,270,-1,140,270,122,-1,122,270,271,-1,122,271,151,-1,151,271,272,-1,151,272,145,-1,145,272,273,-1,145,273,146,-1,146,273,274,-1,146,274,148,-1,148,274,275,-1,148,275,149,-1,149,275,276,-1,149,276,150,-1,150,276,277,-1,150,277,147,-1,147,277,278,-1,147,278,142,-1,142,278,279,-1,142,279,143,-1,143,279,280,-1,143,280,144,-1,144,280,281,-1,144,281,123,-1,123,281,282,-1,123,282,124,-1,124,282,283,-1,124,283,141,-1,141,283,284,-1,141,284,69,-1,69,284,285,-1,69,285,67,-1,65,67,286,-1,286,67,285,-1,65,286,287,-1,65,287,63,-1,63,287,288,-1,63,288,61,-1,61,288,289,-1,61,289,59,-1,59,289,290,-1,59,290,95,-1,95,290,291,-1,95,291,93,-1,93,291,152,-1,93,152,91,-1,11,292,293,-1,11,293,3,-1,3,293,294,-1,3,294,4,-1,4,294,295,-1,4,295,6,-1,6,295,296,-1,6,296,7,-1,7,296,297,-1,7,297,18,-1,18,297,298,-1,18,298,19,-1,19,298,299,-1,19,299,21,-1,21,299,300,-1,21,300,137,-1,137,300,301,-1,137,301,135,-1,135,301,302,-1,135,302,133,-1,133,302,303,-1,133,303,131,-1,131,303,304,-1,131,304,129,-1,129,304,305,-1,129,305,127,-1,127,305,306,-1,127,306,25,-1,25,306,307,-1,25,307,23,-1,23,307,308,-1,23,308,22,-1,22,308,309,-1,22,309,82,-1,82,309,310,-1,82,310,83,-1,83,310,311,-1,83,311,84,-1,84,311,312,-1,84,312,35,-1,35,312,313,-1,35,313,34,-1,34,313,314,-1,34,314,32,-1,32,314,315,-1,32,315,30,-1,30,315,316,-1,30,316,28,-1,28,316,317,-1,28,317,26,-1,26,317,292,-1,26,292,11,-1,
        ]
    }
}
Shape{
    appearance Appearance {
        material  Material 	{
            diffuseColor 0.25098039215686274 0.25098039215686274 0.25098039215686274
            specularColor 0.25098039215686274 0.25098039215686274 0.25098039215686274
            ambientIntensity 0.251
            transparency 0.0
            shininess 0.5
        }
    }
    geometry IndexedFaceSet {
        ccw TRUE
        solid FALSE
        coord DEF co Coordinate {
            point [
                0.0527 -0.5656 0.748, 0.0562 -0.566 0.748, 0.0562 -0.529 0.748, 0.0603 -0.5655 0.748, 0.0746 -0.5454 0.748, 0.0746 -0.5495 0.748, 0.0645 -0.564 0.748, 0.0479 -0.5309 0.748, 0.0412 -0.5584 0.748, 0.0443 -0.5617 0.748, 0.0735 -0.5409 0.748, 0.0715 -0.537 0.748, 0.0684 -0.5336 0.748, 0.0391 -0.5545 0.748, 0.0441 -0.5335 0.748, 0.0379 -0.5502 0.748, 0.0521 -0.5294 0.748, 0.0482 -0.5642 0.748, 0.0682 -0.5616 0.748, 0.0713 -0.5582 0.748, 0.0735 -0.5541 0.748, 0.0646 -0.531 0.748, 0.0602 -0.5294 0.748, 0.0378 -0.5456 0.748, 0.041 -0.5369 0.748, 0.0388 -0.541 0.748
            ]
        }
        coordIndex [
            0,1,2,-1,2,1,3,-1,4,3,5,-1,5,3,6,-1,7,8,9,-1,4,10,3,-1,3,10,11,-1,3,11,12,-1,8,7,13,-1,13,7,14,-1,13,14,15,-1,2,16,0,-1,0,16,7,-1,0,7,17,-1,17,7,9,-1,6,18,5,-1,5,18,19,-1,5,19,20,-1,12,21,3,-1,3,21,22,-1,3,22,2,-1,15,14,23,-1,23,14,24,-1,23,24,25,-1,
        ]
    }
}