#VRML V2.0 utf8
# 3D model generated by easyeda2kicad.py (https://github.com/uPesy/easyeda2kicad.py)

Shape{
    appearance Appearance {
        material  Material 	{
            diffuseColor 1.0 1.0 1.0
            specularColor 0.5019607843137255 0.5019607843137255 0.5019607843137255
            ambientIntensity 1.0
            transparency 0.0
            shininess 0.5
        }
    }
    geometry IndexedFaceSet {
        ccw TRUE
        solid FALSE
        coord DEF co Coordinate {
            point [
                0.417 -1.0624 0.3169, 0.417 -1.0624 0.313, 0.4216 -1.0623 0.313, 0.4216 -1.0623 0.3169, 0.4258 -1.0618 0.313, 0.4258 -1.0618 0.3169, 0.4296 -1.061 0.313, 0.4296 -1.061 0.3169, 0.4331 -1.06 0.313, 0.4331 -1.06 0.3169, 0.4362 -1.0588 0.313, 0.4362 -1.0588 0.3169, 0.4377 -1.0581 0.313, 0.4377 -1.0581 0.3169, 0.4377 -1.0488 0.3169, 0.4377 -1.0488 0.313, 0.4349 -1.0503 0.313, 0.4349 -1.0503 0.3169, 0.4319 -1.0516 0.313, 0.4319 -1.0516 0.3169, 0.4288 -1.0525 0.313, 0.4288 -1.0525 0.3169, 0.4254 -1.0533 0.313, 0.4254 -1.0533 0.3169, 0.4219 -1.0537 0.313, 0.4219 -1.0537 0.3169, 0.4184 -1.0538 0.313, 0.4184 -1.0538 0.3169, 0.4151 -1.0536 0.313, 0.4151 -1.0536 0.3169, 0.4121 -1.0532 0.313, 0.4121 -1.0532 0.3169, 0.4092 -1.0524 0.313, 0.4092 -1.0524 0.3169, 0.4066 -1.0514 0.313, 0.4066 -1.0514 0.3169, 0.4042 -1.0501 0.313, 0.4042 -1.0501 0.3169, 0.402 -1.0485 0.313, 0.402 -1.0485 0.3169, 0.3999 -1.0466 0.313, 0.3999 -1.0466 0.3169, 0.3992 -1.0459 0.313, 0.3992 -1.0459 0.3169, 0.3973 -1.0437 0.313, 0.3973 -1.0437 0.3169, 0.3958 -1.0413 0.313, 0.3958 -1.0413 0.3169, 0.3945 -1.0388 0.313, 0.3945 -1.0388 0.3169, 0.3934 -1.036 0.313, 0.3934 -1.036 0.3169, 0.3926 -1.033 0.313, 0.3926 -1.033 0.3169, 0.3921 -1.0297 0.313, 0.3921 -1.0297 0.3169, 0.3918 -1.0261 0.313, 0.3918 -1.0261 0.3169, 0.3918 -1.0246 0.313, 0.3918 -1.0246 0.3169, 0.392 -1.0207 0.313, 0.392 -1.0207 0.3169, 0.3924 -1.0171 0.313, 0.3924 -1.0171 0.3169, 0.3932 -1.0137 0.313, 0.3932 -1.0137 0.3169, 0.3942 -1.0107 0.313, 0.3942 -1.0107 0.3169, 0.3955 -1.0079 0.313, 0.3955 -1.0079 0.3169, 0.397 -1.0054 0.313, 0.397 -1.0054 0.3169, 0.3988 -1.0031 0.313, 0.3988 -1.0031 0.3169, 0.3997 -1.002 0.313, 0.3997 -1.002 0.3169, 0.4018 -1.0 0.313, 0.4018 -1.0 0.3169, 0.4041 -0.9982 0.313, 0.4041 -0.9982 0.3169, 0.4066 -0.9968 0.313, 0.4066 -0.9968 0.3169, 0.4092 -0.9956 0.313, 0.4092 -0.9956 0.3169, 0.4119 -0.9947 0.313, 0.4119 -0.9947 0.3169, 0.4149 -0.9941 0.313, 0.4149 -0.9941 0.3169, 0.418 -0.9938 0.313, 0.418 -0.9938 0.3169, 0.4201 -0.9937 0.313, 0.4201 -0.9937 0.3169, 0.4237 -0.9939 0.313, 0.4237 -0.9939 0.3169, 0.4271 -0.9944 0.313, 0.4271 -0.9944 0.3169, 0.4304 -0.9952 0.313, 0.4304 -0.9952 0.3169, 0.4336 -0.9962 0.313, 0.4336 -0.9962 0.3169, 0.4366 -0.9976 0.313, 0.4366 -0.9976 0.3169, 0.4377 -0.9982 0.313, 0.4377 -0.9982 0.3169, 0.4377 -0.9881 0.3169, 0.4377 -0.9881 0.313, 0.4348 -0.987 0.313, 0.4348 -0.987 0.3169, 0.4316 -0.9861 0.313, 0.4316 -0.9861 0.3169, 0.428 -0.9855 0.313, 0.428 -0.9855 0.3169, 0.424 -0.9851 0.313, 0.424 -0.9851 0.3169, 0.42 -0.985 0.313, 0.42 -0.985 0.3169, 0.4161 -0.9852 0.313, 0.4161 -0.9852 0.3169, 0.4123 -0.9856 0.313, 0.4123 -0.9856 0.3169, 0.4088 -0.9864 0.313, 0.4088 -0.9864 0.3169, 0.4056 -0.9875 0.313, 0.4056 -0.9875 0.3169, 0.4025 -0.9888 0.313, 0.4025 -0.9888 0.3169, 0.3995 -0.9904 0.313, 0.3995 -0.9904 0.3169, 0.3968 -0.9923 0.313, 0.3968 -0.9923 0.3169, 0.3941 -0.9945 0.313, 0.3941 -0.9945 0.3169, 0.3925 -0.996 0.313, 0.3925 -0.996 0.3169, 0.3902 -0.9986 0.313, 0.3902 -0.9986 0.3169, 0.3882 -1.0013 0.313, 0.3882 -1.0013 0.3169, 0.3864 -1.0042 0.313, 0.3864 -1.0042 0.3169, 0.385 -1.0073 0.313, 0.385 -1.0073 0.3169, 0.3838 -1.0105 0.313, 0.3838 -1.0105 0.3169, 0.3828 -1.014 0.313, 0.3828 -1.014 0.3169, 0.3822 -1.0177 0.313, 0.3822 -1.0177 0.3169, 0.3818 -1.0216 0.313, 0.3818 -1.0216 0.3169, 0.3817 -1.0251 0.313, 0.3817 -1.0251 0.3169, 0.3818 -1.0293 0.313, 0.3818 -1.0293 0.3169, 0.3823 -1.0333 0.313, 0.3823 -1.0333 0.3169, 0.383 -1.037 0.313, 0.383 -1.037 0.3169, 0.3841 -1.0404 0.313, 0.3841 -1.0404 0.3169, 0.3854 -1.0435 0.313, 0.3854 -1.0435 0.3169, 0.3869 -1.0464 0.313, 0.3869 -1.0464 0.3169, 0.3887 -1.0492 0.313, 0.3887 -1.0492 0.3169, 0.3907 -1.0515 0.313, 0.3907 -1.0515 0.3169, 0.3913 -1.0522 0.313, 0.3913 -1.0522 0.3169, 0.3936 -1.0544 0.313, 0.3936 -1.0544 0.3169, 0.3961 -1.0564 0.313, 0.3961 -1.0564 0.3169, 0.3987 -1.0581 0.313, 0.3987 -1.0581 0.3169, 0.4016 -1.0595 0.313, 0.4016 -1.0595 0.3169, 0.4045 -1.0606 0.313, 0.4045 -1.0606 0.3169, 0.4077 -1.0615 0.313, 0.4077 -1.0615 0.3169, 0.4111 -1.0621 0.313, 0.4111 -1.0621 0.3169, 0.4148 -1.0624 0.313, 0.4148 -1.0624 0.3169, 0.6869 -1.151 0.3169, 0.6839 -1.1595 0.3169, 0.7121 -1.151 0.3169, 0.715 -1.1595 0.3169, 0.6981 -1.1199 0.3169, 0.6945 -1.1051 0.3169, 0.666 -1.1799 0.3169, 0.6767 -1.1799 0.3169, 0.6988 -1.1176 0.3169, 0.6994 -1.1146 0.3169, 0.7048 -1.1051 0.3169, 0.6996 -1.1146 0.3169, 0.7002 -1.1178 0.3169, 0.7008 -1.1199 0.3169, 0.7334 -1.1799 0.3169, 0.7227 -1.1799 0.3169, 0.6839 -1.1595 0.313, 0.6869 -1.151 0.313, 0.715 -1.1595 0.313, 0.7121 -1.151 0.313, 0.7008 -1.1199 0.313, 0.7048 -1.1051 0.313, 0.7334 -1.1799 0.313, 0.7227 -1.1799 0.313, 0.7002 -1.1178 0.313, 0.6996 -1.1146 0.313, 0.6945 -1.1051 0.313, 0.6994 -1.1146 0.313, 0.6988 -1.1176 0.313, 0.6981 -1.1199 0.313, 0.666 -1.1799 0.313, 0.6767 -1.1799 0.313, 0.0164 -1.2003 0.3169, 0.0222 -1.2052 0.3169, 0.0036 -1.1435 0.3169, 0.0493 -1.0471 0.3169, 0.0531 -1.0492 0.3169, 0.0366 -1.0104 0.3169, 0.0936 -1.1264 0.3169, 0.0531 -1.1419 0.3169, 0.0567 -1.1422 0.3169, 0.1069 -1.1621 0.3169, 0.0738 -1.1644 0.3169, 0.1065 -1.1689 0.3169, 0.0727 -1.1696 0.3169, 0.0842 -1.0096 0.3169, 0.0933 -1.0048 0.3169, 0.0767 -0.977 0.3169, 0.1901 -1.037 0.3169, 0.1945 -1.0464 0.3169, 0.2251 -1.0359 0.3169, 0.1976 -1.0563 0.3169, 0.199 -1.0647 0.3169, 0.0366 -1.15 0.3169, 0.006 -1.138 0.3169, 0.034 -1.1545 0.3169, 0.0326 -1.1596 0.3169, 0.2192 -1.1447 0.3169, 0.2118 -1.147 0.3169, 0.2197 -1.1786 0.3169, 0.0031 -1.1791 0.3169, 0.0064 -1.1869 0.3169, 0.0108 -1.194 0.3169, 0.0697 -1.1502 0.3169, 0.0722 -1.1544 0.3169, 0.0736 -1.1593 0.3169, 0.1814 -1.1174 0.3169, 0.1649 -1.0892 0.3169, 0.1069 -1.1568 0.3169, 0.0481 -1.1425 0.3169, 0.0564 -1.1084 0.3169, 0.0537 -1.1083 0.3169, 0.0096 -1.0435 0.3169, 0.0027 -1.0121 0.3169, -0.0076 -1.0155 0.3169, 0.0618 -1.1437 0.3169, 0.0662 -1.1465 0.3169, 0.0703 -1.1742 0.3169, 0.1014 -1.1856 0.3169, 0.1046 -1.1775 0.3169, 0.0392 -1.178 0.3169, 0.0435 -1.181 0.3169, 0.0296 -1.2097 0.3169, 0.0484 -1.1828 0.3169, 0.0435 -1.1443 0.3169, 0.0229 -1.1183 0.3169, 0.0393 -1.1472 0.3169, 0.0163 -1.1239 0.3169, 0.0106 -1.1305 0.3169, 0.0452 -1.109 0.3169, 0.0371 -1.111 0.3169, 0.0294 -1.1143 0.3169, 0.2097 -1.1802 0.3169, 0.2065 -1.1477 0.3169, 0.1782 -1.1802 0.3169, 0.1825 -1.1477 0.3169, 0.1756 -1.1798 0.3169, 0.088 -0.9723 0.3169, 0.103 -1.0012 0.3169, 0.0997 -0.9689 0.3169, -0.004 -1.1392 0.3169, -0.0131 -1.1732 0.3169, -0.0029 -1.1774 0.3169, 0.0014 -1.0467 0.3169, -0.0176 -1.0202 0.3169, -0.006 -1.0513 0.3169, -0.0269 -1.0263 0.3169, -0.0127 -1.0569 0.3169, 0.0876 -1.1205 0.3169, 0.0806 -1.1156 0.3169, 0.0729 -1.1119 0.3169, 0.0645 -1.1094 0.3169, 0.243 -1.0943 0.3169, 0.2712 -1.0768 0.3169, 0.2401 -1.0871 0.3169, 0.2664 -1.0679 0.3169, 0.236 -1.0806 0.3169, 0.2603 -1.0596 0.3169, 0.2307 -1.075 0.3169, 0.2532 -1.0521 0.3169, 0.2246 -1.0706 0.3169, -0.0169 -1.1273 0.3169, -0.0395 -1.1536 0.3169, -0.0109 -1.1338 0.3169, -0.0314 -1.1614 0.3169, -0.0226 -1.1679 0.3169, 0.0134 -1.01 0.3169, 0.0181 -1.0417 0.3169, 0.0244 -1.0093 0.3169, 0.0249 -1.0412 0.3169, 0.0305 -1.0096 0.3169, 0.0332 -1.0419 0.3169, 0.0413 -1.0439 0.3169, 0.0359 -1.1741 0.3169, 0.0336 -1.1697 0.3169, 0.0325 -1.1648 0.3169, 0.2293 -1.1757 0.3169, 0.2385 -1.1715 0.3169, 0.226 -1.1412 0.3169, 0.2471 -1.1661 0.3169, 0.232 -1.1364 0.3169, 0.255 -1.1594 0.3169, 0.2344 -1.1339 0.3169, 0.2581 -1.1562 0.3169, 0.2388 -1.1278 0.3169, 0.0658 -0.9831 0.3169, 0.0601 -0.9869 0.3169, 0.076 -1.0157 0.3169, 0.0516 -0.9938 0.3169, 0.0686 -1.0228 0.3169, 0.0439 -1.0016 0.3169, 0.0623 -1.0309 0.3169, 0.0571 -1.0397 0.3169, 0.2204 -1.0252 0.3169, 0.2145 -1.0151 0.3169, 0.1845 -1.0283 0.3169, 0.2073 -1.0054 0.3169, 0.1777 -1.0205 0.3169, -0.0274 -1.1041 0.3169, -0.0591 -1.1172 0.3169, -0.0251 -1.1125 0.3169, -0.0556 -1.1276 0.3169, -0.0215 -1.1205 0.3169, -0.0509 -1.1376 0.3169, -0.0449 -1.147 0.3169, 0.0629 -1.181 0.3169, 0.0853 -1.2048 0.3169, 0.0669 -1.1781 0.3169, 0.0913 -1.1997 0.3169, 0.0969 -1.1931 0.3169, 0.0377 -1.2129 0.3169, 0.0463 -1.2148 0.3169, 0.0531 -1.1834 0.3169, 0.0537 -1.2153 0.3169, 0.0582 -1.1828 0.3169, 0.2441 -1.1138 0.3169, 0.2776 -1.1103 0.3169, 0.2448 -1.1062 0.3169, 0.2778 -1.1057 0.3169, 0.2446 -1.1018 0.3169, 0.2769 -1.0957 0.3169, 0.2747 -1.0861 0.3169, 0.2645 -1.1483 0.3169, 0.2696 -1.1397 0.3169, 0.2421 -1.121 0.3169, 0.2736 -1.1304 0.3169, 0.2763 -1.1205 0.3169, 0.0622 -1.2146 0.3169, 0.0703 -1.2126 0.3169, 0.0781 -1.2093 0.3169, 0.1799 -1.1472 0.3169, 0.167 -1.1745 0.3169, 0.1685 -1.1761 0.3169, 0.1239 -0.9662 0.3169, 0.1245 -0.9981 0.3169, 0.1277 -0.9663 0.3169, 0.1346 -0.9988 0.3169, -0.0223 -1.0701 0.3169, -0.055 -1.0618 0.3169, -0.0256 -1.0778 0.3169, -0.0586 -1.0721 0.3169, -0.0276 -1.0859 0.3169, -0.0609 -1.0829 0.3169, -0.0283 -1.0945 0.3169, -0.0618 -1.0933 0.3169, -0.0283 -1.096 0.3169, -0.0618 -1.0955 0.3169, -0.0611 -1.1065 0.3169, 0.2033 -1.0647 0.3169, 0.2108 -1.0654 0.3169, 0.2271 -1.0366 0.3169, 0.2179 -1.0673 0.3169, 0.236 -1.0404 0.3169, 0.245 -1.0456 0.3169, 0.1628 -1.1637 0.3169, 0.1633 -1.1675 0.3169, 0.1647 -1.1712 0.3169, 0.1815 -1.1476 0.3169, 0.1721 -1.1785 0.3169, 0.1116 -0.9669 0.3169, 0.1131 -0.999 0.3169, 0.1229 -0.9981 0.3169, 0.1753 -1.1477 0.3169, 0.1717 -1.1491 0.3169, 0.1629 -1.1621 0.3169, 0.1684 -1.1514 0.3169, 0.1658 -1.1543 0.3169, 0.1638 -1.158 0.3169, -0.035 -1.0331 0.3169, -0.0368 -1.0349 0.3169, -0.0178 -1.0628 0.3169, -0.044 -1.043 0.3169, -0.0501 -1.052 0.3169, 0.1793 -1.1472 0.3169, 0.1988 -0.9962 0.3169, 0.1963 -0.9939 0.3169, 0.1712 -1.0146 0.3169, 0.1862 -0.986 0.3169, 0.1628 -1.0088 0.3169, 0.1754 -0.9794 0.3169, 0.1538 -1.0042 0.3169, 0.1639 -0.974 0.3169, 0.1444 -1.0008 0.3169, 0.1521 -0.97 0.3169, 0.1399 -0.9674 0.3169, 0.1649 -1.0892 0.313, 0.1814 -1.1174 0.313, 0.0936 -1.1264 0.313, 0.1069 -1.1568 0.313, 0.0781 -1.2093 0.313, 0.0036 -1.1435 0.313, 0.0481 -1.1425 0.313, 0.0435 -1.1443 0.313, 0.034 -1.1545 0.313, 0.0326 -1.1596 0.313, -0.0226 -1.1679 0.313, 0.0325 -1.1648 0.313, -0.0131 -1.1732 0.313, 0.1069 -1.1621 0.313, 0.1065 -1.1689 0.313, 0.0853 -1.2048 0.313, 0.0913 -1.1997 0.313, -0.0109 -1.1338 0.313, -0.004 -1.1392 0.313, 0.0933 -1.0048 0.313, 0.0842 -1.0096 0.313, 0.0658 -0.9831 0.313, 0.0435 -1.181 0.313, 0.0222 -1.2052 0.313, 0.0392 -1.178 0.313, 0.0164 -1.2003 0.313, 0.0359 -1.1741 0.313, 0.0531 -1.1834 0.313, 0.0582 -1.1828 0.313, 0.0622 -1.2146 0.313, 0.0703 -1.1742 0.313, 0.0727 -1.1696 0.313, 0.0738 -1.1644 0.313, 0.0736 -1.1593 0.313, 0.0571 -1.0397 0.313, 0.0531 -1.0492 0.313, 0.0366 -1.0104 0.313, 0.0493 -1.0471 0.313, 0.0014 -1.0467 0.313, -0.0076 -1.0155 0.313, 0.0096 -1.0435 0.313, 0.0027 -1.0121 0.313, 0.0181 -1.0417 0.313, 0.0134 -1.01 0.313, 0.0249 -1.0412 0.313, -0.0314 -1.1614 0.313, -0.0395 -1.1536 0.313, -0.0169 -1.1273 0.313, -0.0449 -1.147 0.313, -0.0215 -1.1205 0.313, -0.0509 -1.1376 0.313, -0.0251 -1.1125 0.313, 0.0393 -1.1472 0.313, 0.0366 -1.15 0.313, 0.1845 -1.0283 0.313, 0.2145 -1.0151 0.313, 0.1901 -1.037 0.313, 0.2204 -1.0252 0.313, 0.1945 -1.0464 0.313, 0.2251 -1.0359 0.313, 0.1976 -1.0563 0.313, 0.0601 -0.9869 0.313, 0.076 -1.0157 0.313, 0.0516 -0.9938 0.313, 0.2179 -1.0673 0.313, 0.2108 -1.0654 0.313, 0.1046 -1.1775 0.313, 0.1014 -1.1856 0.313, 0.0969 -1.1931 0.313, 0.0413 -1.0439 0.313, 0.0332 -1.0419 0.313, 0.0305 -1.0096 0.313, 0.0244 -1.0093 0.313, 0.0439 -1.0016 0.313, 0.0686 -1.0228 0.313, 0.0623 -1.0309 0.313, 0.2421 -1.121 0.313, 0.2696 -1.1397 0.313, 0.2388 -1.1278 0.313, 0.2645 -1.1483 0.313, 0.2344 -1.1339 0.313, 0.2581 -1.1562 0.313, 0.232 -1.1364 0.313, 0.255 -1.1594 0.313, 0.226 -1.1412 0.313, 0.2401 -1.0871 0.313, 0.2712 -1.0768 0.313, 0.243 -1.0943 0.313, 0.2747 -1.0861 0.313, 0.2446 -1.1018 0.313, 0.2769 -1.0957 0.313, 0.2448 -1.1062 0.313, 0.2033 -1.0647 0.313, 0.199 -1.0647 0.313, 0.0108 -1.194 0.313, 0.0064 -1.1869 0.313, 0.0336 -1.1697 0.313, 0.0031 -1.1791 0.313, -0.0029 -1.1774 0.313, 0.0703 -1.2126 0.313, 0.0629 -1.181 0.313, 0.0669 -1.1781 0.313, 0.0531 -1.1419 0.313, 0.0564 -1.1084 0.313, 0.0567 -1.1422 0.313, 0.0645 -1.1094 0.313, 0.0618 -1.1437 0.313, 0.0537 -1.2153 0.313, 0.0463 -1.2148 0.313, 0.0484 -1.1828 0.313, 0.0377 -1.2129 0.313, 0.0296 -1.2097 0.313, 0.0729 -1.1119 0.313, 0.0806 -1.1156 0.313, 0.0662 -1.1465 0.313, 0.0876 -1.1205 0.313, 0.0697 -1.1502 0.313, 0.0722 -1.1544 0.313, 0.0294 -1.1143 0.313, 0.0371 -1.111 0.313, -0.0256 -1.0778 0.313, -0.055 -1.0618 0.313, -0.0223 -1.0701 0.313, -0.0501 -1.052 0.313, -0.0178 -1.0628 0.313, -0.0556 -1.1276 0.313, -0.0591 -1.1172 0.313, -0.0274 -1.1041 0.313, -0.0611 -1.1065 0.313, -0.0283 -1.096 0.313, -0.0618 -1.0955 0.313, -0.0283 -1.0945 0.313, -0.0618 -1.0933 0.313, -0.0276 -1.0859 0.313, -0.0609 -1.0829 0.313, -0.0586 -1.0721 0.313, 0.1685 -1.1761 0.313, 0.167 -1.1745 0.313, 0.1799 -1.1472 0.313, 0.1647 -1.1712 0.313, 0.2778 -1.1057 0.313, 0.2776 -1.1103 0.313, 0.2441 -1.1138 0.313, 0.2763 -1.1205 0.313, 0.2736 -1.1304 0.313, 0.2271 -1.0366 0.313, 0.236 -1.0404 0.313, 0.2246 -1.0706 0.313, 0.245 -1.0456 0.313, 0.2307 -1.075 0.313, 0.2532 -1.0521 0.313, 0.236 -1.0806 0.313, 0.2603 -1.0596 0.313, 0.2664 -1.0679 0.313, 0.0106 -1.1305 0.313, 0.0163 -1.1239 0.313, 0.0229 -1.1183 0.313, 0.0452 -1.109 0.313, 0.0537 -1.1083 0.313, -0.044 -1.043 0.313, -0.0368 -1.0349 0.313, -0.0127 -1.0569 0.313, -0.035 -1.0331 0.313, -0.006 -1.0513 0.313, -0.0269 -1.0263 0.313, -0.0176 -1.0202 0.313, 0.2471 -1.1661 0.313, 0.2385 -1.1715 0.313, 0.2192 -1.1447 0.313, 0.2293 -1.1757 0.313, 0.2118 -1.147 0.313, 0.2197 -1.1786 0.313, 0.2065 -1.1477 0.313, 0.2097 -1.1802 0.313, 0.1825 -1.1477 0.313, 0.1782 -1.1802 0.313, 0.1815 -1.1476 0.313, 0.1756 -1.1798 0.313, 0.1721 -1.1785 0.313, 0.1633 -1.1675 0.313, 0.1628 -1.1637 0.313, 0.1629 -1.1621 0.313, 0.006 -1.138 0.313, 0.1638 -1.158 0.313, 0.1658 -1.1543 0.313, 0.1684 -1.1514 0.313, 0.1717 -1.1491 0.313, 0.1712 -1.0146 0.313, 0.1963 -0.9939 0.313, 0.1777 -1.0205 0.313, 0.1988 -0.9962 0.313, 0.2073 -1.0054 0.313, 0.0767 -0.977 0.313, 0.088 -0.9723 0.313, 0.103 -1.0012 0.313, 0.0997 -0.9689 0.313, 0.1131 -0.999 0.313, 0.1116 -0.9669 0.313, 0.1229 -0.9981 0.313, 0.1239 -0.9662 0.313, 0.1245 -0.9981 0.313, 0.1277 -0.9663 0.313, 0.1346 -0.9988 0.313, 0.1399 -0.9674 0.313, 0.1444 -1.0008 0.313, 0.1521 -0.97 0.313, 0.1538 -1.0042 0.313, 0.1639 -0.974 0.313, 0.1628 -1.0088 0.313, 0.1754 -0.9794 0.313, 0.1862 -0.986 0.313, 0.1753 -1.1477 0.313, 0.1793 -1.1472 0.313, 0.5416 -1.0502 0.3169, 0.5467 -1.0574 0.3169, 0.5443 -1.0489 0.3169, 0.5499 -1.0558 0.3169, 0.5467 -1.0474 0.3169, 0.5528 -1.0539 0.3169, 0.549 -1.0457 0.3169, 0.5555 -1.0518 0.3169, 0.5499 -1.0448 0.3169, 0.5568 -1.0507 0.3169, 0.5518 -1.0428 0.3169, 0.5592 -1.0482 0.3169, 0.5534 -1.0405 0.3169, 0.5613 -1.0456 0.3169, 0.5548 -1.038 0.3169, 0.5631 -1.0428 0.3169, 0.556 -1.0354 0.3169, 0.5573 -1.0158 0.3169, 0.5667 -1.0119 0.3169, 0.5565 -1.0127 0.3169, 0.5656 -1.0087 0.3169, 0.5555 -1.0099 0.3169, 0.5643 -1.0058 0.3169, 0.5543 -1.0074 0.3169, 0.5627 -1.003 0.3169, 0.5528 -1.0052 0.3169, 0.5646 -1.0399 0.3169, 0.5659 -1.0368 0.3169, 0.5568 -1.0325 0.3169, 0.5668 -1.0336 0.3169, 0.5575 -1.0293 0.3169, 0.5675 -1.0301 0.3169, 0.5578 -1.0259 0.3169, 0.5679 -1.0264 0.3169, 0.5579 -1.023 0.3169, 0.5681 -1.0228 0.3169, 0.5578 -1.0193 0.3169, 0.5679 -1.0189 0.3169, 0.5674 -1.0153 0.3169, 0.5608 -1.0004 0.3169, 0.5587 -0.998 0.3169, 0.5511 -1.0032 0.3169, 0.5568 -0.9962 0.3169, 0.5497 -1.0019 0.3169, 0.554 -0.994 0.3169, 0.5474 -1.0002 0.3169, 0.5511 -0.992 0.3169, 0.5449 -0.9986 0.3169, 0.548 -0.9904 0.3169, 0.5422 -0.9974 0.3169, 0.5448 -0.989 0.3169, 0.5392 -0.9964 0.3169, 0.5413 -0.9879 0.3169, 0.5361 -0.9956 0.3169, 0.5377 -0.9871 0.3169, 0.5327 -0.9951 0.3169, 0.5339 -0.9865 0.3169, 0.529 -0.9949 0.3169, 0.5298 -0.9863 0.3169, 0.5281 -0.9949 0.3169, 0.5285 -0.9863 0.3169, 0.5168 -0.9949 0.3169, 0.5071 -0.9863 0.3169, 0.5168 -1.0526 0.3169, 0.5071 -1.0612 0.3169, 0.5277 -1.0526 0.3169, 0.5277 -1.0612 0.3169, 0.5316 -1.0525 0.3169, 0.532 -1.061 0.3169, 0.5353 -1.052 0.3169, 0.5361 -1.0605 0.3169, 0.5386 -1.0512 0.3169, 0.5399 -1.0597 0.3169, 0.5434 -1.0587 0.3169, 0.5474 -1.0002 0.313, 0.554 -0.994 0.313, 0.5497 -1.0019 0.313, 0.5568 -0.9962 0.313, 0.5511 -1.0032 0.313, 0.5587 -0.998 0.313, 0.5528 -1.0052 0.313, 0.5608 -1.0004 0.313, 0.5543 -1.0074 0.313, 0.5627 -1.003 0.313, 0.5555 -1.0099 0.313, 0.5643 -1.0058 0.313, 0.5565 -1.0127 0.313, 0.5443 -1.0489 0.313, 0.5467 -1.0574 0.313, 0.5416 -1.0502 0.313, 0.5434 -1.0587 0.313, 0.5386 -1.0512 0.313, 0.5399 -1.0597 0.313, 0.5353 -1.052 0.313, 0.5361 -1.0605 0.313, 0.5316 -1.0525 0.313, 0.532 -1.061 0.313, 0.5277 -1.0526 0.313, 0.5277 -1.0612 0.313, 0.5168 -1.0526 0.313, 0.5071 -1.0612 0.313, 0.5168 -0.9949 0.313, 0.5071 -0.9863 0.313, 0.5281 -0.9949 0.313, 0.5285 -0.9863 0.313, 0.529 -0.9949 0.313, 0.5298 -0.9863 0.313, 0.5327 -0.9951 0.313, 0.5339 -0.9865 0.313, 0.5361 -0.9956 0.313, 0.5377 -0.9871 0.313, 0.5392 -0.9964 0.313, 0.5413 -0.9879 0.313, 0.5422 -0.9974 0.313, 0.5448 -0.989 0.313, 0.5449 -0.9986 0.313, 0.548 -0.9904 0.313, 0.5511 -0.992 0.313, 0.5568 -1.0325 0.313, 0.5659 -1.0368 0.313, 0.556 -1.0354 0.313, 0.5646 -1.0399 0.313, 0.5548 -1.038 0.313, 0.5631 -1.0428 0.313, 0.5534 -1.0405 0.313, 0.5613 -1.0456 0.313, 0.5518 -1.0428 0.313, 0.5592 -1.0482 0.313, 0.5499 -1.0448 0.313, 0.5568 -1.0507 0.313, 0.549 -1.0457 0.313, 0.5555 -1.0518 0.313, 0.5467 -1.0474 0.313, 0.5528 -1.0539 0.313, 0.5499 -1.0558 0.313, 0.5656 -1.0087 0.313, 0.5667 -1.0119 0.313, 0.5573 -1.0158 0.313, 0.5674 -1.0153 0.313, 0.5578 -1.0193 0.313, 0.5679 -1.0189 0.313, 0.5579 -1.023 0.313, 0.5681 -1.0228 0.313, 0.5578 -1.0259 0.313, 0.5679 -1.0264 0.313, 0.5575 -1.0293 0.313, 0.5675 -1.0301 0.313, 0.5668 -1.0336 0.313, 0.5266 -1.1265 0.3169, 0.5364 -1.1265 0.3169, 0.5266 -1.1265 0.313, 0.5364 -1.1265 0.313, 0.512 -1.1667 0.3169, 0.512 -1.1667 0.313, 0.5113 -1.1692 0.313, 0.5113 -1.1692 0.3169, 0.5109 -1.171 0.313, 0.5109 -1.171 0.3169, 0.5106 -1.171 0.3169, 0.5106 -1.171 0.313, 0.5095 -1.1666 0.3169, 0.5095 -1.1666 0.313, 0.4955 -1.1265 0.3169, 0.4955 -1.1265 0.313, 0.485 -1.1265 0.3169, 0.485 -1.1265 0.313, 0.506 -1.1798 0.3169, 0.506 -1.1798 0.313, 0.5019 -1.1895 0.3169, 0.5019 -1.1895 0.313, 0.5008 -1.1918 0.313, 0.5008 -1.1918 0.3169, 0.4997 -1.1934 0.313, 0.4997 -1.1934 0.3169, 0.4984 -1.1948 0.313, 0.4984 -1.1948 0.3169, 0.497 -1.1958 0.313, 0.497 -1.1958 0.3169, 0.4955 -1.1965 0.313, 0.4955 -1.1965 0.3169, 0.4939 -1.197 0.313, 0.4939 -1.197 0.3169, 0.4923 -1.1971 0.313, 0.4923 -1.1971 0.3169, 0.4903 -1.1969 0.313, 0.4903 -1.1969 0.3169, 0.4882 -1.1964 0.313, 0.4882 -1.1964 0.3169, 0.487 -1.196 0.313, 0.487 -1.196 0.3169, 0.487 -1.2044 0.3169, 0.487 -1.2044 0.313, 0.4892 -1.2048 0.313, 0.4892 -1.2048 0.3169, 0.4918 -1.2051 0.313, 0.4918 -1.2051 0.3169, 0.493 -1.2051 0.313, 0.493 -1.2051 0.3169, 0.4953 -1.205 0.313, 0.4953 -1.205 0.3169, 0.4975 -1.2045 0.313, 0.4975 -1.2045 0.3169, 0.4996 -1.2037 0.313, 0.4996 -1.2037 0.3169, 0.5015 -1.2027 0.313, 0.5015 -1.2027 0.3169, 0.5034 -1.2013 0.313, 0.5034 -1.2013 0.3169, 0.5052 -1.1996 0.313, 0.5052 -1.1996 0.3169, 0.507 -1.1975 0.313, 0.507 -1.1975 0.3169, 0.5087 -1.195 0.313, 0.5087 -1.195 0.3169, 0.5103 -1.192 0.313, 0.5103 -1.192 0.3169, 0.5119 -1.1886 0.313, 0.5119 -1.1886 0.3169, 0.5121 -1.188 0.313, 0.5121 -1.188 0.3169, 0.4044 -1.1559 0.3169, 0.4065 -1.1553 0.3169, 0.4219 -1.1459 0.3169, 0.4094 -1.1548 0.3169, 0.3961 -1.1513 0.3169, 0.4004 -1.1581 0.3169, 0.4014 -1.1572 0.3169, 0.4186 -1.1354 0.3169, 0.4237 -1.128 0.3169, 0.4175 -1.1346 0.3169, 0.422 -1.1271 0.3169, 0.4163 -1.1338 0.3169, 0.4201 -1.1264 0.3169, 0.4148 -1.1333 0.3169, 0.4219 -1.1587 0.3169, 0.4218 -1.1607 0.3169, 0.4313 -1.1455 0.3169, 0.3996 -1.1701 0.3169, 0.3989 -1.169 0.3169, 0.3911 -1.1749 0.3169, 0.3943 -1.1524 0.3169, 0.3929 -1.1537 0.3169, 0.3995 -1.1591 0.3169, 0.4219 -1.1799 0.3169, 0.4313 -1.1799 0.3169, 0.4219 -1.1717 0.3169, 0.4214 -1.1627 0.3169, 0.4203 -1.1378 0.3169, 0.4277 -1.1317 0.3169, 0.4195 -1.1365 0.3169, 0.4265 -1.1303 0.3169, 0.4251 -1.1291 0.3169, 0.3926 -1.154 0.3169, 0.3914 -1.1554 0.3169, 0.3988 -1.1603 0.3169, 0.3904 -1.1569 0.3169, 0.3983 -1.1616 0.3169, 0.4061 -1.1482 0.3169, 0.4031 -1.1487 0.3169, 0.4027 -1.1565 0.3169, 0.4004 -1.1494 0.3169, 0.3981 -1.1503 0.3169, 0.4215 -1.141 0.3169, 0.4303 -1.1373 0.3169, 0.421 -1.1392 0.3169, 0.4296 -1.1352 0.3169, 0.4287 -1.1333 0.3169, 0.4006 -1.1711 0.3169, 0.396 -1.1791 0.3169, 0.4017 -1.172 0.3169, 0.3977 -1.1799 0.3169, 0.403 -1.1726 0.3169, 0.3997 -1.1805 0.3169, 0.4044 -1.1731 0.3169, 0.3922 -1.1762 0.3169, 0.393 -1.177 0.3169, 0.3944 -1.1782 0.3169, 0.398 -1.1664 0.3169, 0.3888 -1.1699 0.3169, 0.3983 -1.1678 0.3169, 0.3894 -1.1717 0.3169, 0.3901 -1.1734 0.3169, 0.4312 -1.1425 0.3169, 0.4219 -1.1531 0.3169, 0.4219 -1.1582 0.3169, 0.4218 -1.143 0.3169, 0.4309 -1.1397 0.3169, 0.4219 -1.1453 0.3169, 0.3896 -1.1585 0.3169, 0.389 -1.1603 0.3169, 0.398 -1.163 0.3169, 0.3886 -1.1623 0.3169, 0.3979 -1.1648 0.3169, 0.418 -1.1258 0.3169, 0.4157 -1.1254 0.3169, 0.413 -1.133 0.3169, 0.4131 -1.1252 0.3169, 0.4111 -1.1328 0.3169, 0.412 -1.1252 0.3169, 0.4102 -1.1329 0.3169, 0.4088 -1.1253 0.3169, 0.4077 -1.1331 0.3169, 0.4058 -1.1257 0.3169, 0.4052 -1.1335 0.3169, 0.403 -1.1263 0.3169, 0.4028 -1.1342 0.3169, 0.4002 -1.127 0.3169, 0.4005 -1.1351 0.3169, 0.3977 -1.128 0.3169, 0.3981 -1.1362 0.3169, 0.3952 -1.1292 0.3169, 0.3958 -1.1376 0.3169, 0.3936 -1.1302 0.3169, 0.3936 -1.1393 0.3169, 0.4209 -1.1645 0.3169, 0.4201 -1.1661 0.3169, 0.4217 -1.1717 0.3169, 0.4191 -1.1677 0.3169, 0.4212 -1.1724 0.3169, 0.4097 -1.1734 0.3169, 0.4118 -1.1802 0.3169, 0.4115 -1.173 0.3169, 0.4137 -1.1794 0.3169, 0.4132 -1.1725 0.3169, 0.4154 -1.1784 0.3169, 0.4148 -1.1717 0.3169, 0.3884 -1.1645 0.3169, 0.3884 -1.1656 0.3169, 0.3885 -1.1678 0.3169, 0.417 -1.1773 0.3169, 0.4185 -1.1759 0.3169, 0.4162 -1.1707 0.3169, 0.4199 -1.1743 0.3169, 0.4175 -1.1695 0.3169, 0.4179 -1.1691 0.3169, 0.4017 -1.1809 0.3169, 0.404 -1.1812 0.3169, 0.406 -1.1734 0.3169, 0.4053 -1.1812 0.3169, 0.4077 -1.1735 0.3169, 0.4076 -1.1811 0.3169, 0.4098 -1.1807 0.3169, 0.3958 -1.1376 0.313, 0.3936 -1.1393 0.313, 0.3936 -1.1302 0.313, 0.4175 -1.1346 0.313, 0.4237 -1.128 0.313, 0.4186 -1.1354 0.313, 0.4251 -1.1291 0.313, 0.4195 -1.1365 0.313, 0.3996 -1.1701 0.313, 0.3911 -1.1749 0.313, 0.3989 -1.169 0.313, 0.3901 -1.1734 0.313, 0.3983 -1.1678 0.313, 0.4004 -1.1581 0.313, 0.3995 -1.1591 0.313, 0.3929 -1.1537 0.313, 0.4214 -1.1627 0.313, 0.4218 -1.1607 0.313, 0.4313 -1.1455 0.313, 0.398 -1.1664 0.313, 0.3884 -1.1656 0.313, 0.3979 -1.1648 0.313, 0.3884 -1.1645 0.313, 0.398 -1.163 0.313, 0.3988 -1.1603 0.313, 0.3914 -1.1554 0.313, 0.3926 -1.154 0.313, 0.4265 -1.1303 0.313, 0.4277 -1.1317 0.313, 0.4203 -1.1378 0.313, 0.4287 -1.1333 0.313, 0.421 -1.1392 0.313, 0.413 -1.133 0.313, 0.4157 -1.1254 0.313, 0.4148 -1.1333 0.313, 0.418 -1.1258 0.313, 0.4163 -1.1338 0.313, 0.4201 -1.1264 0.313, 0.422 -1.1271 0.313, 0.4209 -1.1645 0.313, 0.4219 -1.1717 0.313, 0.4219 -1.1799 0.313, 0.4313 -1.1799 0.313, 0.3894 -1.1717 0.313, 0.3888 -1.1699 0.313, 0.3885 -1.1678 0.313, 0.4006 -1.1711 0.313, 0.393 -1.177 0.313, 0.3922 -1.1762 0.313, 0.4017 -1.172 0.313, 0.396 -1.1791 0.313, 0.3944 -1.1782 0.313, 0.3943 -1.1524 0.313, 0.3961 -1.1513 0.313, 0.4014 -1.1572 0.313, 0.3981 -1.1503 0.313, 0.4027 -1.1565 0.313, 0.4004 -1.1494 0.313, 0.4044 -1.1559 0.313, 0.4031 -1.1487 0.313, 0.4065 -1.1553 0.313, 0.4061 -1.1482 0.313, 0.3886 -1.1623 0.313, 0.389 -1.1603 0.313, 0.3983 -1.1616 0.313, 0.3896 -1.1585 0.313, 0.3904 -1.1569 0.313, 0.4219 -1.1531 0.313, 0.4312 -1.1425 0.313, 0.4219 -1.1582 0.313, 0.4219 -1.1587 0.313, 0.4296 -1.1352 0.313, 0.4303 -1.1373 0.313, 0.4215 -1.141 0.313, 0.4309 -1.1397 0.313, 0.4218 -1.143 0.313, 0.4219 -1.1453 0.313, 0.4219 -1.1459 0.313, 0.4094 -1.1548 0.313, 0.4212 -1.1724 0.313, 0.4199 -1.1743 0.313, 0.4162 -1.1707 0.313, 0.4185 -1.1759 0.313, 0.4148 -1.1717 0.313, 0.417 -1.1773 0.313, 0.4132 -1.1725 0.313, 0.4154 -1.1784 0.313, 0.4115 -1.173 0.313, 0.3981 -1.1362 0.313, 0.3952 -1.1292 0.313, 0.4005 -1.1351 0.313, 0.3977 -1.128 0.313, 0.4028 -1.1342 0.313, 0.4002 -1.127 0.313, 0.4052 -1.1335 0.313, 0.403 -1.1263 0.313, 0.4077 -1.1331 0.313, 0.4058 -1.1257 0.313, 0.4102 -1.1329 0.313, 0.4088 -1.1253 0.313, 0.4111 -1.1328 0.313, 0.412 -1.1252 0.313, 0.4131 -1.1252 0.313, 0.406 -1.1734 0.313, 0.404 -1.1812 0.313, 0.4044 -1.1731 0.313, 0.4017 -1.1809 0.313, 0.403 -1.1726 0.313, 0.3997 -1.1805 0.313, 0.3977 -1.1799 0.313, 0.4137 -1.1794 0.313, 0.4118 -1.1802 0.313, 0.4097 -1.1734 0.313, 0.4098 -1.1807 0.313, 0.4077 -1.1735 0.313, 0.4076 -1.1811 0.313, 0.4053 -1.1812 0.313, 0.4175 -1.1695 0.313, 0.4179 -1.1691 0.313, 0.4217 -1.1717 0.313, 0.4191 -1.1677 0.313, 0.4201 -1.1661 0.313, 0.6353 -1.169 0.3169, 0.6405 -1.1761 0.3169, 0.638 -1.1677 0.3169, 0.6436 -1.1746 0.3169, 0.6405 -1.1662 0.3169, 0.6465 -1.1727 0.3169, 0.6427 -1.1645 0.3169, 0.6493 -1.1706 0.3169, 0.6437 -1.1636 0.3169, 0.6505 -1.1694 0.3169, 0.6456 -1.1615 0.3169, 0.6529 -1.167 0.3169, 0.6472 -1.1593 0.3169, 0.655 -1.1644 0.3169, 0.6486 -1.1568 0.3169, 0.6568 -1.1616 0.3169, 0.6497 -1.1542 0.3169, 0.651 -1.1346 0.3169, 0.6604 -1.1306 0.3169, 0.6503 -1.1315 0.3169, 0.6594 -1.1275 0.3169, 0.6493 -1.1287 0.3169, 0.6581 -1.1245 0.3169, 0.648 -1.1262 0.3169, 0.6565 -1.1218 0.3169, 0.6465 -1.124 0.3169, 0.6584 -1.1587 0.3169, 0.6596 -1.1556 0.3169, 0.6506 -1.1513 0.3169, 0.6606 -1.1523 0.3169, 0.6512 -1.1481 0.3169, 0.6613 -1.1488 0.3169, 0.6516 -1.1446 0.3169, 0.6617 -1.1451 0.3169, 0.6517 -1.1418 0.3169, 0.6618 -1.1415 0.3169, 0.6515 -1.138 0.3169, 0.6617 -1.1377 0.3169, 0.6612 -1.134 0.3169, 0.6546 -1.1192 0.3169, 0.6525 -1.1168 0.3169, 0.6448 -1.122 0.3169, 0.6505 -1.115 0.3169, 0.6435 -1.1207 0.3169, 0.6478 -1.1127 0.3169, 0.6411 -1.1189 0.3169, 0.6448 -1.1108 0.3169, 0.6386 -1.1174 0.3169, 0.6418 -1.1092 0.3169, 0.6359 -1.1161 0.3169, 0.6385 -1.1078 0.3169, 0.633 -1.1151 0.3169, 0.6351 -1.1067 0.3169, 0.6298 -1.1144 0.3169, 0.6315 -1.1059 0.3169, 0.6264 -1.1139 0.3169, 0.6277 -1.1053 0.3169, 0.6228 -1.1137 0.3169, 0.6236 -1.1051 0.3169, 0.6219 -1.1137 0.3169, 0.6222 -1.1051 0.3169, 0.6105 -1.1137 0.3169, 0.6009 -1.1051 0.3169, 0.6105 -1.1714 0.3169, 0.6009 -1.1799 0.3169, 0.6214 -1.1714 0.3169, 0.6215 -1.1799 0.3169, 0.6254 -1.1712 0.3169, 0.6258 -1.1798 0.3169, 0.629 -1.1708 0.3169, 0.6298 -1.1793 0.3169, 0.6323 -1.17 0.3169, 0.6336 -1.1785 0.3169, 0.6372 -1.1775 0.3169, 0.6411 -1.1189 0.313, 0.6478 -1.1127 0.313, 0.6435 -1.1207 0.313, 0.6505 -1.115 0.313, 0.6448 -1.122 0.313, 0.6525 -1.1168 0.313, 0.6465 -1.124 0.313, 0.6546 -1.1192 0.313, 0.648 -1.1262 0.313, 0.6565 -1.1218 0.313, 0.6493 -1.1287 0.313, 0.6581 -1.1245 0.313, 0.6503 -1.1315 0.313, 0.638 -1.1677 0.313, 0.6405 -1.1761 0.313, 0.6353 -1.169 0.313, 0.6372 -1.1775 0.313, 0.6323 -1.17 0.313, 0.6336 -1.1785 0.313, 0.629 -1.1708 0.313, 0.6298 -1.1793 0.313, 0.6254 -1.1712 0.313, 0.6258 -1.1798 0.313, 0.6214 -1.1714 0.313, 0.6215 -1.1799 0.313, 0.6105 -1.1714 0.313, 0.6009 -1.1799 0.313, 0.6105 -1.1137 0.313, 0.6009 -1.1051 0.313, 0.6219 -1.1137 0.313, 0.6222 -1.1051 0.313, 0.6228 -1.1137 0.313, 0.6236 -1.1051 0.313, 0.6264 -1.1139 0.313, 0.6277 -1.1053 0.313, 0.6298 -1.1144 0.313, 0.6315 -1.1059 0.313, 0.633 -1.1151 0.313, 0.6351 -1.1067 0.313, 0.6359 -1.1161 0.313, 0.6385 -1.1078 0.313, 0.6386 -1.1174 0.313, 0.6418 -1.1092 0.313, 0.6448 -1.1108 0.313, 0.6506 -1.1513 0.313, 0.6596 -1.1556 0.313, 0.6497 -1.1542 0.313, 0.6584 -1.1587 0.313, 0.6486 -1.1568 0.313, 0.6568 -1.1616 0.313, 0.6472 -1.1593 0.313, 0.655 -1.1644 0.313, 0.6456 -1.1615 0.313, 0.6529 -1.167 0.313, 0.6437 -1.1636 0.313, 0.6505 -1.1694 0.313, 0.6427 -1.1645 0.313, 0.6493 -1.1706 0.313, 0.6405 -1.1662 0.313, 0.6465 -1.1727 0.313, 0.6436 -1.1746 0.313, 0.6594 -1.1275 0.313, 0.6604 -1.1306 0.313, 0.651 -1.1346 0.313, 0.6612 -1.134 0.313, 0.6515 -1.138 0.313, 0.6617 -1.1377 0.313, 0.6517 -1.1418 0.313, 0.6618 -1.1415 0.313, 0.6516 -1.1446 0.313, 0.6617 -1.1451 0.313, 0.6512 -1.1481 0.313, 0.6613 -1.1488 0.313, 0.6606 -1.1523 0.313, 0.5932 -1.0322 0.3169, 0.5901 -1.0407 0.3169, 0.6183 -1.0322 0.3169, 0.6213 -1.0407 0.3169, 0.6044 -1.0011 0.3169, 0.6007 -0.9863 0.3169, 0.5722 -1.0612 0.3169, 0.5829 -1.0612 0.3169, 0.605 -0.9989 0.3169, 0.6056 -0.9958 0.3169, 0.6111 -0.9863 0.3169, 0.6058 -0.9958 0.3169, 0.6064 -0.999 0.3169, 0.607 -1.0011 0.3169, 0.6396 -1.0612 0.3169, 0.6289 -1.0612 0.3169, 0.5901 -1.0407 0.313, 0.5932 -1.0322 0.313, 0.6213 -1.0407 0.313, 0.6183 -1.0322 0.313, 0.607 -1.0011 0.313, 0.6111 -0.9863 0.313, 0.6396 -1.0612 0.313, 0.6289 -1.0612 0.313, 0.6064 -0.999 0.313, 0.6058 -0.9958 0.313, 0.6007 -0.9863 0.313, 0.6056 -0.9958 0.313, 0.605 -0.9989 0.313, 0.6044 -1.0011 0.313, 0.5722 -1.0612 0.313, 0.5829 -1.0612 0.313, 0.493 -1.0526 0.3169, 0.493 -1.0612 0.3169, 0.493 -1.0526 0.313, 0.493 -1.0612 0.313, 0.4624 -1.0526 0.3169, 0.4624 -1.0526 0.313, 0.4624 -1.0274 0.3169, 0.4624 -1.0274 0.313, 0.4891 -1.0274 0.3169, 0.4891 -1.0274 0.313, 0.4891 -1.0189 0.3169, 0.4891 -1.0189 0.313, 0.4624 -1.0189 0.3169, 0.4624 -1.0189 0.313, 0.4624 -0.9949 0.3169, 0.4624 -0.9949 0.313, 0.4913 -0.9949 0.3169, 0.4913 -0.9949 0.313, 0.4913 -0.9863 0.3169, 0.4913 -0.9863 0.313, 0.4527 -0.9863 0.3169, 0.4527 -0.9863 0.313, 0.4527 -1.0612 0.3169, 0.4527 -1.0612 0.313, 0.3786 -1.0526 0.3169, 0.3786 -1.0612 0.3169, 0.3786 -1.0526 0.313, 0.3786 -1.0612 0.313, 0.3488 -1.0526 0.3169, 0.3488 -1.0526 0.313, 0.3488 -0.9863 0.3169, 0.3488 -0.9863 0.313, 0.3391 -0.9863 0.3169, 0.3391 -0.9863 0.313, 0.3391 -1.0612 0.3169, 0.3391 -1.0612 0.313, 0.5867 -1.1714 0.3169, 0.5867 -1.1799 0.3169, 0.5867 -1.1714 0.313, 0.5867 -1.1799 0.313, 0.5561 -1.1714 0.3169, 0.5561 -1.1714 0.313, 0.5561 -1.1462 0.3169, 0.5561 -1.1462 0.313, 0.5829 -1.1462 0.3169, 0.5829 -1.1462 0.313, 0.5829 -1.1376 0.3169, 0.5829 -1.1376 0.313, 0.5561 -1.1376 0.3169, 0.5561 -1.1376 0.313, 0.5561 -1.1137 0.3169, 0.5561 -1.1137 0.313, 0.585 -1.1137 0.3169, 0.585 -1.1137 0.313, 0.585 -1.1051 0.3169, 0.585 -1.1051 0.313, 0.5465 -1.1051 0.3169, 0.5465 -1.1051 0.313, 0.5465 -1.1799 0.3169, 0.5465 -1.1799 0.313, 0.4595 -1.1735 0.3169, 0.4595 -1.1735 0.313, 0.4571 -1.1734 0.313, 0.4571 -1.1734 0.3169, 0.4547 -1.1731 0.313, 0.4547 -1.1731 0.3169, 0.4524 -1.1725 0.313, 0.4524 -1.1725 0.3169, 0.4502 -1.1718 0.313, 0.4502 -1.1718 0.3169, 0.448 -1.1708 0.313, 0.448 -1.1708 0.3169, 0.4458 -1.1696 0.313, 0.4458 -1.1696 0.3169, 0.444 -1.1684 0.313, 0.444 -1.1684 0.3169, 0.444 -1.1781 0.3169, 0.444 -1.1781 0.313, 0.4463 -1.1791 0.313, 0.4463 -1.1791 0.3169, 0.4487 -1.1799 0.313, 0.4487 -1.1799 0.3169, 0.4512 -1.1805 0.313, 0.4512 -1.1805 0.3169, 0.4538 -1.1809 0.313, 0.4538 -1.1809 0.3169, 0.4567 -1.1812 0.313, 0.4567 -1.1812 0.3169, 0.4585 -1.1812 0.313, 0.4585 -1.1812 0.3169, 0.4615 -1.1811 0.313, 0.4615 -1.1811 0.3169, 0.4643 -1.1808 0.313, 0.4643 -1.1808 0.3169, 0.4668 -1.1802 0.313, 0.4668 -1.1802 0.3169, 0.4691 -1.1795 0.313, 0.4691 -1.1795 0.3169, 0.4712 -1.1786 0.313, 0.4712 -1.1786 0.3169, 0.4731 -1.1776 0.313, 0.4731 -1.1776 0.3169, 0.4741 -1.1769 0.313, 0.4741 -1.1769 0.3169, 0.4756 -1.1758 0.313, 0.4756 -1.1758 0.3169, 0.4769 -1.1745 0.313, 0.4769 -1.1745 0.3169, 0.478 -1.1731 0.313, 0.478 -1.1731 0.3169, 0.4788 -1.1716 0.313, 0.4788 -1.1716 0.3169, 0.4794 -1.1701 0.313, 0.4794 -1.1701 0.3169, 0.4799 -1.1684 0.313, 0.4799 -1.1684 0.3169, 0.4801 -1.1666 0.313, 0.4801 -1.1666 0.3169, 0.4802 -1.1654 0.313, 0.4802 -1.1654 0.3169, 0.48 -1.1635 0.313, 0.48 -1.1635 0.3169, 0.4797 -1.1617 0.313, 0.4797 -1.1617 0.3169, 0.4792 -1.1601 0.313, 0.4792 -1.1601 0.3169, 0.4785 -1.1586 0.313, 0.4785 -1.1586 0.3169, 0.4776 -1.1572 0.313, 0.4776 -1.1572 0.3169, 0.477 -1.1565 0.313, 0.477 -1.1565 0.3169, 0.4758 -1.1554 0.313, 0.4758 -1.1554 0.3169, 0.4743 -1.1542 0.313, 0.4743 -1.1542 0.3169, 0.4724 -1.153 0.313, 0.4724 -1.153 0.3169, 0.47 -1.1517 0.313, 0.47 -1.1517 0.3169, 0.467 -1.1504 0.313, 0.467 -1.1504 0.3169, 0.4649 -1.1496 0.313, 0.4649 -1.1496 0.3169, 0.4608 -1.1479 0.313, 0.4608 -1.1479 0.3169, 0.4583 -1.1467 0.313, 0.4583 -1.1467 0.3169, 0.4567 -1.1457 0.313, 0.4567 -1.1457 0.3169, 0.4558 -1.145 0.313, 0.4558 -1.145 0.3169, 0.455 -1.1442 0.313, 0.455 -1.1442 0.3169, 0.4544 -1.1432 0.313, 0.4544 -1.1432 0.3169, 0.454 -1.1422 0.313, 0.454 -1.1422 0.3169, 0.4538 -1.1409 0.313, 0.4538 -1.1409 0.3169, 0.4538 -1.14 0.313, 0.4538 -1.14 0.3169, 0.4539 -1.1388 0.313, 0.4539 -1.1388 0.3169, 0.4542 -1.1377 0.313, 0.4542 -1.1377 0.3169, 0.4547 -1.1367 0.313, 0.4547 -1.1367 0.3169, 0.4554 -1.1358 0.313, 0.4554 -1.1358 0.3169, 0.4564 -1.135 0.313, 0.4564 -1.135 0.3169, 0.4566 -1.1348 0.313, 0.4566 -1.1348 0.3169, 0.4578 -1.1341 0.313, 0.4578 -1.1341 0.3169, 0.4592 -1.1335 0.313, 0.4592 -1.1335 0.3169, 0.4608 -1.1331 0.313, 0.4608 -1.1331 0.3169, 0.4626 -1.1329 0.313, 0.4626 -1.1329 0.3169, 0.464 -1.1328 0.313, 0.464 -1.1328 0.3169, 0.4665 -1.133 0.313, 0.4665 -1.133 0.3169, 0.4689 -1.1333 0.313, 0.4689 -1.1333 0.3169, 0.4712 -1.1338 0.313, 0.4712 -1.1338 0.3169, 0.4734 -1.1346 0.313, 0.4734 -1.1346 0.3169, 0.4755 -1.1355 0.313, 0.4755 -1.1355 0.3169, 0.4776 -1.1367 0.313, 0.4776 -1.1367 0.3169, 0.4776 -1.1276 0.3169, 0.4776 -1.1276 0.313, 0.4752 -1.1267 0.313, 0.4752 -1.1267 0.3169, 0.4726 -1.1261 0.313, 0.4726 -1.1261 0.3169, 0.47 -1.1256 0.313, 0.47 -1.1256 0.3169, 0.4673 -1.1253 0.313, 0.4673 -1.1253 0.3169, 0.4649 -1.1252 0.313, 0.4649 -1.1252 0.3169, 0.4622 -1.1253 0.313, 0.4622 -1.1253 0.3169, 0.4596 -1.1257 0.313, 0.4596 -1.1257 0.3169, 0.4572 -1.1262 0.313, 0.4572 -1.1262 0.3169, 0.4549 -1.1269 0.313, 0.4549 -1.1269 0.3169, 0.4529 -1.1278 0.313, 0.4529 -1.1278 0.3169, 0.4509 -1.1289 0.313, 0.4509 -1.1289 0.3169, 0.4501 -1.1295 0.313, 0.4501 -1.1295 0.3169, 0.4486 -1.1307 0.313, 0.4486 -1.1307 0.3169, 0.4472 -1.1321 0.313, 0.4472 -1.1321 0.3169, 0.4462 -1.1335 0.313, 0.4462 -1.1335 0.3169, 0.4454 -1.1349 0.313, 0.4454 -1.1349 0.3169, 0.4447 -1.1365 0.313, 0.4447 -1.1365 0.3169, 0.4443 -1.1382 0.313, 0.4443 -1.1382 0.3169, 0.4441 -1.1399 0.313, 0.4441 -1.1399 0.3169, 0.4441 -1.1409 0.313, 0.4441 -1.1409 0.3169, 0.4442 -1.1428 0.313, 0.4442 -1.1428 0.3169, 0.4445 -1.1447 0.313, 0.4445 -1.1447 0.3169, 0.4451 -1.1463 0.313, 0.4451 -1.1463 0.3169, 0.4458 -1.1479 0.313, 0.4458 -1.1479 0.3169, 0.4466 -1.1492 0.313, 0.4466 -1.1492 0.3169, 0.4468 -1.1493 0.313, 0.4468 -1.1493 0.3169, 0.4477 -1.1504 0.313, 0.4477 -1.1504 0.3169, 0.449 -1.1515 0.313, 0.449 -1.1515 0.3169, 0.4507 -1.1527 0.313, 0.4507 -1.1527 0.3169, 0.4529 -1.154 0.313, 0.4529 -1.154 0.3169, 0.4557 -1.1553 0.313, 0.4557 -1.1553 0.3169, 0.4583 -1.1564 0.313, 0.4583 -1.1564 0.3169, 0.4624 -1.1581 0.313, 0.4624 -1.1581 0.3169, 0.4651 -1.1593 0.313, 0.4651 -1.1593 0.3169, 0.467 -1.1604 0.313, 0.467 -1.1604 0.3169, 0.4681 -1.1612 0.313, 0.4681 -1.1612 0.3169, 0.469 -1.1621 0.313, 0.469 -1.1621 0.3169, 0.4697 -1.1631 0.313, 0.4697 -1.1631 0.3169, 0.4702 -1.1642 0.313, 0.4702 -1.1642 0.3169, 0.4705 -1.1653 0.313, 0.4705 -1.1653 0.3169, 0.4705 -1.1663 0.313, 0.4705 -1.1663 0.3169, 0.4704 -1.1677 0.313, 0.4704 -1.1677 0.3169, 0.4701 -1.1689 0.313, 0.4701 -1.1689 0.3169, 0.4696 -1.1699 0.313, 0.4696 -1.1699 0.3169, 0.4689 -1.1708 0.313, 0.4689 -1.1708 0.3169, 0.468 -1.1715 0.313, 0.468 -1.1715 0.3169, 0.4669 -1.1722 0.313, 0.4669 -1.1722 0.3169, 0.4656 -1.1727 0.313, 0.4656 -1.1727 0.3169, 0.464 -1.1732 0.313, 0.464 -1.1732 0.3169, 0.462 -1.1734 0.313, 0.462 -1.1734 0.3169, 0.3794 -1.1714 0.3169, 0.3794 -1.1799 0.3169, 0.3794 -1.1714 0.313, 0.3794 -1.1799 0.313, 0.3488 -1.1714 0.3169, 0.3488 -1.1714 0.313, 0.3488 -1.1462 0.3169, 0.3488 -1.1462 0.313, 0.3756 -1.1462 0.3169, 0.3756 -1.1462 0.313, 0.3756 -1.1376 0.3169, 0.3756 -1.1376 0.313, 0.3488 -1.1376 0.3169, 0.3488 -1.1376 0.313, 0.3488 -1.1137 0.3169, 0.3488 -1.1137 0.313, 0.3777 -1.1137 0.3169, 0.3777 -1.1137 0.313, 0.3777 -1.1051 0.3169, 0.3777 -1.1051 0.313, 0.3391 -1.1051 0.3169, 0.3391 -1.1051 0.313, 0.3391 -1.1799 0.3169, 0.3391 -1.1799 0.313
            ]
        }
        coordIndex [
            0,1,2,-1,0,2,3,-1,3,2,4,-1,3,4,5,-1,5,4,6,-1,5,6,7,-1,7,6,8,-1,7,8,9,-1,9,8,10,-1,9,10,11,-1,11,10,12,-1,11,12,13,-1,14,13,15,-1,15,13,12,-1,14,15,16,-1,14,16,17,-1,17,16,18,-1,17,18,19,-1,19,18,20,-1,19,20,21,-1,21,20,22,-1,21,22,23,-1,23,22,24,-1,23,24,25,-1,25,24,26,-1,25,26,27,-1,27,26,28,-1,27,28,29,-1,29,28,30,-1,29,30,31,-1,31,30,32,-1,31,32,33,-1,33,32,34,-1,33,34,35,-1,35,34,36,-1,35,36,37,-1,37,36,38,-1,37,38,39,-1,39,38,40,-1,39,40,41,-1,41,40,42,-1,41,42,43,-1,43,42,44,-1,43,44,45,-1,45,44,46,-1,45,46,47,-1,47,46,48,-1,47,48,49,-1,49,48,50,-1,49,50,51,-1,51,50,52,-1,51,52,53,-1,53,52,54,-1,53,54,55,-1,55,54,56,-1,55,56,57,-1,57,56,58,-1,57,58,59,-1,59,58,60,-1,59,60,61,-1,61,60,62,-1,61,62,63,-1,63,62,64,-1,63,64,65,-1,65,64,66,-1,65,66,67,-1,67,66,68,-1,67,68,69,-1,69,68,70,-1,69,70,71,-1,71,70,72,-1,71,72,73,-1,73,72,74,-1,73,74,75,-1,75,74,76,-1,75,76,77,-1,77,76,78,-1,77,78,79,-1,79,78,80,-1,79,80,81,-1,81,80,82,-1,81,82,83,-1,83,82,84,-1,83,84,85,-1,85,84,86,-1,85,86,87,-1,87,86,88,-1,87,88,89,-1,89,88,90,-1,89,90,91,-1,91,90,92,-1,91,92,93,-1,93,92,94,-1,93,94,95,-1,95,94,96,-1,95,96,97,-1,97,96,98,-1,97,98,99,-1,99,98,100,-1,99,100,101,-1,101,100,102,-1,101,102,103,-1,104,103,105,-1,105,103,102,-1,104,105,106,-1,104,106,107,-1,107,106,108,-1,107,108,109,-1,109,108,110,-1,109,110,111,-1,111,110,112,-1,111,112,113,-1,113,112,114,-1,113,114,115,-1,115,114,116,-1,115,116,117,-1,117,116,118,-1,117,118,119,-1,119,118,120,-1,119,120,121,-1,121,120,122,-1,121,122,123,-1,123,122,124,-1,123,124,125,-1,125,124,126,-1,125,126,127,-1,127,126,128,-1,127,128,129,-1,129,128,130,-1,129,130,131,-1,131,130,132,-1,131,132,133,-1,133,132,134,-1,133,134,135,-1,135,134,136,-1,135,136,137,-1,137,136,138,-1,137,138,139,-1,139,138,140,-1,139,140,141,-1,141,140,142,-1,141,142,143,-1,143,142,144,-1,143,144,145,-1,145,144,146,-1,145,146,147,-1,147,146,148,-1,147,148,149,-1,149,148,150,-1,149,150,151,-1,151,150,152,-1,151,152,153,-1,153,152,154,-1,153,154,155,-1,155,154,156,-1,155,156,157,-1,157,156,158,-1,157,158,159,-1,159,158,160,-1,159,160,161,-1,161,160,162,-1,161,162,163,-1,163,162,164,-1,163,164,165,-1,165,164,166,-1,165,166,167,-1,167,166,168,-1,167,168,169,-1,169,168,170,-1,169,170,171,-1,171,170,172,-1,171,172,173,-1,173,172,174,-1,173,174,175,-1,175,174,176,-1,175,176,177,-1,177,176,178,-1,177,178,179,-1,179,178,180,-1,179,180,181,-1,181,180,182,-1,181,182,183,-1,183,182,184,-1,183,184,185,-1,185,184,1,-1,185,1,0,-1,101,103,104,-1,45,165,167,-1,45,167,43,-1,43,167,169,-1,43,169,41,-1,41,169,171,-1,41,171,39,-1,39,171,173,-1,39,173,37,-1,37,173,175,-1,37,175,35,-1,21,9,19,-1,19,9,11,-1,19,11,17,-1,17,11,13,-1,17,13,14,-1,175,177,35,-1,35,177,179,-1,35,179,33,-1,33,179,181,-1,33,181,31,-1,31,181,183,-1,31,183,29,-1,29,183,185,-1,29,185,27,-1,27,185,0,-1,27,0,25,-1,25,0,3,-1,25,3,23,-1,23,3,5,-1,23,5,21,-1,21,5,7,-1,21,7,9,-1,77,131,75,-1,75,131,133,-1,75,133,73,-1,73,133,135,-1,73,135,71,-1,71,135,137,-1,71,137,69,-1,69,137,139,-1,69,139,67,-1,67,139,141,-1,67,141,65,-1,65,141,143,-1,65,143,63,-1,101,104,99,-1,99,104,107,-1,99,107,97,-1,97,107,109,-1,97,109,95,-1,95,109,111,-1,95,111,93,-1,93,111,113,-1,93,113,91,-1,91,113,115,-1,91,115,89,-1,89,115,117,-1,89,117,87,-1,87,117,119,-1,87,119,85,-1,85,119,121,-1,85,121,83,-1,83,121,123,-1,83,123,81,-1,81,123,125,-1,81,125,79,-1,79,125,127,-1,79,127,77,-1,77,127,129,-1,77,129,131,-1,165,45,163,-1,163,45,47,-1,163,47,161,-1,161,47,49,-1,161,49,159,-1,159,49,51,-1,159,51,157,-1,157,51,53,-1,157,53,155,-1,155,53,153,-1,153,53,55,-1,153,55,151,-1,143,145,63,-1,63,145,147,-1,63,147,61,-1,61,147,149,-1,61,149,59,-1,59,149,151,-1,59,151,57,-1,57,151,55,-1,16,15,12,-1,16,12,18,-1,32,178,34,-1,34,178,176,-1,34,176,36,-1,36,176,174,-1,36,174,38,-1,38,174,172,-1,38,172,40,-1,40,172,170,-1,40,170,42,-1,102,100,105,-1,105,100,98,-1,105,98,106,-1,106,98,96,-1,170,168,42,-1,42,168,166,-1,42,166,44,-1,44,166,164,-1,44,164,46,-1,46,164,162,-1,46,162,48,-1,48,162,160,-1,48,160,50,-1,12,10,18,-1,18,10,8,-1,18,8,20,-1,20,8,6,-1,20,6,22,-1,22,6,4,-1,22,4,24,-1,24,4,2,-1,24,2,26,-1,26,2,1,-1,26,1,28,-1,28,1,184,-1,28,184,30,-1,30,184,182,-1,30,182,32,-1,32,182,180,-1,32,180,178,-1,70,134,72,-1,72,134,132,-1,72,132,74,-1,74,132,130,-1,74,130,76,-1,76,130,128,-1,76,128,78,-1,78,128,126,-1,78,126,80,-1,80,126,124,-1,80,124,82,-1,82,124,122,-1,82,122,84,-1,84,122,120,-1,84,120,86,-1,86,120,118,-1,86,118,88,-1,88,118,116,-1,88,116,90,-1,90,116,114,-1,90,114,92,-1,92,114,112,-1,92,112,94,-1,94,112,110,-1,94,110,96,-1,96,110,108,-1,96,108,106,-1,150,148,60,-1,60,148,146,-1,60,146,62,-1,62,146,144,-1,62,144,64,-1,64,144,142,-1,64,142,66,-1,66,142,140,-1,66,140,68,-1,68,140,138,-1,68,138,70,-1,70,138,136,-1,70,136,134,-1,160,158,50,-1,50,158,156,-1,50,156,52,-1,52,156,154,-1,52,154,54,-1,54,154,152,-1,54,152,56,-1,56,152,150,-1,56,150,58,-1,58,150,60,-1,186,187,188,-1,188,187,189,-1,190,191,186,-1,186,191,192,-1,186,192,187,-1,187,192,193,-1,190,194,191,-1,191,194,195,-1,191,195,196,-1,196,195,197,-1,196,197,198,-1,198,199,196,-1,196,199,188,-1,196,188,200,-1,200,188,189,-1,200,189,201,-1,202,203,204,-1,204,203,205,-1,206,207,205,-1,205,207,208,-1,205,208,204,-1,204,208,209,-1,206,210,207,-1,207,210,211,-1,207,211,212,-1,212,211,213,-1,212,213,214,-1,214,215,212,-1,212,215,203,-1,212,203,216,-1,216,203,202,-1,216,202,217,-1,196,200,207,-1,207,200,208,-1,191,196,212,-1,212,196,207,-1,192,191,216,-1,216,191,212,-1,193,192,217,-1,217,192,216,-1,187,193,202,-1,202,193,217,-1,189,187,204,-1,204,187,202,-1,201,189,209,-1,209,189,204,-1,200,201,208,-1,208,201,209,-1,186,188,203,-1,203,188,205,-1,188,199,205,-1,205,199,206,-1,197,211,210,-1,197,210,198,-1,198,210,206,-1,198,206,199,-1,197,195,211,-1,211,195,213,-1,190,215,214,-1,190,214,194,-1,194,214,213,-1,194,213,195,-1,190,186,215,-1,215,186,203,-1,218,219,220,-1,221,222,223,-1,224,225,226,-1,227,228,229,-1,229,228,230,-1,231,232,233,-1,234,235,236,-1,236,235,237,-1,236,237,238,-1,239,240,241,-1,241,240,220,-1,241,220,242,-1,243,244,245,-1,246,247,220,-1,220,247,248,-1,220,248,218,-1,249,250,227,-1,227,250,251,-1,227,251,228,-1,252,253,254,-1,254,253,224,-1,255,256,257,-1,258,259,260,-1,224,226,254,-1,254,226,261,-1,254,261,227,-1,227,261,262,-1,227,262,249,-1,263,264,230,-1,230,264,265,-1,230,265,229,-1,266,219,267,-1,267,219,268,-1,267,268,269,-1,270,271,272,-1,272,271,273,-1,272,273,239,-1,239,273,274,-1,239,274,240,-1,257,275,255,-1,255,275,276,-1,255,276,270,-1,270,276,277,-1,270,277,271,-1,245,244,278,-1,278,244,279,-1,278,279,280,-1,280,279,281,-1,280,281,282,-1,233,232,283,-1,283,232,284,-1,283,284,285,-1,286,287,220,-1,220,287,288,-1,220,288,246,-1,258,260,289,-1,289,260,290,-1,289,290,291,-1,291,290,292,-1,291,292,293,-1,225,224,255,-1,255,224,294,-1,255,294,295,-1,295,296,255,-1,255,296,297,-1,255,297,256,-1,298,299,300,-1,300,299,301,-1,300,301,302,-1,302,301,303,-1,302,303,304,-1,304,303,305,-1,304,305,306,-1,307,308,309,-1,309,308,310,-1,309,310,286,-1,286,310,311,-1,286,311,287,-1,259,258,312,-1,312,258,313,-1,312,313,314,-1,314,313,315,-1,314,315,316,-1,316,315,317,-1,316,317,223,-1,223,317,318,-1,223,318,221,-1,266,319,219,-1,219,319,320,-1,219,320,220,-1,220,320,321,-1,220,321,242,-1,245,322,243,-1,243,322,323,-1,243,323,324,-1,324,323,325,-1,324,325,326,-1,326,325,327,-1,326,327,328,-1,328,327,329,-1,328,329,330,-1,233,331,231,-1,231,331,332,-1,231,332,333,-1,333,332,334,-1,333,334,335,-1,335,334,336,-1,335,336,337,-1,337,336,223,-1,337,223,338,-1,338,223,222,-1,236,339,234,-1,234,339,340,-1,234,340,341,-1,341,340,342,-1,341,342,343,-1,344,345,346,-1,346,345,347,-1,346,347,348,-1,348,347,349,-1,348,349,307,-1,307,349,350,-1,307,350,308,-1,351,352,353,-1,353,352,354,-1,353,354,263,-1,263,354,355,-1,263,355,264,-1,268,356,269,-1,269,356,357,-1,269,357,358,-1,358,357,359,-1,358,359,360,-1,361,362,363,-1,363,362,364,-1,363,364,365,-1,365,364,366,-1,365,366,298,-1,298,366,367,-1,298,367,299,-1,329,368,330,-1,330,368,369,-1,330,369,370,-1,370,369,371,-1,370,371,361,-1,361,371,372,-1,361,372,362,-1,359,373,360,-1,360,373,374,-1,360,374,351,-1,351,374,375,-1,351,375,352,-1,376,377,378,-1,379,380,381,-1,381,380,382,-1,383,384,385,-1,385,384,386,-1,385,386,387,-1,387,386,388,-1,387,388,389,-1,389,388,390,-1,389,390,391,-1,391,390,392,-1,391,392,344,-1,344,392,393,-1,344,393,345,-1,238,394,236,-1,236,394,395,-1,236,395,396,-1,396,395,397,-1,396,397,398,-1,398,397,306,-1,398,306,399,-1,399,306,305,-1,400,401,376,-1,376,401,402,-1,376,402,377,-1,281,403,282,-1,282,403,376,-1,282,376,404,-1,404,376,378,-1,285,284,405,-1,405,284,406,-1,405,406,379,-1,379,406,407,-1,379,407,380,-1,408,409,410,-1,409,411,410,-1,410,411,412,-1,410,412,413,-1,292,414,293,-1,293,414,415,-1,293,415,416,-1,416,415,417,-1,416,417,383,-1,383,417,418,-1,383,418,384,-1,400,376,410,-1,410,376,419,-1,410,419,408,-1,342,420,343,-1,343,420,421,-1,343,421,422,-1,422,421,423,-1,422,423,424,-1,424,423,425,-1,424,425,426,-1,426,425,427,-1,426,427,428,-1,428,427,429,-1,428,429,382,-1,382,429,430,-1,382,430,381,-1,431,432,433,-1,433,432,434,-1,433,434,435,-1,436,437,438,-1,439,440,441,-1,441,440,442,-1,441,442,443,-1,434,444,435,-1,435,444,445,-1,435,445,446,-1,446,445,447,-1,448,449,441,-1,441,449,436,-1,441,436,439,-1,450,451,452,-1,453,454,455,-1,455,454,456,-1,455,456,457,-1,458,459,460,-1,461,462,435,-1,435,462,463,-1,435,463,433,-1,433,463,464,-1,465,466,467,-1,467,466,468,-1,469,470,471,-1,471,470,472,-1,471,472,473,-1,473,472,474,-1,473,474,475,-1,441,476,448,-1,448,476,477,-1,448,477,478,-1,478,477,479,-1,478,479,480,-1,480,479,481,-1,480,481,482,-1,438,483,436,-1,436,483,484,-1,436,484,439,-1,485,486,487,-1,487,486,488,-1,487,488,489,-1,489,488,490,-1,489,490,491,-1,452,451,492,-1,492,451,493,-1,492,493,494,-1,495,496,490,-1,497,498,445,-1,445,498,499,-1,445,499,447,-1,468,500,467,-1,467,500,501,-1,467,501,502,-1,502,501,475,-1,502,475,503,-1,503,475,474,-1,494,493,504,-1,504,493,505,-1,504,505,467,-1,467,505,506,-1,467,506,465,-1,507,508,509,-1,509,508,510,-1,509,510,511,-1,511,510,512,-1,511,512,513,-1,513,512,514,-1,513,514,515,-1,516,517,518,-1,518,517,519,-1,518,519,520,-1,520,519,521,-1,520,521,522,-1,496,523,490,-1,490,523,524,-1,490,524,491,-1,456,525,457,-1,457,525,526,-1,457,526,527,-1,527,526,528,-1,527,528,442,-1,442,528,529,-1,442,529,443,-1,460,459,530,-1,530,459,531,-1,530,531,435,-1,435,531,532,-1,435,532,461,-1,533,534,535,-1,535,534,536,-1,535,536,537,-1,460,538,458,-1,458,538,539,-1,458,539,540,-1,540,539,541,-1,540,541,453,-1,453,541,542,-1,453,542,454,-1,536,543,537,-1,537,543,544,-1,537,544,545,-1,545,544,546,-1,545,546,547,-1,547,546,433,-1,547,433,548,-1,548,433,464,-1,533,549,550,-1,551,552,553,-1,553,552,554,-1,553,554,555,-1,481,556,482,-1,482,556,557,-1,482,557,558,-1,558,557,559,-1,558,559,560,-1,560,559,561,-1,560,561,562,-1,562,561,563,-1,562,563,564,-1,564,563,565,-1,564,565,551,-1,551,565,566,-1,551,566,552,-1,567,568,569,-1,569,568,570,-1,521,571,522,-1,522,571,572,-1,522,572,573,-1,573,572,574,-1,573,574,507,-1,507,574,575,-1,507,575,508,-1,490,576,495,-1,495,576,577,-1,495,577,578,-1,578,577,579,-1,578,579,580,-1,580,579,581,-1,580,581,582,-1,582,581,583,-1,582,583,516,-1,516,583,584,-1,516,584,517,-1,585,586,533,-1,533,586,587,-1,533,587,549,-1,550,588,533,-1,533,588,589,-1,533,589,534,-1,554,590,555,-1,555,590,591,-1,555,591,592,-1,592,591,593,-1,592,593,594,-1,594,593,595,-1,594,595,469,-1,469,595,596,-1,469,596,470,-1,514,597,515,-1,515,597,598,-1,515,598,599,-1,599,598,600,-1,599,600,601,-1,601,600,602,-1,601,602,603,-1,603,602,604,-1,603,604,605,-1,605,604,606,-1,605,606,607,-1,607,606,608,-1,607,608,569,-1,569,608,609,-1,569,609,567,-1,570,610,569,-1,569,610,611,-1,569,611,612,-1,437,436,533,-1,533,436,613,-1,533,613,585,-1,614,615,612,-1,612,615,616,-1,612,616,617,-1,618,619,620,-1,620,619,621,-1,620,621,485,-1,485,621,622,-1,485,622,486,-1,452,623,450,-1,450,623,624,-1,450,624,625,-1,625,624,626,-1,625,626,627,-1,627,626,628,-1,627,628,629,-1,629,628,630,-1,629,630,631,-1,631,630,632,-1,631,632,633,-1,633,632,634,-1,633,634,635,-1,635,634,636,-1,635,636,637,-1,637,636,638,-1,637,638,639,-1,639,638,640,-1,639,640,618,-1,618,640,641,-1,618,641,619,-1,617,642,612,-1,612,642,643,-1,612,643,569,-1,364,571,521,-1,364,521,366,-1,366,521,519,-1,366,519,367,-1,367,519,517,-1,367,517,299,-1,299,517,584,-1,299,584,301,-1,301,584,583,-1,301,583,303,-1,303,583,581,-1,303,581,305,-1,305,581,579,-1,305,579,399,-1,399,579,577,-1,399,577,398,-1,398,577,576,-1,398,576,396,-1,396,576,490,-1,396,490,236,-1,236,490,488,-1,236,488,339,-1,339,488,486,-1,339,486,340,-1,340,486,622,-1,340,622,342,-1,342,622,621,-1,342,621,420,-1,420,621,619,-1,420,619,421,-1,421,619,641,-1,421,641,423,-1,423,641,640,-1,423,640,425,-1,425,640,638,-1,425,638,427,-1,427,638,636,-1,427,636,429,-1,429,636,634,-1,429,634,430,-1,430,634,632,-1,430,632,381,-1,381,632,630,-1,381,630,379,-1,379,630,628,-1,379,628,405,-1,405,628,626,-1,405,626,285,-1,285,626,624,-1,285,624,283,-1,283,624,623,-1,283,623,233,-1,233,623,452,-1,233,452,331,-1,331,452,492,-1,331,492,332,-1,332,492,494,-1,332,494,334,-1,334,494,504,-1,334,504,336,-1,336,504,467,-1,336,467,223,-1,223,467,502,-1,223,502,316,-1,316,502,503,-1,316,503,314,-1,314,503,474,-1,314,474,312,-1,312,474,472,-1,312,472,259,-1,259,472,470,-1,259,470,260,-1,260,470,596,-1,260,596,290,-1,290,596,595,-1,290,595,292,-1,292,595,593,-1,292,593,414,-1,414,593,591,-1,414,591,415,-1,415,591,590,-1,415,590,417,-1,417,590,554,-1,417,554,418,-1,418,554,552,-1,418,552,384,-1,384,552,566,-1,384,566,386,-1,386,566,565,-1,386,565,388,-1,388,565,563,-1,388,563,390,-1,390,563,561,-1,390,561,392,-1,392,561,559,-1,392,559,393,-1,393,559,557,-1,393,557,345,-1,345,557,556,-1,345,556,347,-1,347,556,481,-1,347,481,349,-1,349,481,479,-1,349,479,350,-1,350,479,477,-1,350,477,308,-1,308,477,476,-1,308,476,310,-1,310,476,441,-1,310,441,311,-1,311,441,443,-1,311,443,287,-1,287,443,529,-1,287,529,288,-1,288,529,528,-1,288,528,246,-1,246,528,526,-1,246,526,247,-1,247,526,525,-1,247,525,248,-1,248,525,456,-1,248,456,218,-1,218,456,454,-1,218,454,219,-1,219,454,542,-1,219,542,268,-1,268,542,541,-1,268,541,356,-1,356,541,539,-1,356,539,357,-1,357,539,538,-1,357,538,359,-1,359,538,460,-1,359,460,373,-1,373,460,530,-1,373,530,374,-1,374,530,435,-1,374,435,375,-1,375,435,446,-1,375,446,352,-1,352,446,447,-1,352,447,354,-1,354,447,499,-1,354,499,355,-1,355,499,498,-1,355,498,264,-1,264,498,497,-1,264,497,265,-1,265,497,445,-1,265,445,229,-1,229,445,444,-1,229,444,227,-1,254,227,434,-1,434,227,444,-1,252,254,432,-1,432,254,434,-1,253,252,431,-1,431,252,432,-1,224,253,433,-1,433,253,431,-1,224,433,546,-1,224,546,294,-1,294,546,544,-1,294,544,295,-1,295,544,543,-1,295,543,296,-1,296,543,536,-1,296,536,297,-1,297,536,534,-1,297,534,256,-1,256,534,589,-1,256,589,257,-1,257,589,588,-1,257,588,275,-1,275,588,550,-1,275,550,276,-1,276,550,549,-1,276,549,277,-1,277,549,587,-1,277,587,271,-1,271,587,586,-1,271,586,273,-1,273,586,585,-1,273,585,274,-1,274,585,613,-1,274,613,240,-1,240,613,436,-1,240,436,220,-1,220,436,449,-1,220,449,286,-1,286,449,448,-1,286,448,309,-1,309,448,478,-1,309,478,307,-1,307,478,480,-1,307,480,348,-1,348,480,482,-1,348,482,346,-1,346,482,558,-1,346,558,344,-1,344,558,560,-1,344,560,391,-1,391,560,562,-1,391,562,389,-1,389,562,564,-1,389,564,387,-1,387,564,551,-1,387,551,385,-1,385,551,553,-1,385,553,383,-1,383,553,555,-1,383,555,416,-1,416,555,592,-1,416,592,293,-1,293,592,594,-1,293,594,291,-1,291,594,469,-1,291,469,289,-1,289,469,471,-1,289,471,258,-1,258,471,473,-1,258,473,313,-1,313,473,475,-1,313,475,315,-1,315,475,501,-1,315,501,317,-1,317,501,500,-1,317,500,318,-1,318,500,468,-1,318,468,221,-1,221,468,466,-1,221,466,222,-1,222,466,465,-1,222,465,338,-1,338,465,506,-1,338,506,337,-1,337,506,505,-1,337,505,335,-1,335,505,493,-1,335,493,333,-1,333,493,451,-1,333,451,231,-1,231,451,450,-1,231,450,232,-1,232,450,625,-1,232,625,284,-1,284,625,627,-1,284,627,406,-1,406,627,629,-1,406,629,407,-1,407,629,631,-1,407,631,380,-1,380,631,633,-1,380,633,382,-1,382,633,635,-1,382,635,428,-1,428,635,637,-1,428,637,426,-1,426,637,639,-1,426,639,424,-1,424,639,618,-1,424,618,422,-1,422,618,620,-1,422,620,343,-1,343,620,485,-1,343,485,341,-1,341,485,487,-1,341,487,234,-1,234,487,489,-1,234,489,235,-1,235,489,491,-1,235,491,237,-1,237,491,524,-1,237,524,238,-1,394,238,523,-1,523,238,524,-1,394,523,496,-1,394,496,395,-1,395,496,495,-1,395,495,397,-1,397,495,578,-1,397,578,306,-1,306,578,580,-1,306,580,304,-1,304,580,582,-1,304,582,302,-1,302,582,516,-1,302,516,300,-1,300,516,518,-1,300,518,298,-1,298,518,520,-1,298,520,365,-1,365,520,522,-1,365,522,363,-1,363,522,573,-1,363,573,361,-1,361,573,507,-1,361,507,370,-1,370,507,509,-1,370,509,330,-1,330,509,511,-1,330,511,328,-1,328,511,513,-1,328,513,326,-1,326,513,515,-1,326,515,324,-1,324,515,599,-1,324,599,243,-1,243,599,601,-1,243,601,244,-1,244,601,603,-1,244,603,279,-1,281,279,605,-1,605,279,603,-1,281,605,607,-1,281,607,403,-1,403,607,569,-1,403,569,376,-1,376,569,643,-1,376,643,419,-1,419,643,642,-1,419,642,408,-1,408,642,617,-1,408,617,409,-1,409,617,616,-1,409,616,411,-1,411,616,615,-1,411,615,412,-1,412,615,614,-1,412,614,413,-1,413,614,612,-1,413,612,410,-1,410,612,611,-1,410,611,400,-1,400,611,610,-1,400,610,401,-1,401,610,570,-1,401,570,402,-1,402,570,568,-1,402,568,377,-1,377,568,567,-1,377,567,378,-1,378,567,609,-1,378,609,404,-1,404,609,608,-1,404,608,282,-1,282,608,606,-1,282,606,280,-1,278,280,604,-1,604,280,606,-1,278,604,602,-1,278,602,245,-1,245,602,600,-1,245,600,322,-1,322,600,598,-1,322,598,323,-1,323,598,597,-1,323,597,325,-1,325,597,514,-1,325,514,327,-1,327,514,512,-1,327,512,329,-1,329,512,510,-1,329,510,368,-1,368,510,508,-1,368,508,369,-1,369,508,575,-1,369,575,371,-1,371,575,574,-1,371,574,372,-1,372,574,572,-1,372,572,362,-1,362,572,571,-1,362,571,364,-1,225,533,535,-1,225,535,226,-1,226,535,537,-1,226,537,261,-1,261,537,545,-1,261,545,262,-1,262,545,547,-1,262,547,249,-1,249,547,548,-1,249,548,250,-1,250,548,464,-1,250,464,251,-1,251,464,463,-1,251,463,228,-1,228,463,462,-1,228,462,230,-1,230,462,461,-1,230,461,263,-1,263,461,532,-1,263,532,353,-1,353,532,531,-1,353,531,351,-1,351,531,459,-1,351,459,360,-1,360,459,458,-1,360,458,358,-1,358,458,540,-1,358,540,269,-1,269,540,453,-1,269,453,267,-1,267,453,455,-1,267,455,266,-1,266,455,457,-1,266,457,319,-1,319,457,527,-1,319,527,320,-1,320,527,442,-1,320,442,321,-1,321,442,440,-1,321,440,242,-1,242,440,439,-1,242,439,241,-1,241,439,484,-1,241,484,239,-1,239,484,483,-1,239,483,272,-1,272,483,438,-1,272,438,270,-1,270,438,437,-1,270,437,255,-1,255,437,533,-1,255,533,225,-1,644,645,646,-1,646,645,647,-1,646,647,648,-1,648,647,649,-1,648,649,650,-1,650,649,651,-1,650,651,652,-1,652,651,653,-1,652,653,654,-1,654,653,655,-1,654,655,656,-1,656,655,657,-1,656,657,658,-1,658,657,659,-1,658,659,660,-1,661,662,663,-1,663,662,664,-1,663,664,665,-1,665,664,666,-1,665,666,667,-1,667,666,668,-1,667,668,669,-1,659,670,660,-1,660,670,671,-1,660,671,672,-1,672,671,673,-1,672,673,674,-1,674,673,675,-1,674,675,676,-1,676,675,677,-1,676,677,678,-1,678,677,679,-1,678,679,680,-1,680,679,681,-1,680,681,661,-1,661,681,682,-1,661,682,662,-1,668,683,669,-1,669,683,684,-1,669,684,685,-1,685,684,686,-1,685,686,687,-1,687,686,688,-1,687,688,689,-1,689,688,690,-1,689,690,691,-1,691,690,692,-1,691,692,693,-1,693,692,694,-1,693,694,695,-1,695,694,696,-1,695,696,697,-1,697,696,698,-1,697,698,699,-1,699,698,700,-1,699,700,701,-1,701,700,702,-1,701,702,703,-1,703,702,704,-1,703,704,705,-1,705,704,706,-1,705,706,707,-1,707,706,708,-1,707,708,709,-1,709,708,710,-1,709,710,711,-1,711,710,712,-1,711,712,713,-1,713,712,714,-1,713,714,715,-1,715,714,716,-1,715,716,644,-1,644,716,717,-1,644,717,645,-1,718,719,720,-1,720,719,721,-1,720,721,722,-1,722,721,723,-1,722,723,724,-1,724,723,725,-1,724,725,726,-1,726,725,727,-1,726,727,728,-1,728,727,729,-1,728,729,730,-1,731,732,733,-1,733,732,734,-1,733,734,735,-1,735,734,736,-1,735,736,737,-1,737,736,738,-1,737,738,739,-1,739,738,740,-1,739,740,741,-1,741,740,742,-1,741,742,743,-1,743,742,744,-1,743,744,745,-1,745,744,746,-1,745,746,747,-1,747,746,748,-1,747,748,749,-1,749,748,750,-1,749,750,751,-1,751,750,752,-1,751,752,753,-1,753,752,754,-1,753,754,755,-1,755,754,756,-1,755,756,757,-1,757,756,758,-1,757,758,759,-1,759,758,760,-1,759,760,718,-1,718,760,761,-1,718,761,719,-1,762,763,764,-1,764,763,765,-1,764,765,766,-1,766,765,767,-1,766,767,768,-1,768,767,769,-1,768,769,770,-1,770,769,771,-1,770,771,772,-1,772,771,773,-1,772,773,774,-1,774,773,775,-1,774,775,776,-1,776,775,777,-1,776,777,731,-1,731,777,778,-1,731,778,732,-1,729,779,730,-1,730,779,780,-1,730,780,781,-1,781,780,782,-1,781,782,783,-1,783,782,784,-1,783,784,785,-1,785,784,786,-1,785,786,787,-1,787,786,788,-1,787,788,789,-1,789,788,790,-1,789,790,762,-1,762,790,791,-1,762,791,763,-1,710,708,742,-1,742,708,744,-1,710,742,740,-1,710,740,712,-1,712,740,738,-1,712,738,714,-1,714,738,736,-1,714,736,716,-1,716,736,734,-1,716,734,717,-1,717,734,732,-1,717,732,645,-1,645,732,778,-1,645,778,647,-1,647,778,777,-1,647,777,649,-1,649,777,775,-1,649,775,651,-1,651,775,773,-1,651,773,653,-1,653,773,771,-1,653,771,655,-1,655,771,769,-1,655,769,657,-1,657,769,767,-1,657,767,659,-1,659,767,765,-1,659,765,670,-1,670,765,763,-1,670,763,671,-1,671,763,791,-1,671,791,673,-1,673,791,790,-1,673,790,675,-1,675,790,788,-1,675,788,677,-1,677,788,786,-1,677,786,679,-1,679,786,784,-1,679,784,681,-1,681,784,782,-1,681,782,682,-1,682,782,780,-1,682,780,662,-1,662,780,779,-1,662,779,664,-1,664,779,729,-1,664,729,666,-1,666,729,727,-1,666,727,668,-1,668,727,725,-1,668,725,683,-1,683,725,723,-1,683,723,684,-1,684,723,721,-1,684,721,686,-1,686,721,719,-1,686,719,688,-1,688,719,761,-1,688,761,690,-1,690,761,760,-1,690,760,692,-1,692,760,758,-1,692,758,694,-1,694,758,756,-1,694,756,696,-1,696,756,754,-1,696,754,698,-1,698,754,752,-1,698,752,700,-1,700,752,750,-1,700,750,702,-1,702,750,748,-1,702,748,704,-1,706,704,746,-1,746,704,748,-1,708,706,744,-1,744,706,746,-1,703,705,747,-1,747,705,745,-1,705,707,745,-1,745,707,743,-1,707,709,743,-1,743,709,741,-1,652,772,774,-1,652,774,650,-1,650,774,776,-1,650,776,648,-1,648,776,731,-1,648,731,646,-1,646,731,733,-1,646,733,644,-1,644,733,735,-1,644,735,715,-1,715,735,737,-1,715,737,713,-1,713,737,739,-1,713,739,711,-1,711,739,741,-1,711,741,709,-1,678,785,787,-1,678,787,676,-1,676,787,789,-1,676,789,674,-1,674,789,762,-1,674,762,672,-1,672,762,764,-1,672,764,660,-1,660,764,766,-1,660,766,658,-1,658,766,768,-1,658,768,656,-1,656,768,770,-1,656,770,654,-1,654,770,772,-1,654,772,652,-1,687,720,722,-1,687,722,685,-1,685,722,724,-1,685,724,669,-1,669,724,726,-1,669,726,667,-1,667,726,728,-1,667,728,665,-1,665,728,730,-1,665,730,663,-1,663,730,781,-1,663,781,661,-1,661,781,783,-1,661,783,680,-1,680,783,785,-1,680,785,678,-1,703,747,749,-1,703,749,701,-1,701,749,751,-1,701,751,699,-1,699,751,753,-1,699,753,697,-1,697,753,755,-1,697,755,695,-1,695,755,757,-1,695,757,693,-1,693,757,759,-1,693,759,691,-1,691,759,718,-1,691,718,689,-1,689,718,720,-1,689,720,687,-1,792,793,794,-1,794,793,795,-1,796,792,797,-1,797,792,794,-1,796,797,798,-1,796,798,799,-1,799,798,800,-1,799,800,801,-1,802,801,803,-1,803,801,800,-1,804,802,805,-1,805,802,803,-1,806,804,807,-1,807,804,805,-1,808,806,809,-1,809,806,807,-1,810,808,811,-1,811,808,809,-1,812,810,813,-1,813,810,811,-1,812,813,814,-1,812,814,815,-1,815,814,816,-1,815,816,817,-1,817,816,818,-1,817,818,819,-1,819,818,820,-1,819,820,821,-1,821,820,822,-1,821,822,823,-1,823,822,824,-1,823,824,825,-1,825,824,826,-1,825,826,827,-1,827,826,828,-1,827,828,829,-1,829,828,830,-1,829,830,831,-1,831,830,832,-1,831,832,833,-1,834,833,835,-1,835,833,832,-1,834,835,836,-1,834,836,837,-1,837,836,838,-1,837,838,839,-1,839,838,840,-1,839,840,841,-1,841,840,842,-1,841,842,843,-1,843,842,844,-1,843,844,845,-1,845,844,846,-1,845,846,847,-1,847,846,848,-1,847,848,849,-1,849,848,850,-1,849,850,851,-1,851,850,852,-1,851,852,853,-1,853,852,854,-1,853,854,855,-1,855,854,856,-1,855,856,857,-1,857,856,858,-1,857,858,859,-1,859,858,860,-1,859,860,861,-1,861,860,862,-1,861,862,863,-1,793,863,795,-1,795,863,862,-1,799,801,863,-1,793,792,863,-1,863,792,796,-1,863,796,799,-1,806,808,804,-1,804,808,810,-1,804,810,802,-1,817,819,851,-1,851,819,849,-1,849,819,821,-1,849,821,847,-1,847,821,823,-1,847,823,845,-1,845,823,843,-1,843,823,825,-1,843,825,841,-1,841,825,827,-1,841,827,839,-1,851,853,817,-1,817,853,855,-1,817,855,815,-1,815,855,857,-1,815,857,812,-1,839,827,837,-1,837,827,829,-1,837,829,834,-1,834,829,831,-1,834,831,833,-1,857,859,812,-1,812,859,861,-1,812,861,810,-1,810,861,863,-1,810,863,802,-1,802,863,801,-1,824,822,844,-1,811,809,807,-1,794,795,797,-1,797,795,862,-1,844,822,846,-1,846,822,820,-1,846,820,848,-1,844,842,824,-1,824,842,840,-1,824,840,826,-1,826,840,838,-1,826,838,828,-1,828,838,836,-1,828,836,830,-1,830,836,835,-1,830,835,832,-1,848,820,850,-1,850,820,818,-1,850,818,852,-1,852,818,816,-1,852,816,854,-1,854,816,814,-1,854,814,856,-1,856,814,858,-1,858,814,813,-1,858,813,860,-1,803,800,862,-1,862,800,798,-1,862,798,797,-1,807,805,811,-1,811,805,803,-1,811,803,813,-1,813,803,862,-1,813,862,860,-1,864,865,866,-1,866,865,867,-1,868,869,870,-1,871,872,873,-1,873,872,874,-1,873,874,875,-1,875,874,876,-1,875,876,877,-1,878,879,880,-1,881,882,883,-1,868,884,869,-1,869,884,885,-1,869,885,886,-1,887,888,889,-1,889,888,880,-1,889,880,890,-1,890,880,879,-1,891,892,893,-1,893,892,894,-1,893,894,871,-1,871,894,895,-1,871,895,872,-1,885,896,886,-1,886,896,897,-1,886,897,898,-1,898,897,899,-1,898,899,900,-1,866,901,864,-1,864,901,902,-1,864,902,903,-1,903,902,904,-1,903,904,870,-1,870,904,905,-1,870,905,868,-1,906,907,908,-1,908,907,909,-1,908,909,891,-1,891,909,910,-1,891,910,892,-1,911,912,913,-1,913,912,914,-1,913,914,915,-1,915,914,916,-1,915,916,917,-1,883,918,881,-1,881,918,919,-1,881,919,911,-1,911,919,920,-1,911,920,912,-1,921,922,923,-1,923,922,924,-1,923,924,882,-1,882,924,925,-1,882,925,883,-1,926,927,880,-1,880,927,928,-1,880,928,878,-1,929,926,906,-1,906,926,930,-1,906,930,907,-1,867,927,866,-1,866,927,926,-1,866,926,931,-1,931,926,929,-1,899,932,900,-1,900,932,933,-1,900,933,934,-1,934,933,935,-1,934,935,936,-1,876,937,877,-1,877,937,938,-1,877,938,939,-1,939,938,940,-1,939,940,941,-1,941,940,942,-1,941,942,943,-1,943,942,944,-1,943,944,945,-1,945,944,946,-1,945,946,947,-1,947,946,948,-1,947,948,949,-1,949,948,950,-1,949,950,951,-1,951,950,952,-1,951,952,953,-1,953,952,954,-1,953,954,955,-1,955,954,956,-1,955,956,957,-1,890,958,889,-1,889,958,959,-1,889,959,960,-1,960,959,961,-1,960,961,962,-1,963,964,965,-1,965,964,966,-1,965,966,967,-1,967,966,968,-1,967,968,969,-1,935,970,936,-1,936,970,971,-1,936,971,921,-1,921,971,972,-1,921,972,922,-1,968,973,969,-1,969,973,974,-1,969,974,975,-1,975,974,976,-1,975,976,977,-1,977,976,962,-1,977,962,978,-1,978,962,961,-1,916,979,917,-1,917,979,980,-1,917,980,981,-1,981,980,982,-1,981,982,983,-1,983,982,984,-1,983,984,963,-1,963,984,985,-1,963,985,964,-1,986,987,988,-1,989,990,991,-1,991,990,992,-1,991,992,993,-1,994,995,996,-1,996,995,997,-1,996,997,998,-1,999,1000,1001,-1,1002,1003,1004,-1,1005,1006,1007,-1,1007,1006,1008,-1,1007,1008,1009,-1,1010,1011,1000,-1,1000,1011,1012,-1,1000,1012,1001,-1,992,1013,993,-1,993,1013,1014,-1,993,1014,1015,-1,1015,1014,1016,-1,1015,1016,1017,-1,1018,1019,1020,-1,1020,1019,1021,-1,1020,1021,1022,-1,1022,1021,1023,-1,1022,1023,989,-1,989,1023,1024,-1,989,1024,990,-1,1025,1002,1026,-1,1026,1002,1004,-1,1026,1004,1027,-1,1027,1004,1028,-1,997,1029,998,-1,998,1029,1030,-1,998,1030,1005,-1,1005,1030,1031,-1,1005,1031,1006,-1,1032,1033,994,-1,994,1033,1034,-1,994,1034,995,-1,1035,1036,1032,-1,1032,1036,1037,-1,1032,1037,1033,-1,1001,1038,999,-1,999,1038,1039,-1,999,1039,1040,-1,1040,1039,1041,-1,1040,1041,1042,-1,1042,1041,1043,-1,1042,1043,1044,-1,1044,1043,1045,-1,1044,1045,1046,-1,1046,1045,1047,-1,1008,1048,1009,-1,1009,1048,1049,-1,1009,1049,1050,-1,1050,1049,1051,-1,1050,1051,1010,-1,1010,1051,1052,-1,1010,1052,1011,-1,1053,1054,1055,-1,1055,1054,1004,-1,1055,1004,1056,-1,1056,1004,1003,-1,1016,1057,1017,-1,1017,1057,1058,-1,1017,1058,1059,-1,1059,1058,1060,-1,1059,1060,1061,-1,1061,1060,1054,-1,1061,1054,1062,-1,1062,1054,1063,-1,1063,1054,1053,-1,1063,1053,1047,-1,1047,1053,1064,-1,1047,1064,1046,-1,1065,1066,1067,-1,1067,1066,1068,-1,1067,1068,1069,-1,1069,1068,1070,-1,1069,1070,1071,-1,1071,1070,1072,-1,1071,1072,1073,-1,986,988,1074,-1,1074,988,1075,-1,1074,1075,1076,-1,1076,1075,1077,-1,1076,1077,1078,-1,1078,1077,1079,-1,1078,1079,1080,-1,1080,1079,1081,-1,1080,1081,1082,-1,1082,1081,1083,-1,1082,1083,1084,-1,1084,1083,1085,-1,1084,1085,1086,-1,1086,1085,1087,-1,1086,1087,1018,-1,1018,1087,1088,-1,1018,1088,1019,-1,1089,1090,1091,-1,1091,1090,1092,-1,1091,1092,1093,-1,1093,1092,1094,-1,1093,1094,1035,-1,1035,1094,1095,-1,1035,1095,1036,-1,1072,1096,1073,-1,1073,1096,1097,-1,1073,1097,1098,-1,1098,1097,1099,-1,1098,1099,1100,-1,1100,1099,1101,-1,1100,1101,1089,-1,1089,1101,1102,-1,1089,1102,1090,-1,1067,1103,1065,-1,1065,1103,1104,-1,1065,1104,1105,-1,1105,1104,1106,-1,1105,1106,1026,-1,1026,1106,1107,-1,1026,1107,1025,-1,942,1087,1085,-1,942,1085,944,-1,944,1085,1083,-1,944,1083,946,-1,946,1083,1081,-1,946,1081,948,-1,948,1081,1079,-1,948,1079,950,-1,950,1079,1077,-1,950,1077,952,-1,952,1077,1075,-1,952,1075,954,-1,954,1075,988,-1,954,988,956,-1,957,956,987,-1,987,956,988,-1,957,987,986,-1,957,986,955,-1,955,986,1074,-1,955,1074,953,-1,953,1074,1076,-1,953,1076,951,-1,951,1076,1078,-1,951,1078,949,-1,949,1078,1080,-1,949,1080,947,-1,947,1080,1082,-1,947,1082,945,-1,945,1082,1084,-1,945,1084,943,-1,943,1084,1086,-1,943,1086,941,-1,941,1086,1018,-1,941,1018,939,-1,939,1018,1020,-1,939,1020,877,-1,877,1020,1022,-1,877,1022,875,-1,875,1022,989,-1,875,989,873,-1,873,989,991,-1,873,991,871,-1,871,991,993,-1,871,993,893,-1,893,993,1015,-1,893,1015,891,-1,891,1015,1017,-1,891,1017,908,-1,908,1017,1059,-1,908,1059,906,-1,906,1059,1061,-1,906,1061,929,-1,929,1061,1062,-1,929,1062,931,-1,931,1062,1063,-1,931,1063,866,-1,901,866,1047,-1,1047,866,1063,-1,901,1047,1045,-1,901,1045,902,-1,902,1045,1043,-1,902,1043,904,-1,904,1043,1041,-1,904,1041,905,-1,905,1041,1039,-1,905,1039,868,-1,868,1039,1038,-1,868,1038,884,-1,884,1038,1001,-1,884,1001,885,-1,885,1001,1012,-1,885,1012,896,-1,896,1012,1011,-1,896,1011,897,-1,897,1011,1052,-1,897,1052,899,-1,899,1052,1051,-1,899,1051,932,-1,932,1051,1049,-1,932,1049,933,-1,933,1049,1048,-1,933,1048,935,-1,935,1048,1008,-1,935,1008,970,-1,970,1008,1006,-1,970,1006,971,-1,971,1006,1031,-1,971,1031,972,-1,972,1031,1030,-1,972,1030,922,-1,922,1030,1029,-1,922,1029,924,-1,924,1029,997,-1,924,997,925,-1,925,997,995,-1,925,995,883,-1,883,995,1034,-1,883,1034,918,-1,918,1034,1033,-1,918,1033,919,-1,919,1033,1037,-1,919,1037,920,-1,920,1037,1036,-1,920,1036,912,-1,912,1036,1095,-1,912,1095,914,-1,914,1095,1094,-1,914,1094,916,-1,916,1094,1092,-1,916,1092,979,-1,979,1092,1090,-1,979,1090,980,-1,980,1090,1102,-1,980,1102,982,-1,982,1102,1101,-1,982,1101,984,-1,984,1101,1099,-1,984,1099,985,-1,985,1099,1097,-1,985,1097,964,-1,964,1097,1096,-1,964,1096,966,-1,966,1096,1072,-1,966,1072,968,-1,968,1072,1070,-1,968,1070,973,-1,973,1070,1068,-1,973,1068,974,-1,974,1068,1066,-1,974,1066,976,-1,976,1066,1065,-1,976,1065,962,-1,962,1065,1105,-1,962,1105,960,-1,889,960,1026,-1,1026,960,1105,-1,887,889,1027,-1,1027,889,1026,-1,888,887,1028,-1,1028,887,1027,-1,880,888,1004,-1,1004,888,1028,-1,880,1004,1054,-1,880,1054,926,-1,926,1054,1060,-1,926,1060,930,-1,930,1060,1058,-1,930,1058,907,-1,907,1058,1057,-1,907,1057,909,-1,909,1057,1016,-1,909,1016,910,-1,910,1016,1014,-1,910,1014,892,-1,892,1014,1013,-1,892,1013,894,-1,894,1013,992,-1,894,992,895,-1,895,992,990,-1,895,990,872,-1,872,990,1024,-1,872,1024,874,-1,874,1024,1023,-1,874,1023,876,-1,876,1023,1021,-1,876,1021,937,-1,937,1021,1019,-1,937,1019,938,-1,938,1019,1088,-1,938,1088,940,-1,940,1088,1087,-1,940,1087,942,-1,869,999,1040,-1,869,1040,870,-1,870,1040,1042,-1,870,1042,903,-1,903,1042,1044,-1,903,1044,864,-1,864,1044,1046,-1,864,1046,865,-1,865,1046,1064,-1,865,1064,867,-1,936,1007,1009,-1,936,1009,934,-1,934,1009,1050,-1,934,1050,900,-1,900,1050,1010,-1,900,1010,898,-1,898,1010,1000,-1,898,1000,886,-1,886,1000,999,-1,886,999,869,-1,911,1032,994,-1,911,994,881,-1,881,994,996,-1,881,996,882,-1,882,996,998,-1,882,998,923,-1,923,998,1005,-1,923,1005,921,-1,921,1005,1007,-1,921,1007,936,-1,983,1100,1089,-1,983,1089,981,-1,981,1089,1091,-1,981,1091,917,-1,917,1091,1093,-1,917,1093,915,-1,915,1093,1035,-1,915,1035,913,-1,913,1035,1032,-1,913,1032,911,-1,978,1104,1103,-1,978,1103,977,-1,977,1103,1067,-1,977,1067,975,-1,975,1067,1069,-1,975,1069,969,-1,969,1069,1071,-1,969,1071,967,-1,967,1071,1073,-1,967,1073,965,-1,965,1073,1098,-1,965,1098,963,-1,963,1098,1100,-1,963,1100,983,-1,928,1055,1056,-1,928,1056,878,-1,878,1056,1003,-1,878,1003,879,-1,879,1003,1002,-1,879,1002,890,-1,890,1002,1025,-1,890,1025,958,-1,958,1025,1107,-1,958,1107,959,-1,959,1107,1106,-1,959,1106,961,-1,961,1106,1104,-1,961,1104,978,-1,928,927,1055,-1,1055,927,1053,-1,927,867,1053,-1,1053,867,1064,-1,1108,1109,1110,-1,1110,1109,1111,-1,1110,1111,1112,-1,1112,1111,1113,-1,1112,1113,1114,-1,1114,1113,1115,-1,1114,1115,1116,-1,1116,1115,1117,-1,1116,1117,1118,-1,1118,1117,1119,-1,1118,1119,1120,-1,1120,1119,1121,-1,1120,1121,1122,-1,1122,1121,1123,-1,1122,1123,1124,-1,1125,1126,1127,-1,1127,1126,1128,-1,1127,1128,1129,-1,1129,1128,1130,-1,1129,1130,1131,-1,1131,1130,1132,-1,1131,1132,1133,-1,1123,1134,1124,-1,1124,1134,1135,-1,1124,1135,1136,-1,1136,1135,1137,-1,1136,1137,1138,-1,1138,1137,1139,-1,1138,1139,1140,-1,1140,1139,1141,-1,1140,1141,1142,-1,1142,1141,1143,-1,1142,1143,1144,-1,1144,1143,1145,-1,1144,1145,1125,-1,1125,1145,1146,-1,1125,1146,1126,-1,1132,1147,1133,-1,1133,1147,1148,-1,1133,1148,1149,-1,1149,1148,1150,-1,1149,1150,1151,-1,1151,1150,1152,-1,1151,1152,1153,-1,1153,1152,1154,-1,1153,1154,1155,-1,1155,1154,1156,-1,1155,1156,1157,-1,1157,1156,1158,-1,1157,1158,1159,-1,1159,1158,1160,-1,1159,1160,1161,-1,1161,1160,1162,-1,1161,1162,1163,-1,1163,1162,1164,-1,1163,1164,1165,-1,1165,1164,1166,-1,1165,1166,1167,-1,1167,1166,1168,-1,1167,1168,1169,-1,1169,1168,1170,-1,1169,1170,1171,-1,1171,1170,1172,-1,1171,1172,1173,-1,1173,1172,1174,-1,1173,1174,1175,-1,1175,1174,1176,-1,1175,1176,1177,-1,1177,1176,1178,-1,1177,1178,1179,-1,1179,1178,1180,-1,1179,1180,1108,-1,1108,1180,1181,-1,1108,1181,1109,-1,1182,1183,1184,-1,1184,1183,1185,-1,1184,1185,1186,-1,1186,1185,1187,-1,1186,1187,1188,-1,1188,1187,1189,-1,1188,1189,1190,-1,1190,1189,1191,-1,1190,1191,1192,-1,1192,1191,1193,-1,1192,1193,1194,-1,1195,1196,1197,-1,1197,1196,1198,-1,1197,1198,1199,-1,1199,1198,1200,-1,1199,1200,1201,-1,1201,1200,1202,-1,1201,1202,1203,-1,1203,1202,1204,-1,1203,1204,1205,-1,1205,1204,1206,-1,1205,1206,1207,-1,1207,1206,1208,-1,1207,1208,1209,-1,1209,1208,1210,-1,1209,1210,1211,-1,1211,1210,1212,-1,1211,1212,1213,-1,1213,1212,1214,-1,1213,1214,1215,-1,1215,1214,1216,-1,1215,1216,1217,-1,1217,1216,1218,-1,1217,1218,1219,-1,1219,1218,1220,-1,1219,1220,1221,-1,1221,1220,1222,-1,1221,1222,1223,-1,1223,1222,1224,-1,1223,1224,1182,-1,1182,1224,1225,-1,1182,1225,1183,-1,1226,1227,1228,-1,1228,1227,1229,-1,1228,1229,1230,-1,1230,1229,1231,-1,1230,1231,1232,-1,1232,1231,1233,-1,1232,1233,1234,-1,1234,1233,1235,-1,1234,1235,1236,-1,1236,1235,1237,-1,1236,1237,1238,-1,1238,1237,1239,-1,1238,1239,1240,-1,1240,1239,1241,-1,1240,1241,1195,-1,1195,1241,1242,-1,1195,1242,1196,-1,1193,1243,1194,-1,1194,1243,1244,-1,1194,1244,1245,-1,1245,1244,1246,-1,1245,1246,1247,-1,1247,1246,1248,-1,1247,1248,1249,-1,1249,1248,1250,-1,1249,1250,1251,-1,1251,1250,1252,-1,1251,1252,1253,-1,1253,1252,1254,-1,1253,1254,1226,-1,1226,1254,1255,-1,1226,1255,1227,-1,1174,1172,1206,-1,1206,1172,1208,-1,1174,1206,1204,-1,1174,1204,1176,-1,1176,1204,1202,-1,1176,1202,1178,-1,1178,1202,1200,-1,1178,1200,1180,-1,1180,1200,1198,-1,1180,1198,1181,-1,1181,1198,1196,-1,1181,1196,1109,-1,1109,1196,1242,-1,1109,1242,1111,-1,1111,1242,1241,-1,1111,1241,1113,-1,1113,1241,1239,-1,1113,1239,1115,-1,1115,1239,1237,-1,1115,1237,1117,-1,1117,1237,1235,-1,1117,1235,1119,-1,1119,1235,1233,-1,1119,1233,1121,-1,1121,1233,1231,-1,1121,1231,1123,-1,1123,1231,1229,-1,1123,1229,1134,-1,1134,1229,1227,-1,1134,1227,1135,-1,1135,1227,1255,-1,1135,1255,1137,-1,1137,1255,1254,-1,1137,1254,1139,-1,1139,1254,1252,-1,1139,1252,1141,-1,1141,1252,1250,-1,1141,1250,1143,-1,1143,1250,1248,-1,1143,1248,1145,-1,1145,1248,1246,-1,1145,1246,1146,-1,1146,1246,1244,-1,1146,1244,1126,-1,1126,1244,1243,-1,1126,1243,1128,-1,1128,1243,1193,-1,1128,1193,1130,-1,1130,1193,1191,-1,1130,1191,1132,-1,1132,1191,1189,-1,1132,1189,1147,-1,1147,1189,1187,-1,1147,1187,1148,-1,1148,1187,1185,-1,1148,1185,1150,-1,1150,1185,1183,-1,1150,1183,1152,-1,1152,1183,1225,-1,1152,1225,1154,-1,1154,1225,1224,-1,1154,1224,1156,-1,1156,1224,1222,-1,1156,1222,1158,-1,1158,1222,1220,-1,1158,1220,1160,-1,1160,1220,1218,-1,1160,1218,1162,-1,1162,1218,1216,-1,1162,1216,1164,-1,1164,1216,1214,-1,1164,1214,1166,-1,1166,1214,1212,-1,1166,1212,1168,-1,1170,1168,1210,-1,1210,1168,1212,-1,1172,1170,1208,-1,1208,1170,1210,-1,1167,1169,1211,-1,1211,1169,1209,-1,1169,1171,1209,-1,1209,1171,1207,-1,1171,1173,1207,-1,1207,1173,1205,-1,1116,1236,1238,-1,1116,1238,1114,-1,1114,1238,1240,-1,1114,1240,1112,-1,1112,1240,1195,-1,1112,1195,1110,-1,1110,1195,1197,-1,1110,1197,1108,-1,1108,1197,1199,-1,1108,1199,1179,-1,1179,1199,1201,-1,1179,1201,1177,-1,1177,1201,1203,-1,1177,1203,1175,-1,1175,1203,1205,-1,1175,1205,1173,-1,1142,1249,1251,-1,1142,1251,1140,-1,1140,1251,1253,-1,1140,1253,1138,-1,1138,1253,1226,-1,1138,1226,1136,-1,1136,1226,1228,-1,1136,1228,1124,-1,1124,1228,1230,-1,1124,1230,1122,-1,1122,1230,1232,-1,1122,1232,1120,-1,1120,1232,1234,-1,1120,1234,1118,-1,1118,1234,1236,-1,1118,1236,1116,-1,1151,1184,1186,-1,1151,1186,1149,-1,1149,1186,1188,-1,1149,1188,1133,-1,1133,1188,1190,-1,1133,1190,1131,-1,1131,1190,1192,-1,1131,1192,1129,-1,1129,1192,1194,-1,1129,1194,1127,-1,1127,1194,1245,-1,1127,1245,1125,-1,1125,1245,1247,-1,1125,1247,1144,-1,1144,1247,1249,-1,1144,1249,1142,-1,1167,1211,1213,-1,1167,1213,1165,-1,1165,1213,1215,-1,1165,1215,1163,-1,1163,1215,1217,-1,1163,1217,1161,-1,1161,1217,1219,-1,1161,1219,1159,-1,1159,1219,1221,-1,1159,1221,1157,-1,1157,1221,1223,-1,1157,1223,1155,-1,1155,1223,1182,-1,1155,1182,1153,-1,1153,1182,1184,-1,1153,1184,1151,-1,1256,1257,1258,-1,1258,1257,1259,-1,1260,1261,1256,-1,1256,1261,1262,-1,1256,1262,1257,-1,1257,1262,1263,-1,1260,1264,1261,-1,1261,1264,1265,-1,1261,1265,1266,-1,1266,1265,1267,-1,1266,1267,1268,-1,1268,1269,1266,-1,1266,1269,1258,-1,1266,1258,1270,-1,1270,1258,1259,-1,1270,1259,1271,-1,1272,1273,1274,-1,1274,1273,1275,-1,1276,1277,1275,-1,1275,1277,1278,-1,1275,1278,1274,-1,1274,1278,1279,-1,1276,1280,1277,-1,1277,1280,1281,-1,1277,1281,1282,-1,1282,1281,1283,-1,1282,1283,1284,-1,1284,1285,1282,-1,1282,1285,1273,-1,1282,1273,1286,-1,1286,1273,1272,-1,1286,1272,1287,-1,1266,1270,1277,-1,1277,1270,1278,-1,1261,1266,1282,-1,1282,1266,1277,-1,1262,1261,1286,-1,1286,1261,1282,-1,1263,1262,1287,-1,1287,1262,1286,-1,1257,1263,1272,-1,1272,1263,1287,-1,1259,1257,1274,-1,1274,1257,1272,-1,1271,1259,1279,-1,1279,1259,1274,-1,1270,1271,1278,-1,1278,1271,1279,-1,1256,1258,1273,-1,1273,1258,1275,-1,1258,1269,1275,-1,1275,1269,1276,-1,1267,1281,1280,-1,1267,1280,1268,-1,1268,1280,1276,-1,1268,1276,1269,-1,1267,1265,1281,-1,1281,1265,1283,-1,1260,1285,1284,-1,1260,1284,1264,-1,1264,1284,1283,-1,1264,1283,1265,-1,1260,1256,1285,-1,1285,1256,1273,-1,1288,1289,1290,-1,1290,1289,1291,-1,1292,1288,1293,-1,1293,1288,1290,-1,1294,1292,1295,-1,1295,1292,1293,-1,1296,1294,1297,-1,1297,1294,1295,-1,1298,1296,1299,-1,1299,1296,1297,-1,1300,1298,1301,-1,1301,1298,1299,-1,1302,1300,1303,-1,1303,1300,1301,-1,1304,1302,1305,-1,1305,1302,1303,-1,1306,1304,1307,-1,1307,1304,1305,-1,1308,1306,1309,-1,1309,1306,1307,-1,1310,1308,1311,-1,1311,1308,1309,-1,1289,1310,1291,-1,1291,1310,1311,-1,1310,1289,1288,-1,1288,1292,1310,-1,1310,1292,1294,-1,1310,1294,1308,-1,1304,1306,1302,-1,1302,1306,1308,-1,1302,1308,1300,-1,1300,1308,1294,-1,1300,1294,1298,-1,1298,1294,1296,-1,1290,1291,1293,-1,1293,1291,1311,-1,1293,1311,1295,-1,1307,1305,1309,-1,1309,1305,1303,-1,1309,1303,1301,-1,1299,1297,1301,-1,1301,1297,1295,-1,1301,1295,1309,-1,1309,1295,1311,-1,1312,1313,1314,-1,1314,1313,1315,-1,1316,1312,1317,-1,1317,1312,1314,-1,1318,1316,1319,-1,1319,1316,1317,-1,1320,1318,1321,-1,1321,1318,1319,-1,1322,1320,1323,-1,1323,1320,1321,-1,1313,1322,1315,-1,1315,1322,1323,-1,1318,1320,1316,-1,1316,1320,1322,-1,1316,1322,1312,-1,1312,1322,1313,-1,1314,1315,1317,-1,1317,1315,1323,-1,1317,1323,1319,-1,1319,1323,1321,-1,1324,1325,1326,-1,1326,1325,1327,-1,1328,1324,1329,-1,1329,1324,1326,-1,1330,1328,1331,-1,1331,1328,1329,-1,1332,1330,1333,-1,1333,1330,1331,-1,1334,1332,1335,-1,1335,1332,1333,-1,1336,1334,1337,-1,1337,1334,1335,-1,1338,1336,1339,-1,1339,1336,1337,-1,1340,1338,1341,-1,1341,1338,1339,-1,1342,1340,1343,-1,1343,1340,1341,-1,1344,1342,1345,-1,1345,1342,1343,-1,1346,1344,1347,-1,1347,1344,1345,-1,1325,1346,1327,-1,1327,1346,1347,-1,1325,1324,1346,-1,1346,1324,1328,-1,1332,1334,1330,-1,1330,1334,1336,-1,1340,1342,1338,-1,1338,1342,1344,-1,1338,1344,1336,-1,1336,1344,1346,-1,1336,1346,1330,-1,1330,1346,1328,-1,1345,1343,1341,-1,1341,1339,1345,-1,1345,1339,1337,-1,1345,1337,1347,-1,1326,1327,1329,-1,1329,1327,1347,-1,1329,1347,1331,-1,1331,1347,1337,-1,1331,1337,1333,-1,1333,1337,1335,-1,1348,1349,1350,-1,1348,1350,1351,-1,1351,1350,1352,-1,1351,1352,1353,-1,1353,1352,1354,-1,1353,1354,1355,-1,1355,1354,1356,-1,1355,1356,1357,-1,1357,1356,1358,-1,1357,1358,1359,-1,1359,1358,1360,-1,1359,1360,1361,-1,1361,1360,1362,-1,1361,1362,1363,-1,1364,1363,1365,-1,1365,1363,1362,-1,1364,1365,1366,-1,1364,1366,1367,-1,1367,1366,1368,-1,1367,1368,1369,-1,1369,1368,1370,-1,1369,1370,1371,-1,1371,1370,1372,-1,1371,1372,1373,-1,1373,1372,1374,-1,1373,1374,1375,-1,1375,1374,1376,-1,1375,1376,1377,-1,1377,1376,1378,-1,1377,1378,1379,-1,1379,1378,1380,-1,1379,1380,1381,-1,1381,1380,1382,-1,1381,1382,1383,-1,1383,1382,1384,-1,1383,1384,1385,-1,1385,1384,1386,-1,1385,1386,1387,-1,1387,1386,1388,-1,1387,1388,1389,-1,1389,1388,1390,-1,1389,1390,1391,-1,1391,1390,1392,-1,1391,1392,1393,-1,1393,1392,1394,-1,1393,1394,1395,-1,1395,1394,1396,-1,1395,1396,1397,-1,1397,1396,1398,-1,1397,1398,1399,-1,1399,1398,1400,-1,1399,1400,1401,-1,1401,1400,1402,-1,1401,1402,1403,-1,1403,1402,1404,-1,1403,1404,1405,-1,1405,1404,1406,-1,1405,1406,1407,-1,1407,1406,1408,-1,1407,1408,1409,-1,1409,1408,1410,-1,1409,1410,1411,-1,1411,1410,1412,-1,1411,1412,1413,-1,1413,1412,1414,-1,1413,1414,1415,-1,1415,1414,1416,-1,1415,1416,1417,-1,1417,1416,1418,-1,1417,1418,1419,-1,1419,1418,1420,-1,1419,1420,1421,-1,1421,1420,1422,-1,1421,1422,1423,-1,1423,1422,1424,-1,1423,1424,1425,-1,1425,1424,1426,-1,1425,1426,1427,-1,1427,1426,1428,-1,1427,1428,1429,-1,1429,1428,1430,-1,1429,1430,1431,-1,1431,1430,1432,-1,1431,1432,1433,-1,1433,1432,1434,-1,1433,1434,1435,-1,1435,1434,1436,-1,1435,1436,1437,-1,1437,1436,1438,-1,1437,1438,1439,-1,1439,1438,1440,-1,1439,1440,1441,-1,1441,1440,1442,-1,1441,1442,1443,-1,1443,1442,1444,-1,1443,1444,1445,-1,1445,1444,1446,-1,1445,1446,1447,-1,1447,1446,1448,-1,1447,1448,1449,-1,1449,1448,1450,-1,1449,1450,1451,-1,1451,1450,1452,-1,1451,1452,1453,-1,1453,1452,1454,-1,1453,1454,1455,-1,1455,1454,1456,-1,1455,1456,1457,-1,1457,1456,1458,-1,1457,1458,1459,-1,1459,1458,1460,-1,1459,1460,1461,-1,1461,1460,1462,-1,1461,1462,1463,-1,1463,1462,1464,-1,1463,1464,1465,-1,1465,1464,1466,-1,1465,1466,1467,-1,1467,1466,1468,-1,1467,1468,1469,-1,1469,1468,1470,-1,1469,1470,1471,-1,1471,1470,1472,-1,1471,1472,1473,-1,1473,1472,1474,-1,1473,1474,1475,-1,1475,1474,1476,-1,1475,1476,1477,-1,1477,1476,1478,-1,1477,1478,1479,-1,1479,1478,1480,-1,1479,1480,1481,-1,1481,1480,1482,-1,1481,1482,1483,-1,1484,1483,1485,-1,1485,1483,1482,-1,1484,1485,1486,-1,1484,1486,1487,-1,1487,1486,1488,-1,1487,1488,1489,-1,1489,1488,1490,-1,1489,1490,1491,-1,1491,1490,1492,-1,1491,1492,1493,-1,1493,1492,1494,-1,1493,1494,1495,-1,1495,1494,1496,-1,1495,1496,1497,-1,1497,1496,1498,-1,1497,1498,1499,-1,1499,1498,1500,-1,1499,1500,1501,-1,1501,1500,1502,-1,1501,1502,1503,-1,1503,1502,1504,-1,1503,1504,1505,-1,1505,1504,1506,-1,1505,1506,1507,-1,1507,1506,1508,-1,1507,1508,1509,-1,1509,1508,1510,-1,1509,1510,1511,-1,1511,1510,1512,-1,1511,1512,1513,-1,1513,1512,1514,-1,1513,1514,1515,-1,1515,1514,1516,-1,1515,1516,1517,-1,1517,1516,1518,-1,1517,1518,1519,-1,1519,1518,1520,-1,1519,1520,1521,-1,1521,1520,1522,-1,1521,1522,1523,-1,1523,1522,1524,-1,1523,1524,1525,-1,1525,1524,1526,-1,1525,1526,1527,-1,1527,1526,1528,-1,1527,1528,1529,-1,1529,1528,1530,-1,1529,1530,1531,-1,1531,1530,1532,-1,1531,1532,1533,-1,1533,1532,1534,-1,1533,1534,1535,-1,1535,1534,1536,-1,1535,1536,1537,-1,1537,1536,1538,-1,1537,1538,1539,-1,1539,1538,1540,-1,1539,1540,1541,-1,1541,1540,1542,-1,1541,1542,1543,-1,1543,1542,1544,-1,1543,1544,1545,-1,1545,1544,1546,-1,1545,1546,1547,-1,1547,1546,1548,-1,1547,1548,1549,-1,1549,1548,1550,-1,1549,1550,1551,-1,1551,1550,1552,-1,1551,1552,1553,-1,1553,1552,1554,-1,1553,1554,1555,-1,1555,1554,1556,-1,1555,1556,1557,-1,1557,1556,1558,-1,1557,1558,1559,-1,1559,1558,1560,-1,1559,1560,1561,-1,1561,1560,1562,-1,1561,1562,1563,-1,1563,1562,1564,-1,1563,1564,1565,-1,1565,1564,1566,-1,1565,1566,1567,-1,1567,1566,1568,-1,1567,1568,1569,-1,1569,1568,1570,-1,1569,1570,1571,-1,1571,1570,1572,-1,1571,1572,1573,-1,1573,1572,1574,-1,1573,1574,1575,-1,1575,1574,1576,-1,1575,1576,1577,-1,1577,1576,1578,-1,1577,1578,1579,-1,1579,1578,1580,-1,1579,1580,1581,-1,1581,1580,1582,-1,1581,1582,1583,-1,1583,1582,1584,-1,1583,1584,1585,-1,1585,1584,1349,-1,1585,1349,1348,-1,1361,1363,1364,-1,1481,1483,1484,-1,1391,1393,1575,-1,1575,1393,1573,-1,1455,1515,1453,-1,1453,1515,1517,-1,1453,1517,1451,-1,1393,1395,1573,-1,1573,1395,1397,-1,1573,1397,1571,-1,1457,1511,1455,-1,1455,1511,1513,-1,1455,1513,1515,-1,1391,1575,1389,-1,1389,1575,1577,-1,1389,1577,1387,-1,1387,1577,1579,-1,1387,1579,1385,-1,1385,1579,1581,-1,1385,1581,1383,-1,1533,1443,1531,-1,1531,1443,1445,-1,1415,1561,1413,-1,1413,1561,1563,-1,1517,1519,1451,-1,1451,1519,1521,-1,1451,1521,1449,-1,1521,1523,1449,-1,1449,1523,1525,-1,1449,1525,1447,-1,1447,1525,1527,-1,1447,1527,1445,-1,1445,1527,1529,-1,1445,1529,1531,-1,1533,1535,1443,-1,1443,1535,1537,-1,1443,1537,1441,-1,1441,1537,1539,-1,1441,1539,1439,-1,1439,1539,1541,-1,1439,1541,1437,-1,1437,1541,1543,-1,1437,1543,1435,-1,1567,1407,1565,-1,1565,1407,1409,-1,1565,1409,1563,-1,1563,1409,1411,-1,1563,1411,1413,-1,1397,1399,1571,-1,1571,1399,1401,-1,1571,1401,1569,-1,1569,1401,1403,-1,1569,1403,1567,-1,1567,1403,1405,-1,1567,1405,1407,-1,1415,1417,1561,-1,1561,1417,1419,-1,1561,1419,1559,-1,1559,1419,1421,-1,1559,1421,1557,-1,1557,1421,1423,-1,1557,1423,1555,-1,1555,1423,1425,-1,1555,1425,1553,-1,1383,1581,1381,-1,1381,1581,1583,-1,1381,1583,1379,-1,1379,1583,1585,-1,1379,1585,1377,-1,1377,1585,1348,-1,1377,1348,1375,-1,1375,1348,1351,-1,1375,1351,1373,-1,1373,1351,1353,-1,1373,1353,1371,-1,1371,1353,1355,-1,1371,1355,1369,-1,1369,1355,1357,-1,1369,1357,1367,-1,1367,1357,1364,-1,1364,1357,1359,-1,1364,1359,1361,-1,1425,1427,1553,-1,1553,1427,1429,-1,1553,1429,1551,-1,1551,1429,1431,-1,1551,1431,1549,-1,1549,1431,1433,-1,1549,1433,1547,-1,1547,1433,1435,-1,1547,1435,1545,-1,1545,1435,1543,-1,1481,1484,1479,-1,1479,1484,1487,-1,1479,1487,1477,-1,1477,1487,1489,-1,1477,1489,1475,-1,1475,1489,1491,-1,1475,1491,1473,-1,1473,1491,1493,-1,1473,1493,1471,-1,1471,1493,1495,-1,1471,1495,1469,-1,1469,1495,1497,-1,1469,1497,1467,-1,1467,1497,1499,-1,1467,1499,1465,-1,1465,1499,1501,-1,1465,1501,1463,-1,1463,1501,1503,-1,1463,1503,1461,-1,1461,1503,1505,-1,1461,1505,1459,-1,1459,1505,1507,-1,1459,1507,1457,-1,1457,1507,1509,-1,1457,1509,1511,-1,1572,1392,1574,-1,1574,1392,1390,-1,1574,1390,1576,-1,1576,1390,1388,-1,1576,1388,1578,-1,1454,1452,1514,-1,1534,1442,1536,-1,1536,1442,1440,-1,1570,1396,1572,-1,1572,1396,1394,-1,1572,1394,1392,-1,1564,1562,1410,-1,1410,1562,1412,-1,1412,1562,1560,-1,1412,1560,1414,-1,1534,1532,1442,-1,1442,1532,1530,-1,1442,1530,1444,-1,1444,1530,1528,-1,1444,1528,1446,-1,1558,1418,1560,-1,1560,1418,1416,-1,1560,1416,1414,-1,1448,1520,1450,-1,1450,1520,1518,-1,1450,1518,1452,-1,1452,1518,1516,-1,1452,1516,1514,-1,1568,1400,1570,-1,1570,1400,1398,-1,1570,1398,1396,-1,1528,1526,1446,-1,1446,1526,1524,-1,1446,1524,1448,-1,1448,1524,1522,-1,1448,1522,1520,-1,1388,1386,1578,-1,1578,1386,1384,-1,1578,1384,1580,-1,1580,1384,1382,-1,1580,1382,1582,-1,1582,1382,1380,-1,1582,1380,1584,-1,1584,1380,1378,-1,1584,1378,1349,-1,1349,1378,1376,-1,1349,1376,1350,-1,1350,1376,1374,-1,1350,1374,1352,-1,1352,1374,1372,-1,1352,1372,1354,-1,1410,1408,1564,-1,1564,1408,1406,-1,1564,1406,1566,-1,1566,1406,1404,-1,1566,1404,1568,-1,1568,1404,1402,-1,1568,1402,1400,-1,1372,1370,1354,-1,1354,1370,1368,-1,1354,1368,1356,-1,1356,1368,1366,-1,1356,1366,1358,-1,1358,1366,1365,-1,1358,1365,1360,-1,1360,1365,1362,-1,1550,1548,1432,-1,1432,1548,1546,-1,1432,1546,1434,-1,1434,1546,1544,-1,1434,1544,1436,-1,1436,1544,1542,-1,1436,1542,1438,-1,1438,1542,1540,-1,1438,1540,1440,-1,1440,1540,1538,-1,1440,1538,1536,-1,1514,1512,1454,-1,1454,1512,1510,-1,1454,1510,1456,-1,1456,1510,1508,-1,1456,1508,1458,-1,1458,1508,1506,-1,1458,1506,1460,-1,1460,1506,1504,-1,1460,1504,1462,-1,1462,1504,1502,-1,1462,1502,1464,-1,1464,1502,1500,-1,1464,1500,1466,-1,1466,1500,1498,-1,1466,1498,1468,-1,1468,1498,1496,-1,1468,1496,1470,-1,1470,1496,1494,-1,1470,1494,1472,-1,1472,1494,1492,-1,1472,1492,1474,-1,1474,1492,1490,-1,1474,1490,1476,-1,1476,1490,1488,-1,1476,1488,1478,-1,1478,1488,1486,-1,1478,1486,1480,-1,1480,1486,1485,-1,1480,1485,1482,-1,1432,1430,1550,-1,1550,1430,1428,-1,1550,1428,1552,-1,1552,1428,1426,-1,1552,1426,1554,-1,1554,1426,1424,-1,1554,1424,1556,-1,1556,1424,1422,-1,1556,1422,1558,-1,1558,1422,1420,-1,1558,1420,1418,-1,1586,1587,1588,-1,1588,1587,1589,-1,1590,1586,1591,-1,1591,1586,1588,-1,1592,1590,1593,-1,1593,1590,1591,-1,1594,1592,1595,-1,1595,1592,1593,-1,1596,1594,1597,-1,1597,1594,1595,-1,1598,1596,1599,-1,1599,1596,1597,-1,1600,1598,1601,-1,1601,1598,1599,-1,1602,1600,1603,-1,1603,1600,1601,-1,1604,1602,1605,-1,1605,1602,1603,-1,1606,1604,1607,-1,1607,1604,1605,-1,1608,1606,1609,-1,1609,1606,1607,-1,1587,1608,1589,-1,1589,1608,1609,-1,1608,1587,1586,-1,1586,1590,1608,-1,1608,1590,1592,-1,1608,1592,1606,-1,1602,1604,1600,-1,1600,1604,1606,-1,1600,1606,1598,-1,1598,1606,1592,-1,1598,1592,1596,-1,1596,1592,1594,-1,1588,1589,1591,-1,1591,1589,1609,-1,1591,1609,1593,-1,1605,1603,1607,-1,1607,1603,1601,-1,1607,1601,1599,-1,1597,1595,1599,-1,1599,1595,1593,-1,1599,1593,1607,-1,1607,1593,1609,-1,
        ]
    }
}
Shape{
    appearance Appearance {
        material  Material 	{
            diffuseColor 0.7529411764705882 0.7529411764705882 0.7529411764705882
            specularColor 0.3764705882352941 0.3764705882352941 0.3764705882352941
            ambientIntensity 0.7529
            transparency 0.0
            shininess 0.5
        }
    }
    geometry IndexedFaceSet {
        ccw TRUE
        solid FALSE
        coord DEF co Coordinate {
            point [
                0.293 0.8172 0.0382, 0.293 0.8152 0.037, 0.293 0.8152 0.0551, 0.2903 0.7988 0.0148, 0.2901 0.7981 0.0119, 0.2886 0.794 0.0551, 0.2899 0.7976 0.009, 0.2898 0.7973 0.006, 0.2886 0.794 0.0, 0.2898 0.7973 0.003, 0.2899 0.7974 0.0, 0.2916 0.8038 0.0256, 0.2913 0.8022 0.0231, 0.2909 0.8008 0.0551, 0.2909 0.8008 0.0204, 0.2906 0.7997 0.0176, 0.2924 0.808 0.0551, 0.2929 0.8141 0.0363, 0.2928 0.8117 0.0345, 0.2926 0.8095 0.0325, 0.2924 0.808 0.0309, 0.292 0.8055 0.0281, 0.292 0.8272 0.0422, 0.2927 0.8225 0.0551, 0.2914 0.8296 0.0427, 0.2914 0.8296 0.0551, 0.2912 0.8307 0.0429, 0.2924 0.8248 0.0415, 0.2927 0.8225 0.0407, 0.2929 0.8193 0.0393, 0.2894 0.8366 0.0551, 0.2894 0.8366 0.0433, 0.2904 0.8336 0.0432, 0.2854 0.7874 0.0, 0.2854 0.7874 0.0551, 0.3602 0.8366 0.0551, 0.3602 0.8366 0.0433, 0.3592 0.8336 0.0432, 0.3582 0.8296 0.0551, 0.3584 0.8307 0.0429, 0.357 0.8225 0.0407, 0.3572 0.8248 0.0415, 0.357 0.8225 0.0551, 0.3577 0.8272 0.0422, 0.3582 0.8296 0.0427, 0.3567 0.8193 0.0393, 0.3566 0.8152 0.0551, 0.3566 0.8172 0.0382, 0.357 0.8095 0.0325, 0.3568 0.8117 0.0345, 0.3572 0.808 0.0551, 0.3567 0.8141 0.0363, 0.3567 0.8152 0.0369, 0.3583 0.8022 0.0231, 0.358 0.8038 0.0256, 0.3587 0.8008 0.0551, 0.3576 0.8055 0.0281, 0.3572 0.808 0.0309, 0.3598 0.7973 0.006, 0.361 0.794 0.0, 0.3598 0.7973 0.003, 0.3597 0.7974 0.0, 0.3597 0.7976 0.009, 0.3595 0.7981 0.0119, 0.361 0.794 0.0551, 0.3593 0.7988 0.0148, 0.359 0.7997 0.0176, 0.3587 0.8008 0.0204, 0.3642 0.7874 0.0, 0.3642 0.7874 0.0551, 0.3445 0.6791 0.0, 0.2854 0.6988 0.0, 0.3584 0.6849 0.0, 0.3554 0.6825 0.0, 0.352 0.6806 0.0, 0.3642 0.6988 0.0, 0.3638 0.695 0.0, 0.3627 0.6913 0.0, 0.3051 0.6791 0.0, 0.3013 0.6795 0.0, 0.2858 0.695 0.0, 0.2869 0.6913 0.0, 0.3483 0.6795 0.0, 0.3609 0.6879 0.0, 0.2942 0.6825 0.0, 0.2912 0.6849 0.0, 0.2888 0.6879 0.0, 0.2976 0.6806 0.0, 0.3051 0.6791 0.0551, 0.3013 0.6795 0.0551, 0.2976 0.6806 0.0551, 0.2942 0.6825 0.0551, 0.2912 0.6849 0.0551, 0.2888 0.6879 0.0551, 0.2869 0.6913 0.0551, 0.2858 0.695 0.0551, 0.2854 0.6988 0.0551, 0.3642 0.6988 0.0551, 0.3638 0.695 0.0551, 0.3627 0.6913 0.0551, 0.3609 0.6879 0.0551, 0.3584 0.6849 0.0551, 0.3554 0.6825 0.0551, 0.352 0.6806 0.0551, 0.3483 0.6795 0.0551, 0.3445 0.6791 0.0551, 0.0961 0.8172 0.0382, 0.0961 0.8152 0.037, 0.0961 0.8152 0.0551, 0.0935 0.7988 0.0148, 0.0932 0.7981 0.0119, 0.0917 0.794 0.0551, 0.0931 0.7976 0.009, 0.093 0.7973 0.006, 0.0917 0.794 0.0, 0.093 0.7973 0.003, 0.093 0.7974 0.0, 0.0948 0.8038 0.0256, 0.0944 0.8022 0.0231, 0.0941 0.8008 0.0551, 0.0941 0.8008 0.0204, 0.0938 0.7997 0.0176, 0.0955 0.808 0.0551, 0.0961 0.8141 0.0363, 0.096 0.8117 0.0345, 0.0957 0.8095 0.0325, 0.0955 0.808 0.0309, 0.0951 0.8055 0.0281, 0.0951 0.8272 0.0422, 0.0958 0.8225 0.0551, 0.0946 0.8296 0.0427, 0.0946 0.8296 0.0551, 0.0944 0.8307 0.0429, 0.0955 0.8248 0.0415, 0.0958 0.8225 0.0407, 0.0961 0.8193 0.0393, 0.0925 0.8366 0.0551, 0.0925 0.8366 0.0433, 0.0935 0.8336 0.0432, 0.0886 0.7874 0.0, 0.0886 0.7874 0.0551, 0.1634 0.8366 0.0551, 0.1634 0.8366 0.0433, 0.1624 0.8336 0.0432, 0.1613 0.8296 0.0551, 0.1616 0.8307 0.0429, 0.1601 0.8225 0.0407, 0.1604 0.8248 0.0415, 0.1601 0.8225 0.0551, 0.1608 0.8272 0.0422, 0.1613 0.8296 0.0427, 0.1599 0.8193 0.0393, 0.1598 0.8152 0.0551, 0.1598 0.8172 0.0382, 0.1602 0.8095 0.0325, 0.16 0.8117 0.0345, 0.1604 0.808 0.0551, 0.1598 0.8141 0.0363, 0.1598 0.8152 0.0369, 0.1615 0.8022 0.0231, 0.1611 0.8038 0.0256, 0.1618 0.8008 0.0551, 0.1608 0.8055 0.0281, 0.1604 0.808 0.0309, 0.1629 0.7973 0.006, 0.1642 0.794 0.0, 0.1629 0.7973 0.003, 0.1629 0.7974 0.0, 0.1628 0.7976 0.009, 0.1627 0.7981 0.0119, 0.1642 0.794 0.0551, 0.1624 0.7988 0.0148, 0.1622 0.7997 0.0176, 0.1618 0.8008 0.0204, 0.1673 0.7874 0.0, 0.1673 0.7874 0.0551, 0.0886 0.6988 0.0, 0.1476 0.6791 0.0, 0.1083 0.6791 0.0, 0.1044 0.6795 0.0, 0.1658 0.6913 0.0, 0.164 0.6879 0.0, 0.1669 0.695 0.0, 0.1616 0.6849 0.0, 0.1673 0.6988 0.0, 0.1586 0.6825 0.0, 0.1552 0.6806 0.0, 0.1515 0.6795 0.0, 0.1007 0.6806 0.0, 0.0973 0.6825 0.0, 0.0943 0.6849 0.0, 0.0919 0.6879 0.0, 0.0901 0.6913 0.0, 0.089 0.695 0.0, 0.1083 0.6791 0.0551, 0.1044 0.6795 0.0551, 0.1007 0.6806 0.0551, 0.0973 0.6825 0.0551, 0.0943 0.6849 0.0551, 0.0919 0.6879 0.0551, 0.0901 0.6913 0.0551, 0.089 0.695 0.0551, 0.0886 0.6988 0.0551, 0.1673 0.6988 0.0551, 0.1669 0.695 0.0551, 0.1658 0.6913 0.0551, 0.164 0.6879 0.0551, 0.1616 0.6849 0.0551, 0.1586 0.6825 0.0551, 0.1552 0.6806 0.0551, 0.1515 0.6795 0.0551, 0.1476 0.6791 0.0551, -0.1007 0.8172 0.0382, -0.1007 0.8152 0.037, -0.1007 0.8152 0.0551, -0.1034 0.7988 0.0148, -0.1036 0.7981 0.0119, -0.1051 0.794 0.0551, -0.1038 0.7976 0.009, -0.1039 0.7973 0.006, -0.1051 0.794 0.0, -0.1039 0.7973 0.003, -0.1038 0.7974 0.0, -0.1021 0.8038 0.0256, -0.1024 0.8022 0.0231, -0.1028 0.8008 0.0551, -0.1028 0.8008 0.0204, -0.1031 0.7997 0.0176, -0.1013 0.808 0.0551, -0.1008 0.8141 0.0363, -0.1009 0.8117 0.0345, -0.1011 0.8095 0.0325, -0.1013 0.808 0.0309, -0.1017 0.8055 0.0281, -0.1017 0.8272 0.0422, -0.101 0.8225 0.0551, -0.1023 0.8296 0.0427, -0.1023 0.8296 0.0551, -0.1025 0.8307 0.0429, -0.1013 0.8248 0.0415, -0.101 0.8225 0.0407, -0.1008 0.8193 0.0393, -0.1043 0.8366 0.0551, -0.1043 0.8366 0.0433, -0.1033 0.8336 0.0432, -0.1083 0.7874 0.0, -0.1083 0.7874 0.0551, -0.0335 0.8366 0.0551, -0.0335 0.8366 0.0433, -0.0345 0.8336 0.0432, -0.0355 0.8296 0.0551, -0.0353 0.8307 0.0429, -0.0367 0.8225 0.0407, -0.0365 0.8248 0.0415, -0.0367 0.8225 0.0551, -0.036 0.8272 0.0422, -0.0355 0.8296 0.0427, -0.037 0.8193 0.0393, -0.0371 0.8152 0.0551, -0.0371 0.8172 0.0382, -0.0367 0.8095 0.0325, -0.0369 0.8117 0.0345, -0.0365 0.808 0.0551, -0.037 0.8141 0.0363, -0.037 0.8152 0.0369, -0.0354 0.8022 0.0231, -0.0357 0.8038 0.0256, -0.035 0.8008 0.0551, -0.0361 0.8055 0.0281, -0.0365 0.808 0.0309, -0.0339 0.7973 0.006, -0.0327 0.794 0.0, -0.0339 0.7973 0.003, -0.034 0.7974 0.0, -0.034 0.7976 0.009, -0.0342 0.7981 0.0119, -0.0327 0.794 0.0551, -0.0344 0.7988 0.0148, -0.0347 0.7997 0.0176, -0.035 0.8008 0.0204, -0.0295 0.7874 0.0, -0.0295 0.7874 0.0551, -0.0295 0.6988 0.0, -0.1083 0.6988 0.0, -0.031 0.6913 0.0, -0.0328 0.6879 0.0, -0.0353 0.6849 0.0, -0.0299 0.695 0.0, -0.0383 0.6825 0.0, -0.0417 0.6806 0.0, -0.0454 0.6795 0.0, -0.0492 0.6791 0.0, -0.0886 0.6791 0.0, -0.0924 0.6795 0.0, -0.0961 0.6806 0.0, -0.0995 0.6825 0.0, -0.1025 0.6849 0.0, -0.105 0.6879 0.0, -0.1068 0.6913 0.0, -0.1079 0.695 0.0, -0.0886 0.6791 0.0551, -0.0924 0.6795 0.0551, -0.0961 0.6806 0.0551, -0.0995 0.6825 0.0551, -0.1025 0.6849 0.0551, -0.105 0.6879 0.0551, -0.1068 0.6913 0.0551, -0.1079 0.695 0.0551, -0.1083 0.6988 0.0551, -0.0295 0.6988 0.0551, -0.0299 0.695 0.0551, -0.031 0.6913 0.0551, -0.0328 0.6879 0.0551, -0.0353 0.6849 0.0551, -0.0383 0.6825 0.0551, -0.0417 0.6806 0.0551, -0.0454 0.6795 0.0551, -0.0492 0.6791 0.0551, -0.2976 0.8172 0.0382, -0.2976 0.8152 0.037, -0.2976 0.8152 0.0551, -0.3002 0.7988 0.0148, -0.3005 0.7981 0.0119, -0.302 0.794 0.0551, -0.3006 0.7976 0.009, -0.3007 0.7973 0.006, -0.302 0.794 0.0, -0.3007 0.7973 0.003, -0.3007 0.7974 0.0, -0.2989 0.8038 0.0256, -0.2993 0.8022 0.0231, -0.2996 0.8008 0.0551, -0.2996 0.8008 0.0204, -0.2999 0.7997 0.0176, -0.2982 0.808 0.0551, -0.2976 0.8141 0.0363, -0.2977 0.8117 0.0345, -0.298 0.8095 0.0325, -0.2982 0.808 0.0309, -0.2986 0.8055 0.0281, -0.2986 0.8272 0.0422, -0.2979 0.8225 0.0551, -0.2991 0.8296 0.0427, -0.2991 0.8296 0.0551, -0.2993 0.8307 0.0429, -0.2982 0.8248 0.0415, -0.2979 0.8225 0.0407, -0.2976 0.8193 0.0393, -0.3012 0.8366 0.0551, -0.3012 0.8366 0.0433, -0.3002 0.8336 0.0432, -0.3051 0.7874 0.0, -0.3051 0.7874 0.0551, -0.2303 0.8366 0.0551, -0.2303 0.8366 0.0433, -0.2313 0.8336 0.0432, -0.2324 0.8296 0.0551, -0.2321 0.8307 0.0429, -0.2336 0.8225 0.0407, -0.2333 0.8248 0.0415, -0.2336 0.8225 0.0551, -0.2329 0.8272 0.0422, -0.2324 0.8296 0.0427, -0.2338 0.8193 0.0393, -0.2339 0.8152 0.0551, -0.2339 0.8172 0.0382, -0.2335 0.8095 0.0325, -0.2337 0.8117 0.0345, -0.2333 0.808 0.0551, -0.2339 0.8141 0.0363, -0.2339 0.8152 0.0369, -0.2322 0.8022 0.0231, -0.2326 0.8038 0.0256, -0.2319 0.8008 0.0551, -0.2329 0.8055 0.0281, -0.2333 0.808 0.0309, -0.2308 0.7973 0.006, -0.2295 0.794 0.0, -0.2308 0.7973 0.003, -0.2308 0.7974 0.0, -0.2309 0.7976 0.009, -0.231 0.7981 0.0119, -0.2295 0.794 0.0551, -0.2313 0.7988 0.0148, -0.2315 0.7997 0.0176, -0.2319 0.8008 0.0204, -0.2264 0.7874 0.0, -0.2264 0.7874 0.0551, -0.2461 0.6791 0.0, -0.3051 0.6988 0.0, -0.2321 0.6849 0.0, -0.2351 0.6825 0.0, -0.2385 0.6806 0.0, -0.2264 0.6988 0.0, -0.2268 0.695 0.0, -0.2279 0.6913 0.0, -0.2854 0.6791 0.0, -0.2893 0.6795 0.0, -0.3047 0.695 0.0, -0.3036 0.6913 0.0, -0.2422 0.6795 0.0, -0.2297 0.6879 0.0, -0.2964 0.6825 0.0, -0.2994 0.6849 0.0, -0.3018 0.6879 0.0, -0.293 0.6806 0.0, -0.2854 0.6791 0.0551, -0.2893 0.6795 0.0551, -0.293 0.6806 0.0551, -0.2964 0.6825 0.0551, -0.2994 0.6849 0.0551, -0.3018 0.6879 0.0551, -0.3036 0.6913 0.0551, -0.3047 0.695 0.0551, -0.3051 0.6988 0.0551, -0.2264 0.6988 0.0551, -0.2268 0.695 0.0551, -0.2279 0.6913 0.0551, -0.2297 0.6879 0.0551, -0.2321 0.6849 0.0551, -0.2351 0.6825 0.0551, -0.2385 0.6806 0.0551, -0.2422 0.6795 0.0551, -0.2461 0.6791 0.0551, -0.4944 0.8172 0.0382, -0.4944 0.8152 0.037, -0.4944 0.8152 0.0551, -0.4971 0.7988 0.0148, -0.4973 0.7981 0.0119, -0.4988 0.794 0.0551, -0.4975 0.7976 0.009, -0.4976 0.7973 0.006, -0.4988 0.794 0.0, -0.4976 0.7973 0.003, -0.4975 0.7974 0.0, -0.4958 0.8038 0.0256, -0.4961 0.8022 0.0231, -0.4965 0.8008 0.0551, -0.4965 0.8008 0.0204, -0.4968 0.7997 0.0176, -0.495 0.808 0.0551, -0.4945 0.8141 0.0363, -0.4946 0.8117 0.0345, -0.4948 0.8095 0.0325, -0.495 0.808 0.0309, -0.4954 0.8055 0.0281, -0.4954 0.8272 0.0422, -0.4947 0.8225 0.0551, -0.496 0.8296 0.0427, -0.496 0.8296 0.0551, -0.4962 0.8307 0.0429, -0.495 0.8248 0.0415, -0.4947 0.8225 0.0407, -0.4945 0.8193 0.0393, -0.498 0.8366 0.0551, -0.498 0.8366 0.0433, -0.497 0.8336 0.0432, -0.502 0.7874 0.0, -0.502 0.7874 0.0551, -0.4272 0.8366 0.0551, -0.4272 0.8366 0.0433, -0.4282 0.8336 0.0432, -0.4292 0.8296 0.0551, -0.429 0.8307 0.0429, -0.4304 0.8225 0.0407, -0.4302 0.8248 0.0415, -0.4304 0.8225 0.0551, -0.4297 0.8272 0.0422, -0.4292 0.8296 0.0427, -0.4307 0.8193 0.0393, -0.4308 0.8152 0.0551, -0.4308 0.8172 0.0382, -0.4304 0.8095 0.0325, -0.4306 0.8117 0.0345, -0.4302 0.808 0.0551, -0.4307 0.8141 0.0363, -0.4307 0.8152 0.0369, -0.4291 0.8022 0.0231, -0.4294 0.8038 0.0256, -0.4287 0.8008 0.0551, -0.4298 0.8055 0.0281, -0.4302 0.808 0.0309, -0.4276 0.7973 0.006, -0.4264 0.794 0.0, -0.4276 0.7973 0.003, -0.4277 0.7974 0.0, -0.4277 0.7976 0.009, -0.4279 0.7981 0.0119, -0.4264 0.794 0.0551, -0.4281 0.7988 0.0148, -0.4284 0.7997 0.0176, -0.4287 0.8008 0.0204, -0.4232 0.7874 0.0, -0.4232 0.7874 0.0551, -0.432 0.6825 0.0, -0.4354 0.6806 0.0, -0.4232 0.6988 0.0, -0.4247 0.6913 0.0, -0.4265 0.6879 0.0, -0.429 0.6849 0.0, -0.4429 0.6791 0.0, -0.4391 0.6795 0.0, -0.4823 0.6791 0.0, -0.502 0.6988 0.0, -0.4861 0.6795 0.0, -0.5016 0.695 0.0, -0.4236 0.695 0.0, -0.4898 0.6806 0.0, -0.4932 0.6825 0.0, -0.5005 0.6913 0.0, -0.4962 0.6849 0.0, -0.4987 0.6879 0.0, -0.4823 0.6791 0.0551, -0.4861 0.6795 0.0551, -0.4898 0.6806 0.0551, -0.4932 0.6825 0.0551, -0.4962 0.6849 0.0551, -0.4987 0.6879 0.0551, -0.5005 0.6913 0.0551, -0.5016 0.695 0.0551, -0.502 0.6988 0.0551, -0.4232 0.6988 0.0551, -0.4236 0.695 0.0551, -0.4247 0.6913 0.0551, -0.4265 0.6879 0.0551, -0.429 0.6849 0.0551, -0.432 0.6825 0.0551, -0.4354 0.6806 0.0551, -0.4391 0.6795 0.0551, -0.4429 0.6791 0.0551, -0.8366 0.7087 0.0, -0.8366 0.7087 0.0551, -0.7776 0.7087 0.0, -0.7776 0.7087 0.0551, -0.8858 0.7047 0.0433, -0.8858 0.7047 0.0551, -0.8822 0.7035 0.0431, -0.8777 0.7024 0.0551, -0.8786 0.7026 0.0426, -0.8693 0.7012 0.0397, -0.8715 0.7014 0.0406, -0.8693 0.7012 0.0551, -0.8746 0.7018 0.0417, -0.8777 0.7024 0.0424, -0.865 0.7011 0.0374, -0.8608 0.7013 0.0551, -0.8628 0.7012 0.0359, -0.8543 0.7022 0.0275, -0.8566 0.7018 0.0304, -0.8524 0.7026 0.0551, -0.8592 0.7015 0.0329, -0.8608 0.7013 0.0343, -0.8443 0.7051 0.0, -0.8467 0.7042 0.0, -0.8465 0.7043 0.0036, -0.8466 0.7042 0.0073, -0.8471 0.7041 0.0109, -0.8443 0.7051 0.0551, -0.8479 0.7038 0.0145, -0.849 0.7035 0.018, -0.8505 0.7031 0.0213, -0.8524 0.7026 0.0247, -0.8858 0.6339 0.0551, -0.8858 0.6339 0.0433, -0.8465 0.6343 0.0036, -0.8467 0.6344 0.0, -0.8443 0.6335 0.0, -0.8466 0.6344 0.0073, -0.8479 0.6348 0.0145, -0.8471 0.6345 0.0109, -0.8443 0.6335 0.0551, -0.849 0.6351 0.0179, -0.8566 0.6368 0.0304, -0.8543 0.6364 0.0275, -0.8524 0.636 0.0551, -0.8524 0.636 0.0247, -0.8505 0.6355 0.0213, -0.865 0.6375 0.0374, -0.8608 0.6373 0.0551, -0.8693 0.6373 0.0397, -0.8693 0.6373 0.0551, -0.8715 0.6372 0.0406, -0.8628 0.6374 0.0359, -0.8608 0.6373 0.0342, -0.8592 0.6371 0.0329, -0.8777 0.6362 0.0551, -0.8822 0.6351 0.0431, -0.8786 0.636 0.0426, -0.8777 0.6362 0.0425, -0.8746 0.6368 0.0417, -0.8366 0.6299 0.0, -0.8366 0.6299 0.0551, -0.6995 0.6445 0.0, -0.7015 0.6398 0.0, -0.7046 0.6357 0.0, -0.7087 0.6326 0.0, -0.7134 0.6306 0.0, -0.7185 0.6299 0.0, -0.7731 0.7974 0.0, -0.7033 0.7974 0.0, -0.774 0.7951 0.0, -0.7024 0.7951 0.0, -0.7776 0.7874 0.0, -0.6988 0.7874 0.0, -0.6988 0.6496 0.0, -0.7185 0.6299 0.0551, -0.7028 0.8366 0.0551, -0.7736 0.8366 0.0551, -0.7713 0.8285 0.0551, -0.7715 0.8032 0.0551, -0.6988 0.7874 0.0551, -0.7024 0.7951 0.0551, -0.7702 0.8116 0.0551, -0.7134 0.6306 0.0551, -0.7049 0.8032 0.0551, -0.7062 0.8116 0.0551, -0.7701 0.8201 0.0551, -0.7062 0.8201 0.0551, -0.7051 0.8285 0.0551, -0.7015 0.6398 0.0551, -0.6995 0.6445 0.0551, -0.6988 0.6496 0.0551, -0.7776 0.7874 0.0551, -0.774 0.7951 0.0551, -0.7087 0.6326 0.0551, -0.7046 0.6357 0.0551, -0.7701 0.8136 0.0359, -0.7702 0.8116 0.0343, -0.7732 0.7972 0.0036, -0.7731 0.7974 0.0073, -0.7727 0.7987 0.0145, -0.773 0.7979 0.0109, -0.7724 0.7998 0.018, -0.7703 0.81 0.0329, -0.7707 0.8074 0.0304, -0.7711 0.8051 0.0275, -0.7715 0.8032 0.0247, -0.772 0.8013 0.0213, -0.7707 0.8254 0.0417, -0.7713 0.8285 0.0424, -0.7715 0.8293 0.0426, -0.7703 0.8223 0.0406, -0.7701 0.8201 0.0397, -0.77 0.8158 0.0374, -0.7736 0.8366 0.0433, -0.7724 0.833 0.0431, -0.7028 0.8366 0.0433, -0.704 0.833 0.0431, -0.7049 0.8294 0.0426, -0.7062 0.8201 0.0397, -0.7061 0.8223 0.0406, -0.7057 0.8254 0.0417, -0.7051 0.8285 0.0425, -0.7064 0.8158 0.0374, -0.7063 0.8136 0.0359, -0.7053 0.8051 0.0275, -0.7057 0.8074 0.0304, -0.706 0.81 0.0329, -0.7061 0.8116 0.0342, -0.7032 0.7972 0.0036, -0.7033 0.7974 0.0073, -0.7034 0.7979 0.0109, -0.7037 0.7987 0.0145, -0.704 0.7998 0.0179, -0.7044 0.8013 0.0213, -0.7049 0.8032 0.0247, -0.8858 0.5079 0.0433, -0.8858 0.5079 0.0551, -0.8829 0.5069 0.0432, -0.8789 0.5058 0.0551, -0.8799 0.506 0.0429, -0.8717 0.5046 0.0407, -0.874 0.5049 0.0415, -0.8717 0.5046 0.0551, -0.8764 0.5053 0.0422, -0.8789 0.5058 0.0427, -0.8685 0.5043 0.0393, -0.8644 0.5043 0.0551, -0.8664 0.5043 0.0382, -0.8587 0.5047 0.0325, -0.861 0.5044 0.0345, -0.8572 0.5049 0.0551, -0.8633 0.5043 0.0363, -0.8644 0.5043 0.037, -0.8514 0.506 0.0231, -0.853 0.5056 0.0256, -0.8501 0.5063 0.0551, -0.8547 0.5053 0.0281, -0.8572 0.5049 0.0309, -0.8465 0.5074 0.006, -0.8432 0.5087 0.0, -0.8465 0.5074 0.003, -0.8467 0.5074 0.0, -0.8468 0.5073 0.009, -0.8473 0.5072 0.0119, -0.8432 0.5087 0.0551, -0.848 0.5069 0.0148, -0.8489 0.5066 0.0176, -0.8501 0.5063 0.0204, -0.8366 0.5118 0.0, -0.8366 0.5118 0.0551, -0.8858 0.437 0.0551, -0.8858 0.437 0.0433, -0.874 0.44 0.0415, -0.8717 0.4403 0.0407, -0.8717 0.4403 0.0551, -0.8664 0.4406 0.0382, -0.8644 0.4406 0.0369, -0.8644 0.4406 0.0551, -0.848 0.438 0.0148, -0.8473 0.4377 0.0119, -0.8432 0.4362 0.0551, -0.8468 0.4376 0.009, -0.8465 0.4375 0.006, -0.8432 0.4362 0.0, -0.8465 0.4375 0.003, -0.8467 0.4375 0.0, -0.853 0.4393 0.0256, -0.8514 0.4389 0.0231, -0.8501 0.4386 0.0551, -0.8501 0.4386 0.0204, -0.8489 0.4382 0.0176, -0.8572 0.44 0.0551, -0.8633 0.4406 0.0363, -0.861 0.4404 0.0345, -0.8587 0.4402 0.0325, -0.8572 0.44 0.0309, -0.8547 0.4396 0.0281, -0.8685 0.4405 0.0393, -0.8789 0.4391 0.0551, -0.8829 0.438 0.0432, -0.8799 0.4388 0.0429, -0.8789 0.4391 0.0427, -0.8765 0.4396 0.0422, -0.8366 0.4331 0.0, -0.8366 0.4331 0.0551, -0.7283 0.4921 0.0, -0.748 0.5118 0.0, -0.7283 0.4528 0.0, -0.7371 0.4364 0.0, -0.7405 0.4346 0.0, -0.7442 0.5114 0.0, -0.7298 0.4997 0.0, -0.7287 0.496 0.0, -0.7298 0.4452 0.0, -0.7317 0.4418 0.0, -0.7341 0.4388 0.0, -0.7442 0.4335 0.0, -0.748 0.4331 0.0, -0.7341 0.506 0.0, -0.7317 0.5031 0.0, -0.7371 0.5085 0.0, -0.7405 0.5103 0.0, -0.7287 0.4489 0.0, -0.748 0.5118 0.0551, -0.7442 0.5114 0.0551, -0.7405 0.5103 0.0551, -0.7371 0.5085 0.0551, -0.7341 0.506 0.0551, -0.7317 0.5031 0.0551, -0.7298 0.4997 0.0551, -0.7287 0.496 0.0551, -0.7283 0.4921 0.0551, -0.748 0.4331 0.0551, -0.7283 0.4528 0.0551, -0.7287 0.4489 0.0551, -0.7298 0.4452 0.0551, -0.7317 0.4418 0.0551, -0.7341 0.4388 0.0551, -0.7371 0.4364 0.0551, -0.7405 0.4346 0.0551, -0.7442 0.4335 0.0551, -0.8858 0.311 0.0433, -0.8858 0.311 0.0551, -0.8829 0.31 0.0432, -0.8789 0.3089 0.0551, -0.8799 0.3092 0.0429, -0.8717 0.3077 0.0407, -0.874 0.308 0.0415, -0.8717 0.3077 0.0551, -0.8764 0.3084 0.0422, -0.8789 0.309 0.0427, -0.8685 0.3075 0.0393, -0.8644 0.3074 0.0551, -0.8664 0.3074 0.0382, -0.8587 0.3078 0.0325, -0.861 0.3076 0.0345, -0.8572 0.308 0.0551, -0.8633 0.3075 0.0363, -0.8644 0.3074 0.037, -0.8514 0.3091 0.0231, -0.853 0.3088 0.0256, -0.8501 0.3095 0.0551, -0.8547 0.3084 0.0281, -0.8572 0.308 0.0309, -0.8465 0.3106 0.006, -0.8432 0.3118 0.0, -0.8465 0.3106 0.003, -0.8467 0.3105 0.0, -0.8468 0.3105 0.009, -0.8473 0.3103 0.0119, -0.8432 0.3118 0.0551, -0.848 0.3101 0.0148, -0.8489 0.3098 0.0176, -0.8501 0.3095 0.0204, -0.8366 0.315 0.0, -0.8366 0.315 0.0551, -0.8858 0.2402 0.0551, -0.8858 0.2402 0.0433, -0.874 0.2431 0.0415, -0.8717 0.2434 0.0407, -0.8717 0.2434 0.0551, -0.8664 0.2438 0.0382, -0.8644 0.2437 0.0369, -0.8644 0.2438 0.0551, -0.848 0.2411 0.0148, -0.8473 0.2409 0.0119, -0.8432 0.2394 0.0551, -0.8468 0.2407 0.009, -0.8465 0.2406 0.006, -0.8432 0.2394 0.0, -0.8465 0.2406 0.003, -0.8467 0.2407 0.0, -0.853 0.2424 0.0256, -0.8514 0.2421 0.0231, -0.8501 0.2417 0.0551, -0.8501 0.2417 0.0204, -0.8489 0.2414 0.0176, -0.8572 0.2432 0.0551, -0.8633 0.2437 0.0363, -0.861 0.2436 0.0345, -0.8587 0.2434 0.0325, -0.8572 0.2432 0.0309, -0.8547 0.2428 0.0281, -0.8685 0.2437 0.0393, -0.8789 0.2422 0.0551, -0.8829 0.2412 0.0432, -0.8799 0.242 0.0429, -0.8789 0.2422 0.0427, -0.8765 0.2427 0.0422, -0.8366 0.2362 0.0, -0.8366 0.2362 0.0551, -0.748 0.2362 0.0, -0.7283 0.2559 0.0, -0.7283 0.2953 0.0, -0.748 0.315 0.0, -0.7442 0.3146 0.0, -0.7298 0.3028 0.0, -0.7287 0.2991 0.0, -0.7287 0.2521 0.0, -0.7298 0.2484 0.0, -0.7317 0.245 0.0, -0.7341 0.3092 0.0, -0.7317 0.3062 0.0, -0.7371 0.3116 0.0, -0.7405 0.3135 0.0, -0.7341 0.242 0.0, -0.7371 0.2395 0.0, -0.7405 0.2377 0.0, -0.7442 0.2366 0.0, -0.748 0.315 0.0551, -0.7442 0.3146 0.0551, -0.7405 0.3135 0.0551, -0.7371 0.3116 0.0551, -0.7341 0.3092 0.0551, -0.7317 0.3062 0.0551, -0.7298 0.3028 0.0551, -0.7287 0.2991 0.0551, -0.7283 0.2953 0.0551, -0.748 0.2362 0.0551, -0.7283 0.2559 0.0551, -0.7287 0.2521 0.0551, -0.7298 0.2484 0.0551, -0.7317 0.245 0.0551, -0.7341 0.242 0.0551, -0.7371 0.2395 0.0551, -0.7405 0.2377 0.0551, -0.7442 0.2366 0.0551, -0.8858 0.1142 0.0433, -0.8858 0.1142 0.0551, -0.8829 0.1132 0.0432, -0.8789 0.1121 0.0551, -0.8799 0.1123 0.0429, -0.8717 0.1109 0.0407, -0.874 0.1112 0.0415, -0.8717 0.1109 0.0551, -0.8764 0.1116 0.0422, -0.8789 0.1121 0.0427, -0.8685 0.1106 0.0393, -0.8644 0.1106 0.0551, -0.8664 0.1106 0.0382, -0.8587 0.111 0.0325, -0.861 0.1107 0.0345, -0.8572 0.1112 0.0551, -0.8633 0.1106 0.0363, -0.8644 0.1106 0.037, -0.8514 0.1123 0.0231, -0.853 0.1119 0.0256, -0.8501 0.1126 0.0551, -0.8547 0.1116 0.0281, -0.8572 0.1112 0.0309, -0.8465 0.1137 0.006, -0.8432 0.115 0.0, -0.8465 0.1137 0.003, -0.8467 0.1137 0.0, -0.8468 0.1136 0.009, -0.8473 0.1135 0.0119, -0.8432 0.115 0.0551, -0.848 0.1132 0.0148, -0.8489 0.1129 0.0176, -0.8501 0.1126 0.0204, -0.8366 0.1181 0.0, -0.8366 0.1181 0.0551, -0.8858 0.0433 0.0551, -0.8858 0.0433 0.0433, -0.874 0.0463 0.0415, -0.8717 0.0466 0.0407, -0.8717 0.0466 0.0551, -0.8664 0.0469 0.0382, -0.8644 0.0469 0.0369, -0.8644 0.0469 0.0551, -0.848 0.0443 0.0148, -0.8473 0.044 0.0119, -0.8432 0.0425 0.0551, -0.8468 0.0439 0.009, -0.8465 0.0438 0.006, -0.8432 0.0425 0.0, -0.8465 0.0438 0.003, -0.8467 0.0438 0.0, -0.853 0.0456 0.0256, -0.8514 0.0452 0.0231, -0.8501 0.0449 0.0551, -0.8501 0.0449 0.0204, -0.8489 0.0445 0.0176, -0.8572 0.0463 0.0551, -0.8633 0.0469 0.0363, -0.861 0.0467 0.0345, -0.8587 0.0465 0.0325, -0.8572 0.0463 0.0309, -0.8547 0.0459 0.0281, -0.8685 0.0468 0.0393, -0.8789 0.0454 0.0551, -0.8829 0.0443 0.0432, -0.8799 0.0451 0.0429, -0.8789 0.0454 0.0427, -0.8765 0.0459 0.0422, -0.8366 0.0394 0.0, -0.8366 0.0394 0.0551, -0.748 0.0394 0.0, -0.7283 0.0591 0.0, -0.7283 0.0984 0.0, -0.748 0.1181 0.0, -0.7317 0.1094 0.0, -0.7298 0.106 0.0, -0.7442 0.1177 0.0, -0.7405 0.1166 0.0, -0.7287 0.1023 0.0, -0.7371 0.1148 0.0, -0.7341 0.1123 0.0, -0.7287 0.0552 0.0, -0.7298 0.0515 0.0, -0.7317 0.0481 0.0, -0.7371 0.0427 0.0, -0.7405 0.0409 0.0, -0.7442 0.0398 0.0, -0.7341 0.0451 0.0, -0.748 0.1181 0.0551, -0.7442 0.1177 0.0551, -0.7405 0.1166 0.0551, -0.7371 0.1148 0.0551, -0.7341 0.1123 0.0551, -0.7317 0.1094 0.0551, -0.7298 0.106 0.0551, -0.7287 0.1023 0.0551, -0.7283 0.0984 0.0551, -0.748 0.0394 0.0551, -0.7283 0.0591 0.0551, -0.7287 0.0552 0.0551, -0.7298 0.0515 0.0551, -0.7317 0.0481 0.0551, -0.7341 0.0451 0.0551, -0.7371 0.0427 0.0551, -0.7405 0.0409 0.0551, -0.7442 0.0398 0.0551, -0.8858 -1.0315 0.0433, -0.8858 -1.0315 0.0551, -0.8812 -1.033 0.043, -0.8735 -1.0346 0.0551, -0.8765 -1.0341 0.0422, -0.8608 -1.0349 0.0551, -0.8677 -1.0351 0.0389, -0.8735 -1.0346 0.0413, -0.8483 -1.0325 0.0551, -0.8483 -1.0325 0.015, -0.8492 -1.0328 0.0184, -0.8537 -1.0339 0.0267, -0.86 -1.0348 0.0336, -0.8608 -1.0349 0.0343, -0.8366 -1.0276 0.0551, -0.8366 -1.0276 0.0, -0.8468 -1.0321 0.0094, -0.8467 -1.032 0.0, -0.8858 -1.1024 0.0551, -0.8858 -1.1024 0.0433, -0.8366 -1.1063 0.0, -0.8366 -1.1063 0.0551, -0.8483 -1.1013 0.0551, -0.8537 -1.0999 0.0267, -0.8492 -1.101 0.0184, -0.8483 -1.1013 0.015, -0.8468 -1.1018 0.0094, -0.8467 -1.1018 0.0, -0.8608 -1.0989 0.0551, -0.8608 -1.0989 0.0343, -0.86 -1.099 0.0336, -0.8735 -1.0993 0.0551, -0.8812 -1.1009 0.043, -0.8766 -1.0999 0.042, -0.8735 -1.0993 0.0413, -0.8677 -1.0988 0.0389, -0.8366 -0.7126 0.0, -0.8467 -0.7081 0.0, -0.8467 -0.6383 0.0, -0.8467 -0.5113 0.0, -0.8467 -0.4415 0.0, -0.8366 -0.5157 0.0, -0.8366 -0.437 0.0, -0.8366 -0.3051 0.0, -0.7283 -0.3051 0.0, -0.7283 -1.25 0.0, -0.8366 -0.6339 0.0, -0.8366 -0.9094 0.0, -0.8467 -0.905 0.0, -0.8467 -0.8352 0.0, -0.8366 -0.8307 0.0, -0.7437 -1.2692 0.0, -0.748 -1.2697 0.0, -0.7429 -0.2861 0.0, -0.7382 -0.2881 0.0, -0.8255 -0.2874 0.0, -0.8361 -0.3007 0.0, -0.8347 -0.2966 0.0, -0.8323 -0.2928 0.0, -0.8292 -0.2897 0.0, -0.8213 -0.2859 0.0, -0.8169 -0.2854 0.0, -0.748 -0.2854 0.0, -0.7341 -0.2912 0.0, -0.731 -0.2953 0.0, -0.729 -0.3 0.0, -0.7303 -1.2585 0.0, -0.7326 -1.2623 0.0, -0.7288 -1.2544 0.0, -0.8366 -1.25 0.0, -0.8169 -1.2697 0.0, -0.822 -1.269 0.0, -0.7358 -1.2654 0.0, -0.7395 -1.2677 0.0, -0.834 -1.2598 0.0, -0.8359 -1.2551 0.0, -0.8308 -1.2639 0.0, -0.8268 -1.267 0.0, -0.7283 -1.25 0.0551, -0.7283 -0.3051 0.0551, -0.8169 -1.2697 0.0551, -0.748 -1.2697 0.0551, -0.7437 -1.2692 0.0551, -0.7288 -1.2544 0.0551, -0.8366 -0.5157 0.0551, -0.8366 -0.6339 0.0551, -0.8483 -0.7076 0.0551, -0.8366 -0.7126 0.0551, -0.8483 -0.6388 0.0551, -0.8858 -0.8346 0.0551, -0.8858 -0.9055 0.0551, -0.8735 -0.9024 0.0551, -0.8359 -1.2551 0.0551, -0.834 -1.2598 0.0551, -0.8308 -1.2639 0.0551, -0.822 -1.269 0.0551, -0.8366 -1.25 0.0551, -0.8366 -0.9094 0.0551, -0.8858 -0.6378 0.0551, -0.8858 -0.7087 0.0551, -0.8735 -0.7056 0.0551, -0.7395 -1.2677 0.0551, -0.7358 -1.2654 0.0551, -0.7326 -1.2623 0.0551, -0.8268 -1.267 0.0551, -0.7303 -1.2585 0.0551, -0.7429 -0.2861 0.0551, -0.748 -0.2854 0.0551, -0.8858 -0.4409 0.0551, -0.8858 -0.5118 0.0551, -0.8735 -0.444 0.0551, -0.8735 -0.5087 0.0551, -0.8608 -0.4444 0.0551, -0.8608 -0.5084 0.0551, -0.8483 -0.442 0.0551, -0.8608 -0.7052 0.0551, -0.8608 -0.6412 0.0551, -0.8735 -0.6409 0.0551, -0.8483 -0.8357 0.0551, -0.8608 -0.8381 0.0551, -0.8608 -0.9021 0.0551, -0.8735 -0.8377 0.0551, -0.731 -0.2953 0.0551, -0.7341 -0.2912 0.0551, -0.7382 -0.2881 0.0551, -0.8483 -0.5108 0.0551, -0.8366 -0.437 0.0551, -0.8366 -0.3051 0.0551, -0.8169 -0.2854 0.0551, -0.8483 -0.9045 0.0551, -0.8366 -0.8307 0.0551, -0.8347 -0.2966 0.0551, -0.8255 -0.2874 0.0551, -0.8323 -0.2928 0.0551, -0.8292 -0.2897 0.0551, -0.8213 -0.2859 0.0551, -0.8361 -0.3007 0.0551, -0.729 -0.3 0.0551, -0.8858 -0.8346 0.0433, -0.8812 -0.8361 0.043, -0.8765 -0.8372 0.0422, -0.8677 -0.8382 0.0389, -0.8735 -0.8377 0.0413, -0.8483 -0.8357 0.015, -0.8492 -0.836 0.0184, -0.8537 -0.8371 0.0267, -0.86 -0.838 0.0336, -0.8608 -0.8381 0.0343, -0.8468 -0.8352 0.0094, -0.8858 -0.9055 0.0433, -0.8537 -0.9031 0.0267, -0.8492 -0.9042 0.0184, -0.8483 -0.9045 0.015, -0.8468 -0.9049 0.0094, -0.8608 -0.9021 0.0343, -0.86 -0.9022 0.0336, -0.8812 -0.904 0.043, -0.8766 -0.9031 0.042, -0.8735 -0.9024 0.0413, -0.8677 -0.9019 0.0389, -0.8858 -0.6378 0.0433, -0.8812 -0.6393 0.043, -0.8765 -0.6404 0.0422, -0.8677 -0.6414 0.0389, -0.8735 -0.6409 0.0413, -0.8483 -0.6388 0.015, -0.8492 -0.6391 0.0184, -0.8537 -0.6402 0.0267, -0.86 -0.6411 0.0336, -0.8608 -0.6412 0.0343, -0.8468 -0.6384 0.0094, -0.8858 -0.7087 0.0433, -0.8537 -0.7062 0.0267, -0.8492 -0.7073 0.0184, -0.8483 -0.7076 0.015, -0.8468 -0.7081 0.0094, -0.8608 -0.7052 0.0343, -0.86 -0.7053 0.0336, -0.8812 -0.7072 0.043, -0.8766 -0.7062 0.042, -0.8735 -0.7056 0.0413, -0.8677 -0.7051 0.0389, -0.8858 -0.4409 0.0433, -0.8812 -0.4424 0.043, -0.8765 -0.4435 0.0422, -0.8677 -0.4445 0.0389, -0.8735 -0.444 0.0413, -0.8483 -0.442 0.015, -0.8492 -0.4423 0.0184, -0.8537 -0.4434 0.0267, -0.86 -0.4443 0.0336, -0.8608 -0.4444 0.0343, -0.8468 -0.4415 0.0094, -0.8858 -0.5118 0.0433, -0.8537 -0.5094 0.0267, -0.8492 -0.5105 0.0184, -0.8483 -0.5108 0.015, -0.8468 -0.5112 0.0094, -0.8608 -0.5084 0.0343, -0.86 -0.5085 0.0336, -0.8812 -0.5103 0.043, -0.8766 -0.5094 0.042, -0.8735 -0.5087 0.0413, -0.8677 -0.5082 0.0389, 0.8366 0.7087 0.0551, 0.8366 0.7087 0.0, 0.7776 0.7087 0.0551, 0.7776 0.7087 0.0, 0.8628 0.7012 0.0359, 0.8608 0.7013 0.0343, 0.8608 0.7013 0.0551, 0.8465 0.7043 0.0036, 0.8467 0.7042 0.0, 0.8443 0.7051 0.0, 0.8466 0.7042 0.0073, 0.8479 0.7038 0.0145, 0.8471 0.7041 0.0109, 0.8443 0.7051 0.0551, 0.849 0.7035 0.018, 0.8524 0.7026 0.0551, 0.8592 0.7015 0.0329, 0.8566 0.7018 0.0304, 0.8543 0.7022 0.0275, 0.8524 0.7026 0.0247, 0.8505 0.7031 0.0213, 0.8746 0.7018 0.0417, 0.8693 0.7012 0.0551, 0.8777 0.7024 0.0424, 0.8777 0.7024 0.0551, 0.8786 0.7026 0.0426, 0.8715 0.7014 0.0406, 0.8693 0.7012 0.0397, 0.865 0.7011 0.0374, 0.8858 0.7047 0.0551, 0.8858 0.7047 0.0433, 0.8822 0.7035 0.0431, 0.8858 0.6339 0.0551, 0.8858 0.6339 0.0433, 0.8822 0.6351 0.0431, 0.8777 0.6362 0.0551, 0.8786 0.636 0.0426, 0.8693 0.6373 0.0397, 0.8715 0.6372 0.0406, 0.8693 0.6373 0.0551, 0.8746 0.6368 0.0417, 0.8777 0.6362 0.0425, 0.865 0.6375 0.0374, 0.8608 0.6373 0.0551, 0.8628 0.6374 0.0359, 0.8543 0.6364 0.0275, 0.8566 0.6368 0.0304, 0.8524 0.636 0.0551, 0.8592 0.6371 0.0329, 0.8608 0.6373 0.0342, 0.8443 0.6335 0.0, 0.8467 0.6344 0.0, 0.8465 0.6343 0.0036, 0.8466 0.6344 0.0073, 0.8471 0.6345 0.0109, 0.8443 0.6335 0.0551, 0.8479 0.6348 0.0145, 0.849 0.6351 0.0179, 0.8505 0.6355 0.0213, 0.8524 0.636 0.0247, 0.8366 0.6299 0.0, 0.8366 0.6299 0.0551, 0.6988 0.6496 0.0, 0.7776 0.7874 0.0, 0.6988 0.7874 0.0, 0.774 0.7951 0.0, 0.7024 0.7951 0.0, 0.7731 0.7974 0.0, 0.7033 0.7974 0.0, 0.7185 0.6299 0.0, 0.7141 0.6304 0.0, 0.71 0.6319 0.0, 0.7062 0.6342 0.0, 0.7031 0.6373 0.0, 0.7008 0.6411 0.0, 0.6993 0.6452 0.0, 0.7185 0.6299 0.0551, 0.7736 0.8366 0.0551, 0.7028 0.8366 0.0551, 0.7051 0.8285 0.0551, 0.7049 0.8032 0.0551, 0.7776 0.7874 0.0551, 0.774 0.7951 0.0551, 0.7062 0.8116 0.0551, 0.7062 0.6342 0.0551, 0.71 0.6319 0.0551, 0.7141 0.6304 0.0551, 0.7715 0.8032 0.0551, 0.7702 0.8116 0.0551, 0.7062 0.8201 0.0551, 0.7701 0.8201 0.0551, 0.7713 0.8285 0.0551, 0.7024 0.7951 0.0551, 0.6988 0.7874 0.0551, 0.6988 0.6496 0.0551, 0.6993 0.6452 0.0551, 0.7008 0.6411 0.0551, 0.7031 0.6373 0.0551, 0.7063 0.8136 0.0359, 0.7062 0.8116 0.0343, 0.7032 0.7972 0.0036, 0.7033 0.7974 0.0073, 0.7037 0.7987 0.0145, 0.7034 0.7979 0.0109, 0.704 0.7998 0.018, 0.706 0.81 0.0329, 0.7057 0.8074 0.0304, 0.7053 0.8051 0.0275, 0.7049 0.8032 0.0247, 0.7044 0.8013 0.0213, 0.7057 0.8254 0.0417, 0.7051 0.8285 0.0424, 0.7049 0.8293 0.0426, 0.7061 0.8223 0.0406, 0.7062 0.8201 0.0397, 0.7064 0.8158 0.0374, 0.7028 0.8366 0.0433, 0.704 0.833 0.0431, 0.7736 0.8366 0.0433, 0.7724 0.833 0.0431, 0.7715 0.8294 0.0426, 0.7701 0.8201 0.0397, 0.7703 0.8223 0.0406, 0.7707 0.8254 0.0417, 0.7713 0.8285 0.0425, 0.77 0.8158 0.0374, 0.7701 0.8136 0.0359, 0.7711 0.8051 0.0275, 0.7707 0.8074 0.0304, 0.7703 0.81 0.0329, 0.7702 0.8116 0.0342, 0.7732 0.7972 0.0036, 0.7731 0.7974 0.0073, 0.773 0.7979 0.0109, 0.7727 0.7987 0.0145, 0.7724 0.7998 0.0179, 0.772 0.8013 0.0213, 0.7715 0.8032 0.0247, 0.8664 0.5043 0.0382, 0.8644 0.5043 0.037, 0.8644 0.5043 0.0551, 0.848 0.5069 0.0148, 0.8473 0.5072 0.0119, 0.8432 0.5087 0.0551, 0.8468 0.5073 0.009, 0.8465 0.5074 0.006, 0.8432 0.5087 0.0, 0.8465 0.5074 0.003, 0.8467 0.5074 0.0, 0.853 0.5056 0.0256, 0.8514 0.506 0.0231, 0.8501 0.5063 0.0551, 0.8501 0.5063 0.0204, 0.8489 0.5066 0.0176, 0.8572 0.5049 0.0551, 0.8633 0.5043 0.0363, 0.861 0.5044 0.0345, 0.8587 0.5047 0.0325, 0.8572 0.5049 0.0309, 0.8547 0.5053 0.0281, 0.8764 0.5053 0.0422, 0.8717 0.5046 0.0551, 0.8789 0.5058 0.0427, 0.8789 0.5058 0.0551, 0.8799 0.506 0.0429, 0.874 0.5049 0.0415, 0.8717 0.5046 0.0407, 0.8685 0.5043 0.0393, 0.8858 0.5079 0.0551, 0.8858 0.5079 0.0433, 0.8829 0.5069 0.0432, 0.8366 0.5118 0.0, 0.8366 0.5118 0.0551, 0.8858 0.437 0.0551, 0.8858 0.437 0.0433, 0.8829 0.438 0.0432, 0.8789 0.4391 0.0551, 0.8799 0.4388 0.0429, 0.8717 0.4403 0.0407, 0.874 0.44 0.0415, 0.8717 0.4403 0.0551, 0.8765 0.4396 0.0422, 0.8789 0.4391 0.0427, 0.8685 0.4405 0.0393, 0.8644 0.4406 0.0551, 0.8664 0.4406 0.0382, 0.8587 0.4402 0.0325, 0.861 0.4404 0.0345, 0.8572 0.44 0.0551, 0.8633 0.4406 0.0363, 0.8644 0.4406 0.0369, 0.8514 0.4389 0.0231, 0.853 0.4393 0.0256, 0.8501 0.4386 0.0551, 0.8547 0.4396 0.0281, 0.8572 0.44 0.0309, 0.8465 0.4375 0.006, 0.8432 0.4362 0.0, 0.8465 0.4375 0.003, 0.8467 0.4375 0.0, 0.8468 0.4376 0.009, 0.8473 0.4377 0.0119, 0.8432 0.4362 0.0551, 0.848 0.438 0.0148, 0.8489 0.4382 0.0176, 0.8501 0.4386 0.0204, 0.8366 0.4331 0.0, 0.8366 0.4331 0.0551, 0.748 0.5118 0.0, 0.7283 0.4921 0.0, 0.7317 0.4418 0.0, 0.7298 0.4452 0.0, 0.748 0.4331 0.0, 0.7283 0.4528 0.0, 0.7405 0.4346 0.0, 0.7371 0.4364 0.0, 0.7341 0.4388 0.0, 0.7287 0.4489 0.0, 0.7287 0.496 0.0, 0.7298 0.4997 0.0, 0.7317 0.5031 0.0, 0.7442 0.4335 0.0, 0.7341 0.506 0.0, 0.7371 0.5085 0.0, 0.7405 0.5103 0.0, 0.7442 0.5114 0.0, 0.7283 0.4921 0.0551, 0.7287 0.496 0.0551, 0.7298 0.4997 0.0551, 0.7317 0.5031 0.0551, 0.7341 0.506 0.0551, 0.7371 0.5085 0.0551, 0.7405 0.5103 0.0551, 0.7442 0.5114 0.0551, 0.748 0.5118 0.0551, 0.748 0.4331 0.0551, 0.7442 0.4335 0.0551, 0.7405 0.4346 0.0551, 0.7371 0.4364 0.0551, 0.7341 0.4388 0.0551, 0.7317 0.4418 0.0551, 0.7298 0.4452 0.0551, 0.7287 0.4489 0.0551, 0.7283 0.4528 0.0551, 0.8664 0.3074 0.0382, 0.8644 0.3074 0.037, 0.8644 0.3074 0.0551, 0.848 0.3101 0.0148, 0.8473 0.3103 0.0119, 0.8432 0.3118 0.0551, 0.8468 0.3105 0.009, 0.8465 0.3106 0.006, 0.8432 0.3118 0.0, 0.8465 0.3106 0.003, 0.8467 0.3105 0.0, 0.853 0.3088 0.0256, 0.8514 0.3091 0.0231, 0.8501 0.3095 0.0551, 0.8501 0.3095 0.0204, 0.8489 0.3098 0.0176, 0.8572 0.308 0.0551, 0.8633 0.3075 0.0363, 0.861 0.3076 0.0345, 0.8587 0.3078 0.0325, 0.8572 0.308 0.0309, 0.8547 0.3084 0.0281, 0.8764 0.3084 0.0422, 0.8717 0.3077 0.0551, 0.8789 0.309 0.0427, 0.8789 0.3089 0.0551, 0.8799 0.3092 0.0429, 0.874 0.308 0.0415, 0.8717 0.3077 0.0407, 0.8685 0.3075 0.0393, 0.8858 0.311 0.0551, 0.8858 0.311 0.0433, 0.8829 0.31 0.0432, 0.8366 0.315 0.0, 0.8366 0.315 0.0551, 0.8858 0.2402 0.0551, 0.8858 0.2402 0.0433, 0.8829 0.2412 0.0432, 0.8789 0.2422 0.0551, 0.8799 0.242 0.0429, 0.8717 0.2434 0.0407, 0.874 0.2431 0.0415, 0.8717 0.2434 0.0551, 0.8765 0.2427 0.0422, 0.8789 0.2422 0.0427, 0.8685 0.2437 0.0393, 0.8644 0.2438 0.0551, 0.8664 0.2438 0.0382, 0.8587 0.2434 0.0325, 0.861 0.2436 0.0345, 0.8572 0.2432 0.0551, 0.8633 0.2437 0.0363, 0.8644 0.2437 0.0369, 0.8514 0.2421 0.0231, 0.853 0.2424 0.0256, 0.8501 0.2417 0.0551, 0.8547 0.2428 0.0281, 0.8572 0.2432 0.0309, 0.8465 0.2406 0.006, 0.8432 0.2394 0.0, 0.8465 0.2406 0.003, 0.8467 0.2407 0.0, 0.8468 0.2407 0.009, 0.8473 0.2409 0.0119, 0.8432 0.2394 0.0551, 0.848 0.2411 0.0148, 0.8489 0.2414 0.0176, 0.8501 0.2417 0.0204, 0.8366 0.2362 0.0, 0.8366 0.2362 0.0551, 0.748 0.315 0.0, 0.7283 0.2953 0.0, 0.7283 0.2559 0.0, 0.748 0.2362 0.0, 0.7442 0.2366 0.0, 0.7298 0.2484 0.0, 0.7287 0.2521 0.0, 0.7287 0.2991 0.0, 0.7298 0.3028 0.0, 0.7317 0.3062 0.0, 0.7341 0.242 0.0, 0.7317 0.245 0.0, 0.7371 0.2395 0.0, 0.7405 0.2377 0.0, 0.7341 0.3092 0.0, 0.7371 0.3116 0.0, 0.7405 0.3135 0.0, 0.7442 0.3146 0.0, 0.7283 0.2953 0.0551, 0.7287 0.2991 0.0551, 0.7298 0.3028 0.0551, 0.7317 0.3062 0.0551, 0.7341 0.3092 0.0551, 0.7371 0.3116 0.0551, 0.7405 0.3135 0.0551, 0.7442 0.3146 0.0551, 0.748 0.315 0.0551, 0.748 0.2362 0.0551, 0.7442 0.2366 0.0551, 0.7405 0.2377 0.0551, 0.7371 0.2395 0.0551, 0.7341 0.242 0.0551, 0.7317 0.245 0.0551, 0.7298 0.2484 0.0551, 0.7287 0.2521 0.0551, 0.7283 0.2559 0.0551, 0.8664 0.1106 0.0382, 0.8644 0.1106 0.037, 0.8644 0.1106 0.0551, 0.848 0.1132 0.0148, 0.8473 0.1135 0.0119, 0.8432 0.115 0.0551, 0.8468 0.1136 0.009, 0.8465 0.1137 0.006, 0.8432 0.115 0.0, 0.8465 0.1137 0.003, 0.8467 0.1137 0.0, 0.853 0.1119 0.0256, 0.8514 0.1123 0.0231, 0.8501 0.1126 0.0551, 0.8501 0.1126 0.0204, 0.8489 0.1129 0.0176, 0.8572 0.1112 0.0551, 0.8633 0.1106 0.0363, 0.861 0.1107 0.0345, 0.8587 0.111 0.0325, 0.8572 0.1112 0.0309, 0.8547 0.1116 0.0281, 0.8764 0.1116 0.0422, 0.8717 0.1109 0.0551, 0.8789 0.1121 0.0427, 0.8789 0.1121 0.0551, 0.8799 0.1123 0.0429, 0.874 0.1112 0.0415, 0.8717 0.1109 0.0407, 0.8685 0.1106 0.0393, 0.8858 0.1142 0.0551, 0.8858 0.1142 0.0433, 0.8829 0.1132 0.0432, 0.8366 0.1181 0.0, 0.8366 0.1181 0.0551, 0.8858 0.0433 0.0551, 0.8858 0.0433 0.0433, 0.8829 0.0443 0.0432, 0.8789 0.0454 0.0551, 0.8799 0.0451 0.0429, 0.8717 0.0466 0.0407, 0.874 0.0463 0.0415, 0.8717 0.0466 0.0551, 0.8765 0.0459 0.0422, 0.8789 0.0454 0.0427, 0.8685 0.0468 0.0393, 0.8644 0.0469 0.0551, 0.8664 0.0469 0.0382, 0.8587 0.0465 0.0325, 0.861 0.0467 0.0345, 0.8572 0.0463 0.0551, 0.8633 0.0469 0.0363, 0.8644 0.0469 0.0369, 0.8514 0.0452 0.0231, 0.853 0.0456 0.0256, 0.8501 0.0449 0.0551, 0.8547 0.0459 0.0281, 0.8572 0.0463 0.0309, 0.8465 0.0438 0.006, 0.8432 0.0425 0.0, 0.8465 0.0438 0.003, 0.8467 0.0438 0.0, 0.8468 0.0439 0.009, 0.8473 0.044 0.0119, 0.8432 0.0425 0.0551, 0.848 0.0443 0.0148, 0.8489 0.0445 0.0176, 0.8501 0.0449 0.0204, 0.8366 0.0394 0.0, 0.8366 0.0394 0.0551, 0.748 0.1181 0.0, 0.7283 0.0984 0.0, 0.7283 0.0591 0.0, 0.748 0.0394 0.0, 0.7442 0.0398 0.0, 0.7405 0.0409 0.0, 0.7371 0.0427 0.0, 0.7341 0.0451 0.0, 0.7317 0.0481 0.0, 0.7298 0.0515 0.0, 0.7287 0.0552 0.0, 0.7287 0.1023 0.0, 0.7298 0.106 0.0, 0.7317 0.1094 0.0, 0.7371 0.1148 0.0, 0.7405 0.1166 0.0, 0.7442 0.1177 0.0, 0.7341 0.1123 0.0, 0.7283 0.0984 0.0551, 0.7287 0.1023 0.0551, 0.7298 0.106 0.0551, 0.7317 0.1094 0.0551, 0.7341 0.1123 0.0551, 0.7371 0.1148 0.0551, 0.7405 0.1166 0.0551, 0.7442 0.1177 0.0551, 0.748 0.1181 0.0551, 0.748 0.0394 0.0551, 0.7442 0.0398 0.0551, 0.7405 0.0409 0.0551, 0.7371 0.0427 0.0551, 0.7341 0.0451 0.0551, 0.7317 0.0481 0.0551, 0.7298 0.0515 0.0551, 0.7287 0.0552 0.0551, 0.7283 0.0591 0.0551, 0.8366 -1.0276 0.0, 0.8366 -1.0276 0.0551, 0.8483 -1.0325 0.0551, 0.8537 -1.0339 0.0267, 0.8492 -1.0328 0.0184, 0.8483 -1.0325 0.015, 0.8468 -1.0321 0.0094, 0.8467 -1.032 0.0, 0.8608 -1.0349 0.0551, 0.8608 -1.0349 0.0343, 0.86 -1.0348 0.0336, 0.8858 -1.0315 0.0551, 0.8858 -1.0315 0.0433, 0.8735 -1.0346 0.0551, 0.8812 -1.033 0.043, 0.8765 -1.0341 0.0422, 0.8735 -1.0346 0.0413, 0.8677 -1.0351 0.0389, 0.8858 -1.1024 0.0551, 0.8858 -1.1024 0.0433, 0.8812 -1.1009 0.043, 0.8735 -1.0993 0.0551, 0.8766 -1.0999 0.042, 0.8608 -1.0989 0.0551, 0.8677 -1.0988 0.0389, 0.8735 -1.0993 0.0413, 0.8483 -1.1013 0.0551, 0.8483 -1.1013 0.015, 0.8492 -1.101 0.0184, 0.8537 -1.0999 0.0267, 0.86 -1.099 0.0336, 0.8608 -1.0989 0.0343, 0.8366 -1.1063 0.0551, 0.8366 -1.1063 0.0, 0.8468 -1.1018 0.0094, 0.8467 -1.1018 0.0, 0.7288 -1.2544 0.0, 0.7283 -1.25 0.0, 0.8366 -0.6339 0.0, 0.8467 -0.6383 0.0, 0.8467 -0.7081 0.0, 0.748 -0.2854 0.0, 0.8169 -0.2854 0.0, 0.8366 -0.3051 0.0, 0.8467 -0.4415 0.0, 0.8467 -0.5113 0.0, 0.8366 -0.437 0.0, 0.8366 -0.5157 0.0, 0.7283 -0.3051 0.0, 0.8366 -0.7126 0.0, 0.8467 -0.8352 0.0, 0.8467 -0.905 0.0, 0.8366 -0.8307 0.0, 0.8366 -0.9094 0.0, 0.729 -0.3 0.0, 0.8323 -0.2928 0.0, 0.8347 -0.2966 0.0, 0.8361 -0.3007 0.0, 0.7395 -1.2677 0.0, 0.7358 -1.2654 0.0, 0.7382 -0.2881 0.0, 0.7429 -0.2861 0.0, 0.7341 -0.2912 0.0, 0.731 -0.2953 0.0, 0.8292 -0.2897 0.0, 0.8213 -0.2859 0.0, 0.8255 -0.2874 0.0, 0.834 -1.2598 0.0, 0.8308 -1.2639 0.0, 0.8268 -1.267 0.0, 0.822 -1.269 0.0, 0.8169 -1.2697 0.0, 0.8366 -1.25 0.0, 0.748 -1.2697 0.0, 0.7437 -1.2692 0.0, 0.8359 -1.2551 0.0, 0.7326 -1.2623 0.0, 0.7303 -1.2585 0.0, 0.7283 -0.3051 0.0551, 0.7283 -1.25 0.0551, 0.729 -0.3 0.0551, 0.748 -0.2854 0.0551, 0.8366 -0.8307 0.0551, 0.8366 -0.7126 0.0551, 0.8366 -0.6339 0.0551, 0.8366 -0.5157 0.0551, 0.8169 -1.2697 0.0551, 0.7437 -1.2692 0.0551, 0.748 -1.2697 0.0551, 0.7288 -1.2544 0.0551, 0.8858 -0.9055 0.0551, 0.8858 -0.8346 0.0551, 0.8735 -0.8377 0.0551, 0.8483 -0.7076 0.0551, 0.8483 -0.6388 0.0551, 0.8858 -0.7087 0.0551, 0.8858 -0.6378 0.0551, 0.8735 -0.6409 0.0551, 0.8483 -0.442 0.0551, 0.8366 -0.437 0.0551, 0.8483 -0.5108 0.0551, 0.8858 -0.5118 0.0551, 0.8858 -0.4409 0.0551, 0.8735 -0.444 0.0551, 0.8483 -0.9045 0.0551, 0.8608 -0.9021 0.0551, 0.8608 -0.8381 0.0551, 0.8735 -0.9024 0.0551, 0.8608 -0.6412 0.0551, 0.8608 -0.7052 0.0551, 0.8735 -0.7056 0.0551, 0.8608 -0.4444 0.0551, 0.8608 -0.5084 0.0551, 0.8735 -0.5087 0.0551, 0.7303 -1.2585 0.0551, 0.7326 -1.2623 0.0551, 0.7358 -1.2654 0.0551, 0.8366 -1.25 0.0551, 0.822 -1.269 0.0551, 0.8268 -1.267 0.0551, 0.8483 -0.8357 0.0551, 0.8366 -0.9094 0.0551, 0.8169 -0.2854 0.0551, 0.7429 -0.2861 0.0551, 0.7382 -0.2881 0.0551, 0.7341 -0.2912 0.0551, 0.7395 -1.2677 0.0551, 0.8308 -1.2639 0.0551, 0.834 -1.2598 0.0551, 0.8359 -1.2551 0.0551, 0.8366 -0.3051 0.0551, 0.8361 -0.3007 0.0551, 0.8347 -0.2966 0.0551, 0.8323 -0.2928 0.0551, 0.8292 -0.2897 0.0551, 0.8213 -0.2859 0.0551, 0.8255 -0.2874 0.0551, 0.731 -0.2953 0.0551, 0.8537 -0.6402 0.0267, 0.8492 -0.6391 0.0184, 0.8483 -0.6388 0.015, 0.8468 -0.6384 0.0094, 0.8608 -0.6412 0.0343, 0.86 -0.6411 0.0336, 0.8858 -0.6378 0.0433, 0.8812 -0.6393 0.043, 0.8765 -0.6404 0.0422, 0.8735 -0.6409 0.0413, 0.8677 -0.6414 0.0389, 0.8858 -0.7087 0.0433, 0.8812 -0.7072 0.043, 0.8766 -0.7062 0.042, 0.8677 -0.7051 0.0389, 0.8735 -0.7056 0.0413, 0.8483 -0.7076 0.015, 0.8492 -0.7073 0.0184, 0.8537 -0.7062 0.0267, 0.86 -0.7053 0.0336, 0.8608 -0.7052 0.0343, 0.8468 -0.7081 0.0094, 0.8537 -0.8371 0.0267, 0.8492 -0.836 0.0184, 0.8483 -0.8357 0.015, 0.8468 -0.8352 0.0094, 0.8608 -0.8381 0.0343, 0.86 -0.838 0.0336, 0.8858 -0.8346 0.0433, 0.8812 -0.8361 0.043, 0.8765 -0.8372 0.0422, 0.8735 -0.8377 0.0413, 0.8677 -0.8382 0.0389, 0.8858 -0.9055 0.0433, 0.8812 -0.904 0.043, 0.8766 -0.9031 0.042, 0.8677 -0.9019 0.0389, 0.8735 -0.9024 0.0413, 0.8483 -0.9045 0.015, 0.8492 -0.9042 0.0184, 0.8537 -0.9031 0.0267, 0.86 -0.9022 0.0336, 0.8608 -0.9021 0.0343, 0.8468 -0.9049 0.0094, 0.8537 -0.4434 0.0267, 0.8492 -0.4423 0.0184, 0.8483 -0.442 0.015, 0.8468 -0.4415 0.0094, 0.8608 -0.4444 0.0343, 0.86 -0.4443 0.0336, 0.8858 -0.4409 0.0433, 0.8812 -0.4424 0.043, 0.8765 -0.4435 0.0422, 0.8735 -0.444 0.0413, 0.8677 -0.4445 0.0389, 0.8858 -0.5118 0.0433, 0.8812 -0.5103 0.043, 0.8766 -0.5094 0.042, 0.8677 -0.5082 0.0389, 0.8735 -0.5087 0.0413, 0.8483 -0.5108 0.015, 0.8492 -0.5105 0.0184, 0.8537 -0.5094 0.0267, 0.86 -0.5085 0.0336, 0.8608 -0.5084 0.0343, 0.8468 -0.5112 0.0094, -0.5512 0.063 0.0551, -0.5512 0.063 0.0, -0.5502 0.0542 0.0, -0.5502 0.0542 0.0551, -0.5473 0.0459 0.0, -0.5473 0.0459 0.0551, -0.5426 0.0384 0.0, -0.5426 0.0384 0.0551, -0.5364 0.0322 0.0, -0.5364 0.0322 0.0551, -0.5289 0.0275 0.0, -0.5289 0.0275 0.0551, -0.5206 0.0246 0.0, -0.5206 0.0246 0.0551, -0.5118 0.0236 0.0, -0.5118 0.0236 0.0551, -0.374 0.0236 0.0551, -0.374 0.0236 0.0, -0.374 -0.0213 0.0551, -0.374 -0.0213 0.0, 0.374 -0.0213 0.0551, 0.374 -0.0213 0.0, 0.374 0.502 0.0551, 0.374 0.502 0.0, -0.4331 0.502 0.0551, -0.4331 0.502 0.0, -0.5512 0.3839 0.0551, -0.5512 0.3839 0.0
            ]
        }
        coordIndex [
            0,1,2,-1,3,4,5,-1,6,7,8,-1,8,7,9,-1,8,9,10,-1,11,12,13,-1,13,12,14,-1,13,14,5,-1,5,14,15,-1,5,15,3,-1,2,1,16,-1,16,1,17,-1,16,17,18,-1,18,19,16,-1,16,19,20,-1,16,20,13,-1,13,20,21,-1,13,21,11,-1,22,23,24,-1,24,23,25,-1,24,25,26,-1,22,27,23,-1,23,27,28,-1,23,28,2,-1,2,28,29,-1,2,29,0,-1,30,31,25,-1,25,31,32,-1,25,32,26,-1,33,34,8,-1,8,34,5,-1,8,5,6,-1,6,5,4,-1,30,35,31,-1,31,35,36,-1,36,35,37,-1,37,35,38,-1,37,38,39,-1,40,41,42,-1,42,41,43,-1,42,43,38,-1,38,43,44,-1,38,44,39,-1,40,42,45,-1,45,42,46,-1,45,46,47,-1,48,49,50,-1,50,49,51,-1,50,51,46,-1,46,51,52,-1,46,52,47,-1,53,54,55,-1,55,54,56,-1,55,56,50,-1,50,56,57,-1,50,57,48,-1,58,59,60,-1,60,59,61,-1,62,63,64,-1,63,65,64,-1,64,65,66,-1,64,66,55,-1,55,66,67,-1,55,67,53,-1,58,62,59,-1,59,62,64,-1,59,64,68,-1,68,64,69,-1,10,61,8,-1,8,61,59,-1,70,59,68,-1,70,71,59,-1,59,71,33,-1,59,33,8,-1,72,73,74,-1,68,75,70,-1,70,75,76,-1,70,76,77,-1,70,78,71,-1,71,78,79,-1,71,79,80,-1,80,79,81,-1,74,82,72,-1,72,82,70,-1,72,70,83,-1,83,70,77,-1,84,85,86,-1,81,79,86,-1,86,79,87,-1,86,87,84,-1,78,88,89,-1,78,89,79,-1,79,89,90,-1,79,90,87,-1,87,90,91,-1,87,91,84,-1,84,91,92,-1,84,92,85,-1,85,92,93,-1,85,93,86,-1,86,93,94,-1,86,94,81,-1,81,94,95,-1,81,95,80,-1,80,95,96,-1,80,96,71,-1,33,71,34,-1,34,71,96,-1,75,68,97,-1,97,68,69,-1,75,97,98,-1,75,98,76,-1,76,98,99,-1,76,99,77,-1,77,99,100,-1,77,100,83,-1,83,100,101,-1,83,101,72,-1,72,101,102,-1,72,102,73,-1,73,102,103,-1,73,103,74,-1,74,103,104,-1,74,104,82,-1,82,104,105,-1,82,105,70,-1,78,70,88,-1,88,70,105,-1,13,69,64,-1,23,38,25,-1,25,38,35,-1,25,35,30,-1,13,64,16,-1,64,55,16,-1,16,55,50,-1,16,50,2,-1,2,50,46,-1,2,46,23,-1,23,46,42,-1,23,42,38,-1,103,102,101,-1,96,105,34,-1,34,105,69,-1,34,69,5,-1,5,69,13,-1,103,101,104,-1,99,98,105,-1,105,98,97,-1,105,97,69,-1,95,89,96,-1,96,89,88,-1,96,88,105,-1,104,101,105,-1,105,101,100,-1,105,100,99,-1,93,92,91,-1,95,94,89,-1,89,94,93,-1,89,93,90,-1,90,93,91,-1,57,56,20,-1,61,10,60,-1,60,10,9,-1,60,9,58,-1,58,9,7,-1,58,7,62,-1,62,7,6,-1,62,6,63,-1,63,6,4,-1,63,4,65,-1,65,4,3,-1,65,3,66,-1,3,15,66,-1,66,15,14,-1,66,14,67,-1,67,14,12,-1,67,12,53,-1,53,12,54,-1,54,12,11,-1,54,11,56,-1,56,11,21,-1,56,21,20,-1,57,20,48,-1,48,20,19,-1,48,19,49,-1,49,19,18,-1,49,18,51,-1,18,17,51,-1,51,17,1,-1,51,1,52,-1,52,1,0,-1,52,0,47,-1,47,0,45,-1,45,0,29,-1,45,29,40,-1,40,29,28,-1,40,28,27,-1,39,44,22,-1,22,44,43,-1,22,43,27,-1,27,43,41,-1,27,41,40,-1,22,24,39,-1,39,24,26,-1,39,26,37,-1,37,26,32,-1,37,32,36,-1,36,32,31,-1,106,107,108,-1,109,110,111,-1,112,113,114,-1,114,113,115,-1,114,115,116,-1,117,118,119,-1,119,118,120,-1,119,120,111,-1,111,120,121,-1,111,121,109,-1,108,107,122,-1,122,107,123,-1,122,123,124,-1,124,125,122,-1,122,125,126,-1,122,126,119,-1,119,126,127,-1,119,127,117,-1,128,129,130,-1,130,129,131,-1,130,131,132,-1,128,133,129,-1,129,133,134,-1,129,134,108,-1,108,134,135,-1,108,135,106,-1,136,137,131,-1,131,137,138,-1,131,138,132,-1,139,140,114,-1,114,140,111,-1,114,111,112,-1,112,111,110,-1,136,141,137,-1,137,141,142,-1,142,141,143,-1,143,141,144,-1,143,144,145,-1,146,147,148,-1,148,147,149,-1,148,149,144,-1,144,149,150,-1,144,150,145,-1,146,148,151,-1,151,148,152,-1,151,152,153,-1,154,155,156,-1,156,155,157,-1,156,157,152,-1,152,157,158,-1,152,158,153,-1,159,160,161,-1,161,160,162,-1,161,162,156,-1,156,162,163,-1,156,163,154,-1,164,165,166,-1,166,165,167,-1,168,169,170,-1,169,171,170,-1,170,171,172,-1,170,172,161,-1,161,172,173,-1,161,173,159,-1,164,168,165,-1,165,168,170,-1,165,170,174,-1,174,170,175,-1,116,167,114,-1,114,167,165,-1,114,165,139,-1,139,165,176,-1,165,177,176,-1,176,177,178,-1,176,178,179,-1,180,181,182,-1,182,181,183,-1,182,183,184,-1,184,183,185,-1,184,185,186,-1,165,174,177,-1,177,174,184,-1,177,184,187,-1,187,184,186,-1,179,188,176,-1,176,188,189,-1,176,189,190,-1,191,192,190,-1,190,192,193,-1,190,193,176,-1,178,194,195,-1,178,195,179,-1,179,195,196,-1,179,196,188,-1,188,196,197,-1,188,197,189,-1,189,197,198,-1,189,198,190,-1,190,198,199,-1,190,199,191,-1,191,199,200,-1,191,200,192,-1,192,200,201,-1,192,201,193,-1,193,201,202,-1,193,202,176,-1,139,176,140,-1,140,176,202,-1,184,174,203,-1,203,174,175,-1,184,203,204,-1,184,204,182,-1,182,204,205,-1,182,205,180,-1,180,205,206,-1,180,206,181,-1,181,206,207,-1,181,207,183,-1,183,207,208,-1,183,208,185,-1,185,208,209,-1,185,209,186,-1,186,209,210,-1,186,210,187,-1,187,210,211,-1,187,211,177,-1,178,177,194,-1,194,177,211,-1,141,136,131,-1,203,175,170,-1,156,152,108,-1,108,152,129,-1,129,152,148,-1,129,148,131,-1,131,148,144,-1,131,144,141,-1,108,122,156,-1,156,122,119,-1,156,119,161,-1,140,202,211,-1,205,204,211,-1,204,203,211,-1,211,203,170,-1,211,170,140,-1,140,170,161,-1,140,161,111,-1,111,161,119,-1,196,195,202,-1,202,195,194,-1,202,194,211,-1,209,208,207,-1,209,207,210,-1,210,207,211,-1,211,207,206,-1,211,206,205,-1,199,198,200,-1,200,198,201,-1,201,198,202,-1,202,198,197,-1,202,197,196,-1,163,162,126,-1,167,116,166,-1,166,116,115,-1,166,115,164,-1,164,115,113,-1,164,113,168,-1,168,113,112,-1,168,112,169,-1,169,112,110,-1,169,110,171,-1,171,110,109,-1,171,109,172,-1,109,121,172,-1,172,121,120,-1,172,120,173,-1,173,120,118,-1,173,118,159,-1,159,118,160,-1,160,118,117,-1,160,117,162,-1,162,117,127,-1,162,127,126,-1,163,126,154,-1,154,126,125,-1,154,125,155,-1,155,125,124,-1,155,124,157,-1,124,123,157,-1,157,123,107,-1,157,107,158,-1,158,107,106,-1,158,106,153,-1,153,106,151,-1,151,106,135,-1,151,135,146,-1,146,135,134,-1,146,134,133,-1,145,150,128,-1,128,150,149,-1,128,149,133,-1,133,149,147,-1,133,147,146,-1,128,130,145,-1,145,130,132,-1,145,132,143,-1,143,132,138,-1,143,138,142,-1,142,138,137,-1,212,213,214,-1,215,216,217,-1,218,219,220,-1,220,219,221,-1,220,221,222,-1,223,224,225,-1,225,224,226,-1,225,226,217,-1,217,226,227,-1,217,227,215,-1,214,213,228,-1,228,213,229,-1,228,229,230,-1,230,231,228,-1,228,231,232,-1,228,232,225,-1,225,232,233,-1,225,233,223,-1,234,235,236,-1,236,235,237,-1,236,237,238,-1,234,239,235,-1,235,239,240,-1,235,240,214,-1,214,240,241,-1,214,241,212,-1,242,243,237,-1,237,243,244,-1,237,244,238,-1,245,246,220,-1,220,246,217,-1,220,217,218,-1,218,217,216,-1,242,247,243,-1,243,247,248,-1,248,247,249,-1,249,247,250,-1,249,250,251,-1,252,253,254,-1,254,253,255,-1,254,255,250,-1,250,255,256,-1,250,256,251,-1,252,254,257,-1,257,254,258,-1,257,258,259,-1,260,261,262,-1,262,261,263,-1,262,263,258,-1,258,263,264,-1,258,264,259,-1,265,266,267,-1,267,266,268,-1,267,268,262,-1,262,268,269,-1,262,269,260,-1,270,271,272,-1,272,271,273,-1,274,275,276,-1,275,277,276,-1,276,277,278,-1,276,278,267,-1,267,278,279,-1,267,279,265,-1,270,274,271,-1,271,274,276,-1,271,276,280,-1,280,276,281,-1,282,283,280,-1,280,283,245,-1,280,245,271,-1,271,245,220,-1,271,220,273,-1,273,220,222,-1,284,285,286,-1,284,286,287,-1,287,286,282,-1,282,286,288,-1,282,288,289,-1,289,290,282,-1,282,290,291,-1,282,291,283,-1,283,291,292,-1,283,292,293,-1,293,294,283,-1,283,294,295,-1,283,295,296,-1,297,298,296,-1,296,298,299,-1,296,299,283,-1,292,300,301,-1,292,301,293,-1,293,301,302,-1,293,302,294,-1,294,302,303,-1,294,303,295,-1,295,303,304,-1,295,304,296,-1,296,304,305,-1,296,305,297,-1,297,305,306,-1,297,306,298,-1,298,306,307,-1,298,307,299,-1,299,307,308,-1,299,308,283,-1,245,283,246,-1,246,283,308,-1,282,280,309,-1,309,280,281,-1,282,309,310,-1,282,310,287,-1,287,310,311,-1,287,311,284,-1,284,311,312,-1,284,312,285,-1,285,312,313,-1,285,313,286,-1,286,313,314,-1,286,314,288,-1,288,314,315,-1,288,315,289,-1,289,315,316,-1,289,316,290,-1,290,316,317,-1,290,317,291,-1,292,291,300,-1,300,291,317,-1,247,242,237,-1,228,267,262,-1,228,262,214,-1,214,262,258,-1,214,258,235,-1,235,258,254,-1,235,254,237,-1,237,254,250,-1,237,250,247,-1,267,228,276,-1,276,228,225,-1,276,225,281,-1,315,314,313,-1,308,317,246,-1,246,317,281,-1,246,281,217,-1,217,281,225,-1,302,301,308,-1,308,301,300,-1,308,300,317,-1,315,313,316,-1,311,310,317,-1,317,310,309,-1,317,309,281,-1,316,313,317,-1,317,313,312,-1,317,312,311,-1,305,304,306,-1,306,304,307,-1,307,304,308,-1,308,304,303,-1,308,303,302,-1,269,268,232,-1,273,222,272,-1,272,222,221,-1,272,221,270,-1,270,221,219,-1,270,219,274,-1,274,219,218,-1,274,218,275,-1,275,218,216,-1,275,216,277,-1,277,216,215,-1,277,215,278,-1,215,227,278,-1,278,227,226,-1,278,226,279,-1,279,226,224,-1,279,224,265,-1,265,224,266,-1,266,224,223,-1,266,223,268,-1,268,223,233,-1,268,233,232,-1,269,232,260,-1,260,232,231,-1,260,231,261,-1,261,231,230,-1,261,230,263,-1,230,229,263,-1,263,229,213,-1,263,213,264,-1,264,213,212,-1,264,212,259,-1,259,212,257,-1,257,212,241,-1,257,241,252,-1,252,241,240,-1,252,240,239,-1,251,256,234,-1,234,256,255,-1,234,255,239,-1,239,255,253,-1,239,253,252,-1,234,236,251,-1,251,236,238,-1,251,238,249,-1,249,238,244,-1,249,244,248,-1,248,244,243,-1,318,319,320,-1,321,322,323,-1,324,325,326,-1,326,325,327,-1,326,327,328,-1,329,330,331,-1,331,330,332,-1,331,332,323,-1,323,332,333,-1,323,333,321,-1,320,319,334,-1,334,319,335,-1,334,335,336,-1,336,337,334,-1,334,337,338,-1,334,338,331,-1,331,338,339,-1,331,339,329,-1,340,341,342,-1,342,341,343,-1,342,343,344,-1,340,345,341,-1,341,345,346,-1,341,346,320,-1,320,346,347,-1,320,347,318,-1,348,349,343,-1,343,349,350,-1,343,350,344,-1,351,352,326,-1,326,352,323,-1,326,323,324,-1,324,323,322,-1,348,353,349,-1,349,353,354,-1,354,353,355,-1,355,353,356,-1,355,356,357,-1,358,359,360,-1,360,359,361,-1,360,361,356,-1,356,361,362,-1,356,362,357,-1,358,360,363,-1,363,360,364,-1,363,364,365,-1,366,367,368,-1,368,367,369,-1,368,369,364,-1,364,369,370,-1,364,370,365,-1,371,372,373,-1,373,372,374,-1,373,374,368,-1,368,374,375,-1,368,375,366,-1,376,377,378,-1,378,377,379,-1,380,381,382,-1,381,383,382,-1,382,383,384,-1,382,384,373,-1,373,384,385,-1,373,385,371,-1,376,380,377,-1,377,380,382,-1,377,382,386,-1,386,382,387,-1,328,379,326,-1,326,379,377,-1,388,377,386,-1,388,389,377,-1,377,389,351,-1,377,351,326,-1,390,391,392,-1,386,393,388,-1,388,393,394,-1,388,394,395,-1,388,396,389,-1,389,396,397,-1,389,397,398,-1,398,397,399,-1,392,400,390,-1,390,400,388,-1,390,388,401,-1,401,388,395,-1,402,403,404,-1,399,397,404,-1,404,397,405,-1,404,405,402,-1,396,406,407,-1,396,407,397,-1,397,407,408,-1,397,408,405,-1,405,408,409,-1,405,409,402,-1,402,409,410,-1,402,410,403,-1,403,410,411,-1,403,411,404,-1,404,411,412,-1,404,412,399,-1,399,412,413,-1,399,413,398,-1,398,413,414,-1,398,414,389,-1,351,389,352,-1,352,389,414,-1,393,386,415,-1,415,386,387,-1,393,415,416,-1,393,416,394,-1,394,416,417,-1,394,417,395,-1,395,417,418,-1,395,418,401,-1,401,418,419,-1,401,419,390,-1,390,419,420,-1,390,420,391,-1,391,420,421,-1,391,421,392,-1,392,421,422,-1,392,422,400,-1,400,422,423,-1,400,423,388,-1,396,388,406,-1,406,388,423,-1,334,373,368,-1,341,356,343,-1,343,356,353,-1,343,353,348,-1,334,368,320,-1,320,368,364,-1,320,364,341,-1,341,364,360,-1,341,360,356,-1,373,334,382,-1,382,334,331,-1,382,331,387,-1,421,420,419,-1,414,423,352,-1,352,423,387,-1,352,387,323,-1,323,387,331,-1,421,419,422,-1,417,416,423,-1,423,416,415,-1,423,415,387,-1,413,407,414,-1,414,407,406,-1,414,406,423,-1,422,419,423,-1,423,419,418,-1,423,418,417,-1,411,410,409,-1,413,412,407,-1,407,412,411,-1,407,411,408,-1,408,411,409,-1,375,374,338,-1,379,328,378,-1,378,328,327,-1,378,327,376,-1,376,327,325,-1,376,325,380,-1,380,325,324,-1,380,324,381,-1,381,324,322,-1,381,322,383,-1,383,322,321,-1,383,321,384,-1,321,333,384,-1,384,333,332,-1,384,332,385,-1,385,332,330,-1,385,330,371,-1,371,330,372,-1,372,330,329,-1,372,329,374,-1,374,329,339,-1,374,339,338,-1,375,338,366,-1,366,338,337,-1,366,337,367,-1,367,337,336,-1,367,336,369,-1,336,335,369,-1,369,335,319,-1,369,319,370,-1,370,319,318,-1,370,318,365,-1,365,318,363,-1,363,318,347,-1,363,347,358,-1,358,347,346,-1,358,346,345,-1,357,362,340,-1,340,362,361,-1,340,361,345,-1,345,361,359,-1,345,359,358,-1,340,342,357,-1,357,342,344,-1,357,344,355,-1,355,344,350,-1,355,350,354,-1,354,350,349,-1,424,425,426,-1,427,428,429,-1,430,431,432,-1,432,431,433,-1,432,433,434,-1,435,436,437,-1,437,436,438,-1,437,438,429,-1,429,438,439,-1,429,439,427,-1,426,425,440,-1,440,425,441,-1,440,441,442,-1,442,443,440,-1,440,443,444,-1,440,444,437,-1,437,444,445,-1,437,445,435,-1,446,447,448,-1,448,447,449,-1,448,449,450,-1,446,451,447,-1,447,451,452,-1,447,452,426,-1,426,452,453,-1,426,453,424,-1,454,455,449,-1,449,455,456,-1,449,456,450,-1,457,458,432,-1,432,458,429,-1,432,429,430,-1,430,429,428,-1,454,459,455,-1,455,459,460,-1,460,459,461,-1,461,459,462,-1,461,462,463,-1,464,465,466,-1,466,465,467,-1,466,467,462,-1,462,467,468,-1,462,468,463,-1,464,466,469,-1,469,466,470,-1,469,470,471,-1,472,473,474,-1,474,473,475,-1,474,475,470,-1,470,475,476,-1,470,476,471,-1,477,478,479,-1,479,478,480,-1,479,480,474,-1,474,480,481,-1,474,481,472,-1,482,483,484,-1,484,483,485,-1,486,487,488,-1,487,489,488,-1,488,489,490,-1,488,490,479,-1,479,490,491,-1,479,491,477,-1,482,486,483,-1,483,486,488,-1,483,488,492,-1,492,488,493,-1,434,485,432,-1,432,485,483,-1,432,483,457,-1,494,495,496,-1,497,498,499,-1,483,492,500,-1,500,492,496,-1,500,496,501,-1,501,496,495,-1,483,500,457,-1,457,500,502,-1,457,502,503,-1,503,502,504,-1,503,504,505,-1,494,496,499,-1,499,496,506,-1,499,506,497,-1,504,507,505,-1,505,507,508,-1,505,508,509,-1,509,508,510,-1,509,510,511,-1,502,512,513,-1,502,513,504,-1,504,513,514,-1,504,514,507,-1,507,514,515,-1,507,515,508,-1,508,515,516,-1,508,516,510,-1,510,516,517,-1,510,517,511,-1,511,517,518,-1,511,518,509,-1,509,518,519,-1,509,519,505,-1,505,519,520,-1,505,520,503,-1,457,503,458,-1,458,503,520,-1,496,492,521,-1,521,492,493,-1,496,521,522,-1,496,522,506,-1,506,522,523,-1,506,523,497,-1,497,523,524,-1,497,524,498,-1,498,524,525,-1,498,525,499,-1,499,525,526,-1,499,526,494,-1,494,526,527,-1,494,527,495,-1,495,527,528,-1,495,528,501,-1,501,528,529,-1,501,529,500,-1,502,500,512,-1,512,500,529,-1,512,529,488,-1,447,462,449,-1,449,462,459,-1,449,459,454,-1,458,479,429,-1,429,479,437,-1,437,479,440,-1,440,479,474,-1,440,474,426,-1,426,474,470,-1,426,470,447,-1,447,470,466,-1,447,466,462,-1,519,513,520,-1,520,513,512,-1,520,512,458,-1,458,512,488,-1,458,488,479,-1,493,488,521,-1,521,488,529,-1,521,529,522,-1,522,529,528,-1,522,528,527,-1,527,526,522,-1,522,526,525,-1,522,525,523,-1,523,525,524,-1,517,516,518,-1,518,516,515,-1,518,515,519,-1,519,515,514,-1,519,514,513,-1,481,480,444,-1,485,434,484,-1,484,434,433,-1,484,433,482,-1,482,433,431,-1,482,431,486,-1,486,431,430,-1,486,430,487,-1,487,430,428,-1,487,428,489,-1,489,428,427,-1,489,427,490,-1,427,439,490,-1,490,439,438,-1,490,438,491,-1,491,438,436,-1,491,436,477,-1,477,436,478,-1,478,436,435,-1,478,435,480,-1,480,435,445,-1,480,445,444,-1,481,444,472,-1,472,444,443,-1,472,443,473,-1,473,443,442,-1,473,442,475,-1,442,441,475,-1,475,441,425,-1,475,425,476,-1,476,425,424,-1,476,424,471,-1,471,424,469,-1,469,424,453,-1,469,453,464,-1,464,453,452,-1,464,452,451,-1,463,468,446,-1,446,468,467,-1,446,467,451,-1,451,467,465,-1,451,465,464,-1,446,448,463,-1,463,448,450,-1,463,450,461,-1,461,450,456,-1,461,456,460,-1,460,456,455,-1,530,531,532,-1,532,531,533,-1,534,535,536,-1,536,535,537,-1,536,537,538,-1,539,540,541,-1,541,540,542,-1,541,542,537,-1,537,542,543,-1,537,543,538,-1,539,541,544,-1,544,541,545,-1,544,545,546,-1,547,548,549,-1,549,548,550,-1,549,550,545,-1,545,550,551,-1,545,551,546,-1,552,553,554,-1,555,556,557,-1,557,556,558,-1,558,559,557,-1,557,559,560,-1,557,560,549,-1,549,560,561,-1,549,561,547,-1,554,555,552,-1,552,555,557,-1,552,557,530,-1,530,557,531,-1,562,535,563,-1,563,535,534,-1,564,565,566,-1,564,566,567,-1,568,569,570,-1,568,570,571,-1,572,573,574,-1,574,573,575,-1,574,575,570,-1,570,575,576,-1,570,576,571,-1,577,578,579,-1,579,578,580,-1,579,580,581,-1,577,582,578,-1,578,582,583,-1,578,583,574,-1,574,583,584,-1,574,584,572,-1,562,563,585,-1,585,563,586,-1,586,587,585,-1,585,587,588,-1,585,588,580,-1,580,588,589,-1,580,589,581,-1,590,591,566,-1,566,591,570,-1,566,570,567,-1,567,570,569,-1,592,593,532,-1,532,593,594,-1,532,594,595,-1,595,596,532,-1,532,596,597,-1,532,597,530,-1,530,597,590,-1,530,590,552,-1,552,590,566,-1,552,566,553,-1,553,566,565,-1,598,599,600,-1,600,599,601,-1,600,601,602,-1,602,601,603,-1,602,603,532,-1,532,603,604,-1,532,604,592,-1,605,591,597,-1,597,591,590,-1,570,591,549,-1,606,607,608,-1,549,591,557,-1,609,610,611,-1,609,611,612,-1,533,605,613,-1,535,562,537,-1,537,562,585,-1,537,585,541,-1,541,585,580,-1,541,580,545,-1,545,580,578,-1,545,578,549,-1,549,578,574,-1,549,574,570,-1,611,614,612,-1,612,614,615,-1,612,615,616,-1,616,615,617,-1,616,617,608,-1,608,617,618,-1,608,618,606,-1,619,620,533,-1,533,620,621,-1,533,621,622,-1,622,621,610,-1,622,610,623,-1,623,610,609,-1,605,533,591,-1,591,533,531,-1,591,531,557,-1,613,624,533,-1,533,624,625,-1,533,625,619,-1,589,588,542,-1,563,534,586,-1,586,534,536,-1,586,536,587,-1,587,536,538,-1,587,538,588,-1,588,538,543,-1,588,543,542,-1,582,551,583,-1,583,551,550,-1,583,550,584,-1,589,542,581,-1,581,542,540,-1,581,540,579,-1,579,540,539,-1,579,539,577,-1,577,539,544,-1,577,544,582,-1,582,544,546,-1,582,546,551,-1,560,576,575,-1,584,550,572,-1,572,550,548,-1,572,548,573,-1,573,548,547,-1,573,547,575,-1,575,547,561,-1,575,561,560,-1,576,560,571,-1,571,560,559,-1,571,559,568,-1,555,569,556,-1,556,569,568,-1,556,568,558,-1,558,568,559,-1,553,565,554,-1,554,565,564,-1,554,564,555,-1,555,564,567,-1,555,567,569,-1,533,622,532,-1,532,622,602,-1,626,627,612,-1,628,598,600,-1,628,600,629,-1,630,631,623,-1,630,623,632,-1,612,627,609,-1,609,627,633,-1,609,633,634,-1,634,635,609,-1,609,635,636,-1,609,636,623,-1,623,636,637,-1,623,637,632,-1,638,616,639,-1,639,616,608,-1,639,608,640,-1,638,641,616,-1,616,641,642,-1,616,642,612,-1,612,642,643,-1,612,643,626,-1,607,644,608,-1,608,644,645,-1,608,645,640,-1,602,622,600,-1,600,622,623,-1,600,623,629,-1,629,623,631,-1,607,606,644,-1,644,606,646,-1,646,606,647,-1,647,606,618,-1,647,618,648,-1,649,650,617,-1,617,650,651,-1,617,651,618,-1,618,651,652,-1,618,652,648,-1,649,617,653,-1,653,617,615,-1,653,615,654,-1,655,656,614,-1,614,656,657,-1,614,657,615,-1,615,657,658,-1,615,658,654,-1,601,599,659,-1,660,661,611,-1,611,661,662,-1,662,663,611,-1,611,663,664,-1,611,664,614,-1,614,664,665,-1,614,665,655,-1,659,660,601,-1,601,660,611,-1,601,611,603,-1,603,611,610,-1,604,603,621,-1,621,603,610,-1,656,655,634,-1,599,598,659,-1,659,598,628,-1,659,628,660,-1,660,628,629,-1,660,629,661,-1,661,629,631,-1,661,631,662,-1,631,630,662,-1,662,630,632,-1,662,632,663,-1,663,632,637,-1,663,637,664,-1,664,637,665,-1,665,637,636,-1,665,636,655,-1,655,636,635,-1,655,635,634,-1,641,650,649,-1,656,634,657,-1,657,634,633,-1,657,633,658,-1,658,633,627,-1,658,627,654,-1,654,627,626,-1,654,626,653,-1,653,626,643,-1,653,643,649,-1,649,643,642,-1,649,642,641,-1,640,648,652,-1,650,641,651,-1,651,641,638,-1,651,638,652,-1,652,638,639,-1,652,639,640,-1,644,646,647,-1,648,640,647,-1,647,640,645,-1,647,645,644,-1,604,621,620,-1,604,620,592,-1,592,620,619,-1,592,619,593,-1,593,619,625,-1,593,625,594,-1,594,625,624,-1,594,624,595,-1,595,624,613,-1,595,613,596,-1,596,613,605,-1,596,605,597,-1,666,667,668,-1,668,667,669,-1,668,669,670,-1,671,672,673,-1,673,672,674,-1,673,674,669,-1,669,674,675,-1,669,675,670,-1,671,673,676,-1,676,673,677,-1,676,677,678,-1,679,680,681,-1,681,680,682,-1,681,682,677,-1,677,682,683,-1,677,683,678,-1,684,685,686,-1,686,685,687,-1,686,687,681,-1,681,687,688,-1,681,688,679,-1,689,690,691,-1,691,690,692,-1,693,694,695,-1,694,696,695,-1,695,696,697,-1,695,697,686,-1,686,697,698,-1,686,698,684,-1,689,693,690,-1,690,693,695,-1,690,695,699,-1,699,695,700,-1,701,667,702,-1,702,667,666,-1,703,704,705,-1,706,707,708,-1,709,710,711,-1,712,713,714,-1,714,713,715,-1,714,715,716,-1,717,718,719,-1,719,718,720,-1,719,720,711,-1,711,720,721,-1,711,721,709,-1,708,707,722,-1,722,707,723,-1,722,723,724,-1,724,725,722,-1,722,725,726,-1,722,726,719,-1,719,726,727,-1,719,727,717,-1,705,704,708,-1,708,704,728,-1,708,728,706,-1,701,702,729,-1,729,702,730,-1,730,731,729,-1,729,731,732,-1,729,732,705,-1,705,732,733,-1,705,733,703,-1,734,735,714,-1,714,735,711,-1,714,711,712,-1,712,711,710,-1,690,699,736,-1,736,699,737,-1,716,692,714,-1,714,692,690,-1,714,690,734,-1,734,690,736,-1,734,736,738,-1,739,740,738,-1,741,742,737,-1,737,742,743,-1,737,743,736,-1,744,745,746,-1,740,747,738,-1,738,747,748,-1,738,748,734,-1,749,750,751,-1,751,750,742,-1,751,742,752,-1,752,742,741,-1,739,738,746,-1,746,738,753,-1,746,753,744,-1,737,754,755,-1,737,755,741,-1,741,755,756,-1,741,756,752,-1,752,756,757,-1,752,757,751,-1,751,757,758,-1,751,758,749,-1,749,758,759,-1,749,759,750,-1,750,759,760,-1,750,760,742,-1,742,760,761,-1,742,761,743,-1,743,761,762,-1,743,762,736,-1,737,699,754,-1,754,699,700,-1,734,748,735,-1,735,748,763,-1,738,764,765,-1,738,765,753,-1,753,765,766,-1,753,766,744,-1,744,766,767,-1,744,767,745,-1,745,767,768,-1,745,768,746,-1,746,768,769,-1,746,769,739,-1,739,769,770,-1,739,770,740,-1,740,770,771,-1,740,771,747,-1,747,771,763,-1,747,763,748,-1,738,736,764,-1,764,736,762,-1,667,701,729,-1,700,695,754,-1,754,695,762,-1,754,762,755,-1,722,681,708,-1,708,681,677,-1,708,677,705,-1,705,677,673,-1,705,673,729,-1,729,673,669,-1,729,669,667,-1,719,695,722,-1,722,695,686,-1,722,686,681,-1,719,711,695,-1,695,711,735,-1,695,735,762,-1,762,735,763,-1,762,763,764,-1,764,763,771,-1,771,770,764,-1,764,770,769,-1,764,769,768,-1,758,757,759,-1,759,757,760,-1,762,761,755,-1,755,761,760,-1,755,760,756,-1,756,760,757,-1,767,766,768,-1,768,766,765,-1,768,765,764,-1,702,666,668,-1,670,731,668,-1,668,731,730,-1,668,730,702,-1,670,675,731,-1,731,675,674,-1,731,674,732,-1,732,674,733,-1,679,725,724,-1,733,674,703,-1,703,674,672,-1,703,672,704,-1,704,672,671,-1,704,671,728,-1,728,671,676,-1,728,676,706,-1,706,676,678,-1,706,678,707,-1,707,678,683,-1,707,683,723,-1,723,683,682,-1,723,682,724,-1,724,682,680,-1,724,680,679,-1,684,718,717,-1,725,679,726,-1,726,679,688,-1,726,688,727,-1,727,688,687,-1,727,687,717,-1,717,687,685,-1,717,685,684,-1,718,684,720,-1,720,684,698,-1,720,698,721,-1,689,712,693,-1,693,712,710,-1,693,710,694,-1,694,710,709,-1,694,709,696,-1,696,709,721,-1,696,721,697,-1,697,721,698,-1,692,716,691,-1,691,716,715,-1,691,715,689,-1,689,715,713,-1,689,713,712,-1,772,773,774,-1,774,773,775,-1,774,775,776,-1,777,778,779,-1,779,778,780,-1,779,780,775,-1,775,780,781,-1,775,781,776,-1,777,779,782,-1,782,779,783,-1,782,783,784,-1,785,786,787,-1,787,786,788,-1,787,788,783,-1,783,788,789,-1,783,789,784,-1,790,791,792,-1,792,791,793,-1,792,793,787,-1,787,793,794,-1,787,794,785,-1,795,796,797,-1,797,796,798,-1,799,800,801,-1,800,802,801,-1,801,802,803,-1,801,803,792,-1,792,803,804,-1,792,804,790,-1,795,799,796,-1,796,799,801,-1,796,801,805,-1,805,801,806,-1,807,773,808,-1,808,773,772,-1,809,810,811,-1,812,813,814,-1,815,816,817,-1,818,819,820,-1,820,819,821,-1,820,821,822,-1,823,824,825,-1,825,824,826,-1,825,826,817,-1,817,826,827,-1,817,827,815,-1,814,813,828,-1,828,813,829,-1,828,829,830,-1,830,831,828,-1,828,831,832,-1,828,832,825,-1,825,832,833,-1,825,833,823,-1,811,810,814,-1,814,810,834,-1,814,834,812,-1,807,808,835,-1,835,808,836,-1,836,837,835,-1,835,837,838,-1,835,838,811,-1,811,838,839,-1,811,839,809,-1,840,841,820,-1,820,841,817,-1,820,817,818,-1,818,817,816,-1,842,840,843,-1,796,805,844,-1,844,805,845,-1,822,798,820,-1,820,798,796,-1,820,796,840,-1,840,796,844,-1,840,844,843,-1,846,847,845,-1,845,847,848,-1,845,848,844,-1,849,850,851,-1,852,853,854,-1,854,853,847,-1,854,847,855,-1,855,847,846,-1,849,851,843,-1,843,851,856,-1,843,856,857,-1,857,858,843,-1,843,858,859,-1,843,859,842,-1,845,860,861,-1,845,861,846,-1,846,861,862,-1,846,862,855,-1,855,862,863,-1,855,863,854,-1,854,863,864,-1,854,864,852,-1,852,864,865,-1,852,865,853,-1,853,865,866,-1,853,866,847,-1,847,866,867,-1,847,867,848,-1,848,867,868,-1,848,868,844,-1,845,805,860,-1,860,805,806,-1,840,842,841,-1,841,842,869,-1,843,870,871,-1,843,871,849,-1,849,871,872,-1,849,872,850,-1,850,872,873,-1,850,873,851,-1,851,873,874,-1,851,874,856,-1,856,874,875,-1,856,875,857,-1,857,875,876,-1,857,876,858,-1,858,876,877,-1,858,877,859,-1,859,877,869,-1,859,869,842,-1,843,844,870,-1,870,844,868,-1,773,807,835,-1,806,801,860,-1,860,801,868,-1,860,868,861,-1,817,841,801,-1,876,875,870,-1,828,792,787,-1,801,841,868,-1,868,841,869,-1,868,869,870,-1,870,869,877,-1,870,877,876,-1,875,874,870,-1,870,874,873,-1,870,873,871,-1,871,873,872,-1,864,863,865,-1,865,863,866,-1,868,867,861,-1,861,867,866,-1,861,866,862,-1,862,866,863,-1,828,787,814,-1,814,787,783,-1,814,783,811,-1,811,783,779,-1,811,779,835,-1,835,779,775,-1,835,775,773,-1,792,828,801,-1,801,828,825,-1,801,825,817,-1,808,772,774,-1,776,837,774,-1,774,837,836,-1,774,836,808,-1,776,781,837,-1,837,781,780,-1,837,780,838,-1,838,780,839,-1,785,831,830,-1,839,780,809,-1,809,780,778,-1,809,778,810,-1,810,778,777,-1,810,777,834,-1,834,777,782,-1,834,782,812,-1,812,782,784,-1,812,784,813,-1,813,784,789,-1,813,789,829,-1,829,789,788,-1,829,788,830,-1,830,788,786,-1,830,786,785,-1,790,824,823,-1,831,785,832,-1,832,785,794,-1,832,794,833,-1,833,794,793,-1,833,793,823,-1,823,793,791,-1,823,791,790,-1,824,790,826,-1,826,790,804,-1,826,804,827,-1,795,818,799,-1,799,818,816,-1,799,816,800,-1,800,816,815,-1,800,815,802,-1,802,815,827,-1,802,827,803,-1,803,827,804,-1,798,822,797,-1,797,822,821,-1,797,821,795,-1,795,821,819,-1,795,819,818,-1,878,879,880,-1,880,879,881,-1,880,881,882,-1,883,884,885,-1,885,884,886,-1,885,886,881,-1,881,886,887,-1,881,887,882,-1,883,885,888,-1,888,885,889,-1,888,889,890,-1,891,892,893,-1,893,892,894,-1,893,894,889,-1,889,894,895,-1,889,895,890,-1,896,897,898,-1,898,897,899,-1,898,899,893,-1,893,899,900,-1,893,900,891,-1,901,902,903,-1,903,902,904,-1,905,906,907,-1,906,908,907,-1,907,908,909,-1,907,909,898,-1,898,909,910,-1,898,910,896,-1,901,905,902,-1,902,905,907,-1,902,907,911,-1,911,907,912,-1,913,879,914,-1,914,879,878,-1,915,916,917,-1,918,919,920,-1,921,922,923,-1,924,925,926,-1,926,925,927,-1,926,927,928,-1,929,930,931,-1,931,930,932,-1,931,932,923,-1,923,932,933,-1,923,933,921,-1,920,919,934,-1,934,919,935,-1,934,935,936,-1,936,937,934,-1,934,937,938,-1,934,938,931,-1,931,938,939,-1,931,939,929,-1,917,916,920,-1,920,916,940,-1,920,940,918,-1,913,914,941,-1,941,914,942,-1,942,943,941,-1,941,943,944,-1,941,944,917,-1,917,944,945,-1,917,945,915,-1,946,947,926,-1,926,947,923,-1,926,923,924,-1,924,923,922,-1,948,946,949,-1,928,904,926,-1,926,904,902,-1,926,902,946,-1,946,902,950,-1,946,950,949,-1,951,952,953,-1,951,954,955,-1,902,911,950,-1,950,911,951,-1,950,951,956,-1,956,951,953,-1,955,957,951,-1,951,957,958,-1,951,958,952,-1,959,960,961,-1,962,963,949,-1,949,963,964,-1,949,964,948,-1,959,961,949,-1,949,961,965,-1,949,965,962,-1,951,966,967,-1,951,967,954,-1,954,967,968,-1,954,968,955,-1,955,968,969,-1,955,969,957,-1,957,969,970,-1,957,970,958,-1,958,970,971,-1,958,971,952,-1,952,971,972,-1,952,972,953,-1,953,972,973,-1,953,973,956,-1,956,973,974,-1,956,974,950,-1,951,911,966,-1,966,911,912,-1,946,948,947,-1,947,948,975,-1,949,976,977,-1,949,977,959,-1,959,977,978,-1,959,978,960,-1,960,978,979,-1,960,979,961,-1,961,979,980,-1,961,980,965,-1,965,980,981,-1,965,981,962,-1,962,981,982,-1,962,982,963,-1,963,982,983,-1,963,983,964,-1,964,983,975,-1,964,975,948,-1,949,950,976,-1,976,950,974,-1,912,907,966,-1,966,907,974,-1,947,907,898,-1,982,981,976,-1,966,971,970,-1,974,973,966,-1,966,973,972,-1,966,972,971,-1,893,931,898,-1,898,931,923,-1,898,923,947,-1,907,947,974,-1,974,947,975,-1,974,975,976,-1,976,975,983,-1,976,983,982,-1,981,980,976,-1,976,980,979,-1,976,979,977,-1,977,979,978,-1,970,969,966,-1,966,969,968,-1,966,968,967,-1,879,913,881,-1,881,913,941,-1,881,941,885,-1,885,941,917,-1,885,917,889,-1,889,917,920,-1,889,920,893,-1,893,920,934,-1,893,934,931,-1,914,878,880,-1,882,943,880,-1,880,943,942,-1,880,942,914,-1,882,887,943,-1,943,887,886,-1,943,886,944,-1,944,886,945,-1,891,937,936,-1,945,886,915,-1,915,886,884,-1,915,884,916,-1,916,884,883,-1,916,883,940,-1,940,883,888,-1,940,888,918,-1,918,888,890,-1,918,890,919,-1,919,890,895,-1,919,895,935,-1,935,895,894,-1,935,894,936,-1,936,894,892,-1,936,892,891,-1,896,930,929,-1,937,891,938,-1,938,891,900,-1,938,900,939,-1,939,900,899,-1,939,899,929,-1,929,899,897,-1,929,897,896,-1,930,896,932,-1,932,896,910,-1,932,910,933,-1,901,924,905,-1,905,924,922,-1,905,922,906,-1,906,922,921,-1,906,921,908,-1,908,921,933,-1,908,933,909,-1,909,933,910,-1,904,928,903,-1,903,928,927,-1,903,927,901,-1,901,927,925,-1,901,925,924,-1,984,985,986,-1,986,985,987,-1,986,987,988,-1,989,990,987,-1,987,990,991,-1,987,991,988,-1,992,993,994,-1,994,995,992,-1,992,995,996,-1,992,996,989,-1,989,996,997,-1,989,997,990,-1,992,998,993,-1,993,998,999,-1,993,999,1000,-1,1000,999,1001,-1,1002,985,1003,-1,1003,985,984,-1,1004,1005,1006,-1,1007,1008,1006,-1,1006,1008,1009,-1,1006,1009,1004,-1,1004,1009,1010,-1,1004,1010,1011,-1,1012,1013,1006,-1,1006,1013,1014,-1,1006,1014,1007,-1,1002,1003,1015,-1,1015,1003,1016,-1,1016,1017,1015,-1,1015,1017,1018,-1,1015,1018,1012,-1,1012,1018,1019,-1,1012,1019,1013,-1,1020,1021,1022,-1,1023,1024,1025,-1,1025,1024,1026,-1,1027,1028,1026,-1,1026,1028,1029,-1,1026,1029,1025,-1,1025,1029,1030,-1,1011,1001,1004,-1,1004,1001,999,-1,1029,999,1031,-1,1032,1033,1031,-1,1031,1033,1034,-1,1031,1034,1029,-1,1029,1034,1020,-1,1029,1020,1030,-1,1030,1020,1022,-1,1035,1036,1004,-1,1037,1038,1028,-1,1039,1027,1040,-1,1040,1041,1039,-1,1039,1041,1042,-1,1039,1042,1043,-1,1039,1044,1027,-1,1027,1044,1045,-1,1027,1045,1028,-1,1028,1045,1046,-1,1028,1046,1037,-1,1047,1048,1038,-1,1038,1048,1049,-1,1038,1049,1028,-1,1050,1051,1004,-1,999,1029,1004,-1,1004,1029,1052,-1,1004,1052,1050,-1,1004,1036,1053,-1,1053,1036,1054,-1,1053,1054,1055,-1,1051,1056,1004,-1,1004,1056,1057,-1,1004,1057,1035,-1,1058,1059,1060,-1,1060,1059,1053,-1,1060,1053,1061,-1,1061,1053,1055,-1,1029,1028,1062,-1,1062,1028,1063,-1,1064,1065,1062,-1,1062,1065,1066,-1,1062,1066,1067,-1,1063,1068,1069,-1,1070,1071,1072,-1,1073,1074,1075,-1,1005,998,992,-1,1076,1077,1078,-1,1079,1064,1080,-1,1080,1064,1062,-1,1080,1062,1005,-1,1005,1062,1063,-1,1005,1063,998,-1,998,1063,1081,-1,1082,1083,1084,-1,1085,1086,1087,-1,1076,1078,1080,-1,1080,1078,1088,-1,1080,1088,1079,-1,1085,1087,1066,-1,1066,1087,1089,-1,1066,1089,1067,-1,1090,1091,1063,-1,1092,1093,1094,-1,1094,1093,1095,-1,1094,1095,1096,-1,1096,1095,1097,-1,1096,1097,1098,-1,1070,1072,1099,-1,1099,1072,1100,-1,1099,1100,1084,-1,1084,1100,1101,-1,1084,1101,1082,-1,1102,1103,1104,-1,1104,1103,1075,-1,1075,1103,1105,-1,1075,1105,1073,-1,1106,1107,1108,-1,1097,1109,1098,-1,1098,1109,1068,-1,1098,1068,1110,-1,1110,1068,1063,-1,1110,1063,1111,-1,1111,1063,1091,-1,1111,1091,1112,-1,1104,1113,1102,-1,1102,1113,1081,-1,1102,1081,1114,-1,1114,1081,1063,-1,1114,1063,1071,-1,1071,1063,1069,-1,1071,1069,1072,-1,985,1002,987,-1,987,1002,1015,-1,987,1015,989,-1,989,1015,1012,-1,989,1012,992,-1,992,1012,1006,-1,992,1006,1005,-1,1115,1116,1117,-1,1117,1116,1118,-1,1112,1119,1111,-1,1111,1119,1116,-1,1111,1116,1120,-1,1120,1116,1115,-1,1090,1063,1108,-1,1108,1063,1121,-1,1108,1121,1106,-1,1003,984,1016,-1,1016,984,986,-1,1016,986,1017,-1,1017,986,988,-1,1017,988,1018,-1,1018,988,991,-1,1018,991,1019,-1,1019,991,990,-1,1019,990,1013,-1,990,997,1013,-1,1013,997,996,-1,1013,996,1014,-1,1014,996,995,-1,1014,995,1007,-1,1007,995,994,-1,1007,994,1008,-1,1008,994,1009,-1,1009,994,993,-1,1009,993,1010,-1,993,1000,1010,-1,1010,1000,1001,-1,1010,1001,1011,-1,1029,1062,1067,-1,1029,1067,1052,-1,1052,1067,1089,-1,1052,1089,1050,-1,1050,1089,1087,-1,1050,1087,1051,-1,1051,1087,1086,-1,1051,1086,1056,-1,1056,1086,1085,-1,1056,1085,1057,-1,1057,1085,1066,-1,1057,1066,1035,-1,1035,1066,1065,-1,1035,1065,1036,-1,1054,1036,1064,-1,1064,1036,1065,-1,1054,1064,1079,-1,1054,1079,1055,-1,1055,1079,1088,-1,1055,1088,1061,-1,1061,1088,1078,-1,1061,1078,1060,-1,1060,1078,1077,-1,1060,1077,1058,-1,1058,1077,1076,-1,1058,1076,1059,-1,1059,1076,1080,-1,1059,1080,1053,-1,1004,1053,1005,-1,1005,1053,1080,-1,998,1081,999,-1,999,1081,1031,-1,1111,1027,1110,-1,1110,1027,1026,-1,1030,1069,1025,-1,1025,1069,1068,-1,1034,1114,1020,-1,1020,1114,1071,-1,1027,1111,1120,-1,1027,1120,1040,-1,1040,1120,1115,-1,1040,1115,1041,-1,1041,1115,1117,-1,1041,1117,1042,-1,1042,1117,1118,-1,1042,1118,1043,-1,1043,1118,1116,-1,1043,1116,1039,-1,1039,1116,1119,-1,1039,1119,1044,-1,1044,1119,1112,-1,1044,1112,1045,-1,1046,1045,1091,-1,1091,1045,1112,-1,1046,1091,1090,-1,1046,1090,1037,-1,1037,1090,1108,-1,1037,1108,1038,-1,1038,1108,1107,-1,1038,1107,1047,-1,1047,1107,1106,-1,1047,1106,1048,-1,1048,1106,1121,-1,1048,1121,1049,-1,1049,1121,1063,-1,1049,1063,1028,-1,1122,1073,1123,-1,1123,1073,1105,-1,1123,1105,1124,-1,1103,1125,1105,-1,1105,1125,1126,-1,1105,1126,1124,-1,1102,1127,1128,-1,1128,1129,1102,-1,1102,1129,1130,-1,1102,1130,1103,-1,1103,1130,1131,-1,1103,1131,1125,-1,1102,1114,1127,-1,1127,1114,1034,-1,1127,1034,1132,-1,1132,1034,1033,-1,1074,1073,1133,-1,1133,1073,1122,-1,1031,1081,1113,-1,1134,1135,1113,-1,1113,1135,1136,-1,1113,1136,1031,-1,1031,1136,1137,-1,1031,1137,1032,-1,1104,1138,1113,-1,1113,1138,1139,-1,1113,1139,1134,-1,1074,1133,1075,-1,1075,1133,1140,-1,1140,1141,1075,-1,1075,1141,1142,-1,1075,1142,1104,-1,1104,1142,1143,-1,1104,1143,1138,-1,1133,1122,1140,-1,1140,1122,1123,-1,1140,1123,1141,-1,1141,1123,1124,-1,1141,1124,1142,-1,1142,1124,1126,-1,1142,1126,1143,-1,1143,1126,1125,-1,1143,1125,1138,-1,1125,1131,1138,-1,1138,1131,1130,-1,1138,1130,1139,-1,1139,1130,1129,-1,1139,1129,1134,-1,1134,1129,1128,-1,1134,1128,1135,-1,1135,1128,1136,-1,1136,1128,1127,-1,1136,1127,1137,-1,1127,1132,1137,-1,1137,1132,1033,-1,1137,1033,1032,-1,1144,1082,1145,-1,1145,1082,1101,-1,1145,1101,1146,-1,1100,1147,1101,-1,1101,1147,1148,-1,1101,1148,1146,-1,1072,1149,1150,-1,1150,1151,1072,-1,1072,1151,1152,-1,1072,1152,1100,-1,1100,1152,1153,-1,1100,1153,1147,-1,1072,1069,1149,-1,1149,1069,1030,-1,1149,1030,1154,-1,1154,1030,1022,-1,1083,1082,1155,-1,1155,1082,1144,-1,1020,1071,1070,-1,1156,1157,1070,-1,1070,1157,1158,-1,1070,1158,1020,-1,1020,1158,1159,-1,1020,1159,1021,-1,1099,1160,1070,-1,1070,1160,1161,-1,1070,1161,1156,-1,1083,1155,1084,-1,1084,1155,1162,-1,1162,1163,1084,-1,1084,1163,1164,-1,1084,1164,1099,-1,1099,1164,1165,-1,1099,1165,1160,-1,1155,1144,1162,-1,1162,1144,1145,-1,1162,1145,1163,-1,1163,1145,1146,-1,1163,1146,1164,-1,1164,1146,1148,-1,1164,1148,1165,-1,1165,1148,1147,-1,1165,1147,1160,-1,1147,1153,1160,-1,1160,1153,1152,-1,1160,1152,1161,-1,1161,1152,1151,-1,1161,1151,1156,-1,1156,1151,1150,-1,1156,1150,1157,-1,1157,1150,1158,-1,1158,1150,1149,-1,1158,1149,1159,-1,1149,1154,1159,-1,1159,1154,1022,-1,1159,1022,1021,-1,1166,1092,1167,-1,1167,1092,1094,-1,1167,1094,1168,-1,1096,1169,1094,-1,1094,1169,1170,-1,1094,1170,1168,-1,1098,1171,1172,-1,1172,1173,1098,-1,1098,1173,1174,-1,1098,1174,1096,-1,1096,1174,1175,-1,1096,1175,1169,-1,1098,1110,1171,-1,1171,1110,1026,-1,1171,1026,1176,-1,1176,1026,1024,-1,1093,1092,1177,-1,1177,1092,1166,-1,1025,1068,1109,-1,1178,1179,1109,-1,1109,1179,1180,-1,1109,1180,1025,-1,1025,1180,1181,-1,1025,1181,1023,-1,1097,1182,1109,-1,1109,1182,1183,-1,1109,1183,1178,-1,1093,1177,1095,-1,1095,1177,1184,-1,1184,1185,1095,-1,1095,1185,1186,-1,1095,1186,1097,-1,1097,1186,1187,-1,1097,1187,1182,-1,1177,1166,1184,-1,1184,1166,1167,-1,1184,1167,1185,-1,1185,1167,1168,-1,1185,1168,1186,-1,1186,1168,1170,-1,1186,1170,1187,-1,1187,1170,1169,-1,1187,1169,1182,-1,1169,1175,1182,-1,1182,1175,1174,-1,1182,1174,1183,-1,1183,1174,1173,-1,1183,1173,1178,-1,1178,1173,1172,-1,1178,1172,1179,-1,1179,1172,1180,-1,1180,1172,1171,-1,1180,1171,1181,-1,1171,1176,1181,-1,1181,1176,1024,-1,1181,1024,1023,-1,1188,1189,1190,-1,1190,1189,1191,-1,1192,1193,1194,-1,1195,1196,1197,-1,1195,1197,1198,-1,1199,1200,1201,-1,1199,1201,1202,-1,1194,1193,1203,-1,1203,1193,1204,-1,1203,1204,1205,-1,1205,1206,1203,-1,1203,1206,1207,-1,1203,1207,1201,-1,1201,1207,1208,-1,1201,1208,1202,-1,1209,1210,1211,-1,1211,1210,1212,-1,1211,1212,1213,-1,1209,1214,1210,-1,1210,1214,1215,-1,1210,1215,1194,-1,1194,1215,1216,-1,1194,1216,1192,-1,1217,1218,1212,-1,1212,1218,1219,-1,1212,1219,1213,-1,1189,1188,1197,-1,1197,1188,1201,-1,1197,1201,1198,-1,1198,1201,1200,-1,1217,1220,1218,-1,1218,1220,1221,-1,1221,1220,1222,-1,1222,1220,1223,-1,1222,1223,1224,-1,1225,1226,1227,-1,1227,1226,1228,-1,1227,1228,1223,-1,1223,1228,1229,-1,1223,1229,1224,-1,1225,1227,1230,-1,1230,1227,1231,-1,1230,1231,1232,-1,1233,1234,1235,-1,1235,1234,1236,-1,1235,1236,1231,-1,1231,1236,1237,-1,1231,1237,1232,-1,1238,1239,1240,-1,1241,1242,1243,-1,1243,1242,1244,-1,1244,1245,1243,-1,1243,1245,1246,-1,1243,1246,1235,-1,1235,1246,1247,-1,1235,1247,1233,-1,1240,1241,1238,-1,1238,1241,1243,-1,1238,1243,1248,-1,1248,1243,1249,-1,1191,1250,1251,-1,1251,1250,1252,-1,1251,1252,1253,-1,1253,1252,1254,-1,1253,1254,1255,-1,1255,1254,1256,-1,1196,1239,1197,-1,1197,1239,1238,-1,1197,1238,1189,-1,1189,1238,1248,-1,1189,1248,1191,-1,1191,1248,1257,-1,1191,1257,1258,-1,1258,1259,1191,-1,1191,1259,1260,-1,1191,1260,1261,-1,1261,1262,1191,-1,1191,1262,1263,-1,1191,1263,1250,-1,1257,1248,1264,-1,1264,1248,1249,-1,1265,1266,1267,-1,1268,1269,1270,-1,1220,1217,1212,-1,1194,1203,1243,-1,1243,1203,1201,-1,1243,1201,1188,-1,1268,1270,1271,-1,1190,1272,1273,-1,1273,1274,1190,-1,1190,1274,1264,-1,1190,1264,1188,-1,1188,1264,1249,-1,1188,1249,1243,-1,1270,1275,1271,-1,1271,1275,1276,-1,1271,1276,1277,-1,1277,1276,1278,-1,1277,1278,1267,-1,1267,1278,1279,-1,1267,1279,1265,-1,1243,1235,1194,-1,1194,1235,1231,-1,1194,1231,1210,-1,1210,1231,1227,-1,1210,1227,1212,-1,1212,1227,1223,-1,1212,1223,1220,-1,1268,1280,1269,-1,1269,1280,1281,-1,1269,1281,1190,-1,1190,1281,1282,-1,1190,1282,1283,-1,1283,1284,1190,-1,1190,1284,1285,-1,1190,1285,1272,-1,1234,1233,1205,-1,1239,1196,1240,-1,1240,1196,1195,-1,1240,1195,1241,-1,1241,1195,1198,-1,1241,1198,1242,-1,1242,1198,1200,-1,1242,1200,1244,-1,1200,1199,1244,-1,1244,1199,1202,-1,1244,1202,1245,-1,1245,1202,1208,-1,1245,1208,1246,-1,1246,1208,1247,-1,1247,1208,1207,-1,1247,1207,1233,-1,1233,1207,1206,-1,1233,1206,1205,-1,1214,1226,1225,-1,1234,1205,1236,-1,1236,1205,1204,-1,1236,1204,1237,-1,1237,1204,1193,-1,1237,1193,1232,-1,1232,1193,1192,-1,1232,1192,1230,-1,1230,1192,1216,-1,1230,1216,1225,-1,1225,1216,1215,-1,1225,1215,1214,-1,1213,1224,1229,-1,1226,1214,1228,-1,1228,1214,1209,-1,1228,1209,1229,-1,1229,1209,1211,-1,1229,1211,1213,-1,1218,1221,1222,-1,1224,1213,1222,-1,1222,1213,1219,-1,1222,1219,1218,-1,1191,1251,1190,-1,1190,1251,1269,-1,1286,1287,1271,-1,1288,1256,1254,-1,1288,1254,1289,-1,1290,1291,1280,-1,1290,1280,1292,-1,1271,1287,1268,-1,1268,1287,1293,-1,1268,1293,1294,-1,1294,1295,1268,-1,1268,1295,1296,-1,1268,1296,1280,-1,1280,1296,1297,-1,1280,1297,1292,-1,1298,1277,1299,-1,1299,1277,1267,-1,1299,1267,1300,-1,1298,1301,1277,-1,1277,1301,1302,-1,1277,1302,1271,-1,1271,1302,1303,-1,1271,1303,1286,-1,1266,1304,1267,-1,1267,1304,1305,-1,1267,1305,1300,-1,1252,1281,1254,-1,1254,1281,1280,-1,1254,1280,1289,-1,1289,1280,1291,-1,1266,1265,1304,-1,1304,1265,1306,-1,1306,1265,1307,-1,1307,1265,1279,-1,1307,1279,1308,-1,1309,1310,1278,-1,1278,1310,1311,-1,1278,1311,1279,-1,1279,1311,1312,-1,1279,1312,1308,-1,1309,1278,1313,-1,1313,1278,1276,-1,1313,1276,1314,-1,1315,1316,1275,-1,1275,1316,1317,-1,1275,1317,1276,-1,1276,1317,1318,-1,1276,1318,1314,-1,1253,1255,1319,-1,1320,1321,1270,-1,1270,1321,1322,-1,1322,1323,1270,-1,1270,1323,1324,-1,1270,1324,1275,-1,1275,1324,1325,-1,1275,1325,1315,-1,1319,1320,1253,-1,1253,1320,1270,-1,1253,1270,1251,-1,1251,1270,1269,-1,1282,1281,1250,-1,1250,1281,1252,-1,1316,1315,1294,-1,1255,1256,1319,-1,1319,1256,1288,-1,1319,1288,1320,-1,1320,1288,1289,-1,1320,1289,1321,-1,1321,1289,1291,-1,1321,1291,1322,-1,1291,1290,1322,-1,1322,1290,1292,-1,1322,1292,1323,-1,1323,1292,1297,-1,1323,1297,1324,-1,1324,1297,1325,-1,1325,1297,1296,-1,1325,1296,1315,-1,1315,1296,1295,-1,1315,1295,1294,-1,1301,1310,1309,-1,1316,1294,1317,-1,1317,1294,1293,-1,1317,1293,1318,-1,1318,1293,1287,-1,1318,1287,1314,-1,1314,1287,1286,-1,1314,1286,1313,-1,1313,1286,1303,-1,1313,1303,1309,-1,1309,1303,1302,-1,1309,1302,1301,-1,1300,1308,1312,-1,1310,1301,1311,-1,1311,1301,1298,-1,1311,1298,1312,-1,1312,1298,1299,-1,1312,1299,1300,-1,1304,1306,1307,-1,1308,1300,1307,-1,1307,1300,1305,-1,1307,1305,1304,-1,1282,1250,1263,-1,1282,1263,1283,-1,1283,1263,1262,-1,1283,1262,1284,-1,1284,1262,1261,-1,1284,1261,1285,-1,1285,1261,1260,-1,1285,1260,1272,-1,1272,1260,1259,-1,1272,1259,1273,-1,1273,1259,1258,-1,1273,1258,1274,-1,1274,1258,1257,-1,1274,1257,1264,-1,1326,1327,1328,-1,1329,1330,1331,-1,1332,1333,1334,-1,1334,1333,1335,-1,1334,1335,1336,-1,1337,1338,1339,-1,1339,1338,1340,-1,1339,1340,1331,-1,1331,1340,1341,-1,1331,1341,1329,-1,1328,1327,1342,-1,1342,1327,1343,-1,1342,1343,1344,-1,1344,1345,1342,-1,1342,1345,1346,-1,1342,1346,1339,-1,1339,1346,1347,-1,1339,1347,1337,-1,1348,1349,1350,-1,1350,1349,1351,-1,1350,1351,1352,-1,1348,1353,1349,-1,1349,1353,1354,-1,1349,1354,1328,-1,1328,1354,1355,-1,1328,1355,1326,-1,1356,1357,1351,-1,1351,1357,1358,-1,1351,1358,1352,-1,1359,1360,1334,-1,1334,1360,1331,-1,1334,1331,1332,-1,1332,1331,1330,-1,1356,1361,1357,-1,1357,1361,1362,-1,1362,1361,1363,-1,1363,1361,1364,-1,1363,1364,1365,-1,1366,1367,1368,-1,1368,1367,1369,-1,1368,1369,1364,-1,1364,1369,1370,-1,1364,1370,1365,-1,1366,1368,1371,-1,1371,1368,1372,-1,1371,1372,1373,-1,1374,1375,1376,-1,1376,1375,1377,-1,1376,1377,1372,-1,1372,1377,1378,-1,1372,1378,1373,-1,1379,1380,1381,-1,1381,1380,1382,-1,1381,1382,1376,-1,1376,1382,1383,-1,1376,1383,1374,-1,1384,1385,1386,-1,1386,1385,1387,-1,1388,1389,1390,-1,1389,1391,1390,-1,1390,1391,1392,-1,1390,1392,1381,-1,1381,1392,1393,-1,1381,1393,1379,-1,1384,1388,1385,-1,1385,1388,1390,-1,1385,1390,1394,-1,1394,1390,1395,-1,1396,1359,1397,-1,1398,1399,1400,-1,1336,1387,1334,-1,1334,1387,1385,-1,1334,1385,1359,-1,1359,1385,1401,-1,1359,1401,1397,-1,1402,1403,1404,-1,1385,1394,1401,-1,1401,1394,1400,-1,1401,1400,1405,-1,1405,1400,1399,-1,1406,1407,1408,-1,1398,1400,1404,-1,1404,1400,1409,-1,1404,1409,1402,-1,1406,1408,1397,-1,1397,1408,1410,-1,1397,1410,1411,-1,1411,1412,1397,-1,1397,1412,1413,-1,1397,1413,1396,-1,1397,1414,1415,-1,1397,1415,1406,-1,1406,1415,1416,-1,1406,1416,1407,-1,1407,1416,1417,-1,1407,1417,1408,-1,1408,1417,1418,-1,1408,1418,1410,-1,1410,1418,1419,-1,1410,1419,1411,-1,1411,1419,1420,-1,1411,1420,1412,-1,1412,1420,1421,-1,1412,1421,1413,-1,1413,1421,1422,-1,1413,1422,1396,-1,1359,1396,1360,-1,1360,1396,1422,-1,1400,1394,1423,-1,1423,1394,1395,-1,1400,1423,1424,-1,1400,1424,1409,-1,1409,1424,1425,-1,1409,1425,1402,-1,1402,1425,1426,-1,1402,1426,1403,-1,1403,1426,1427,-1,1403,1427,1404,-1,1404,1427,1428,-1,1404,1428,1398,-1,1398,1428,1429,-1,1398,1429,1399,-1,1399,1429,1430,-1,1399,1430,1405,-1,1405,1430,1431,-1,1405,1431,1401,-1,1397,1401,1414,-1,1414,1401,1431,-1,1376,1372,1328,-1,1328,1372,1349,-1,1360,1390,1381,-1,1372,1368,1349,-1,1349,1368,1364,-1,1349,1364,1351,-1,1351,1364,1361,-1,1351,1361,1356,-1,1431,1390,1414,-1,1414,1390,1360,-1,1414,1360,1422,-1,1328,1342,1376,-1,1376,1342,1339,-1,1376,1339,1381,-1,1381,1339,1331,-1,1381,1331,1360,-1,1395,1390,1423,-1,1423,1390,1431,-1,1423,1431,1424,-1,1424,1431,1430,-1,1424,1430,1429,-1,1422,1421,1414,-1,1414,1421,1420,-1,1414,1420,1419,-1,1419,1418,1414,-1,1414,1418,1417,-1,1414,1417,1415,-1,1415,1417,1416,-1,1429,1428,1424,-1,1424,1428,1427,-1,1424,1427,1425,-1,1425,1427,1426,-1,1383,1382,1346,-1,1387,1336,1386,-1,1386,1336,1335,-1,1386,1335,1384,-1,1384,1335,1333,-1,1384,1333,1388,-1,1388,1333,1332,-1,1388,1332,1389,-1,1389,1332,1330,-1,1389,1330,1391,-1,1391,1330,1329,-1,1391,1329,1392,-1,1329,1341,1392,-1,1392,1341,1340,-1,1392,1340,1393,-1,1393,1340,1338,-1,1393,1338,1379,-1,1379,1338,1380,-1,1380,1338,1337,-1,1380,1337,1382,-1,1382,1337,1347,-1,1382,1347,1346,-1,1383,1346,1374,-1,1374,1346,1345,-1,1374,1345,1375,-1,1375,1345,1344,-1,1375,1344,1377,-1,1344,1343,1377,-1,1377,1343,1327,-1,1377,1327,1378,-1,1378,1327,1326,-1,1378,1326,1373,-1,1373,1326,1371,-1,1371,1326,1355,-1,1371,1355,1366,-1,1366,1355,1354,-1,1366,1354,1353,-1,1365,1370,1348,-1,1348,1370,1369,-1,1348,1369,1353,-1,1353,1369,1367,-1,1353,1367,1366,-1,1348,1350,1365,-1,1365,1350,1352,-1,1365,1352,1363,-1,1363,1352,1358,-1,1363,1358,1362,-1,1362,1358,1357,-1,1432,1433,1434,-1,1435,1436,1437,-1,1438,1439,1440,-1,1440,1439,1441,-1,1440,1441,1442,-1,1443,1444,1445,-1,1445,1444,1446,-1,1445,1446,1437,-1,1437,1446,1447,-1,1437,1447,1435,-1,1434,1433,1448,-1,1448,1433,1449,-1,1448,1449,1450,-1,1450,1451,1448,-1,1448,1451,1452,-1,1448,1452,1445,-1,1445,1452,1453,-1,1445,1453,1443,-1,1454,1455,1456,-1,1456,1455,1457,-1,1456,1457,1458,-1,1454,1459,1455,-1,1455,1459,1460,-1,1455,1460,1434,-1,1434,1460,1461,-1,1434,1461,1432,-1,1462,1463,1457,-1,1457,1463,1464,-1,1457,1464,1458,-1,1465,1466,1440,-1,1440,1466,1437,-1,1440,1437,1438,-1,1438,1437,1436,-1,1462,1467,1463,-1,1463,1467,1468,-1,1468,1467,1469,-1,1469,1467,1470,-1,1469,1470,1471,-1,1472,1473,1474,-1,1474,1473,1475,-1,1474,1475,1470,-1,1470,1475,1476,-1,1470,1476,1471,-1,1472,1474,1477,-1,1477,1474,1478,-1,1477,1478,1479,-1,1480,1481,1482,-1,1482,1481,1483,-1,1482,1483,1478,-1,1478,1483,1484,-1,1478,1484,1479,-1,1485,1486,1487,-1,1487,1486,1488,-1,1487,1488,1482,-1,1482,1488,1489,-1,1482,1489,1480,-1,1490,1491,1492,-1,1492,1491,1493,-1,1494,1495,1496,-1,1495,1497,1496,-1,1496,1497,1498,-1,1496,1498,1487,-1,1487,1498,1499,-1,1487,1499,1485,-1,1490,1494,1491,-1,1491,1494,1496,-1,1491,1496,1500,-1,1500,1496,1501,-1,1502,1465,1503,-1,1491,1500,1504,-1,1504,1500,1505,-1,1442,1493,1440,-1,1440,1493,1491,-1,1440,1491,1465,-1,1465,1491,1504,-1,1465,1504,1503,-1,1506,1507,1505,-1,1505,1507,1508,-1,1505,1508,1504,-1,1509,1510,1511,-1,1512,1513,1514,-1,1514,1513,1507,-1,1514,1507,1515,-1,1515,1507,1506,-1,1509,1511,1503,-1,1503,1511,1516,-1,1503,1516,1517,-1,1517,1518,1503,-1,1503,1518,1519,-1,1503,1519,1502,-1,1503,1520,1521,-1,1503,1521,1509,-1,1509,1521,1522,-1,1509,1522,1510,-1,1510,1522,1523,-1,1510,1523,1511,-1,1511,1523,1524,-1,1511,1524,1516,-1,1516,1524,1525,-1,1516,1525,1517,-1,1517,1525,1526,-1,1517,1526,1518,-1,1518,1526,1527,-1,1518,1527,1519,-1,1519,1527,1528,-1,1519,1528,1502,-1,1465,1502,1466,-1,1466,1502,1528,-1,1505,1500,1529,-1,1529,1500,1501,-1,1505,1529,1530,-1,1505,1530,1506,-1,1506,1530,1531,-1,1506,1531,1515,-1,1515,1531,1532,-1,1515,1532,1514,-1,1514,1532,1533,-1,1514,1533,1512,-1,1512,1533,1534,-1,1512,1534,1513,-1,1513,1534,1535,-1,1513,1535,1507,-1,1507,1535,1536,-1,1507,1536,1508,-1,1508,1536,1537,-1,1508,1537,1504,-1,1503,1504,1520,-1,1520,1504,1537,-1,1529,1501,1496,-1,1482,1478,1434,-1,1434,1478,1455,-1,1466,1496,1487,-1,1478,1474,1455,-1,1455,1474,1470,-1,1455,1470,1457,-1,1457,1470,1467,-1,1457,1467,1462,-1,1530,1529,1537,-1,1537,1529,1496,-1,1537,1496,1520,-1,1520,1496,1466,-1,1520,1466,1528,-1,1434,1448,1482,-1,1482,1448,1445,-1,1482,1445,1487,-1,1487,1445,1437,-1,1487,1437,1466,-1,1528,1527,1520,-1,1520,1527,1526,-1,1520,1526,1525,-1,1525,1524,1520,-1,1520,1524,1523,-1,1520,1523,1521,-1,1521,1523,1522,-1,1533,1532,1534,-1,1534,1532,1535,-1,1537,1536,1530,-1,1530,1536,1535,-1,1530,1535,1531,-1,1531,1535,1532,-1,1489,1488,1452,-1,1493,1442,1492,-1,1492,1442,1441,-1,1492,1441,1490,-1,1490,1441,1439,-1,1490,1439,1494,-1,1494,1439,1438,-1,1494,1438,1495,-1,1495,1438,1436,-1,1495,1436,1497,-1,1497,1436,1435,-1,1497,1435,1498,-1,1435,1447,1498,-1,1498,1447,1446,-1,1498,1446,1499,-1,1499,1446,1444,-1,1499,1444,1485,-1,1485,1444,1486,-1,1486,1444,1443,-1,1486,1443,1488,-1,1488,1443,1453,-1,1488,1453,1452,-1,1489,1452,1480,-1,1480,1452,1451,-1,1480,1451,1481,-1,1481,1451,1450,-1,1481,1450,1483,-1,1450,1449,1483,-1,1483,1449,1433,-1,1483,1433,1484,-1,1484,1433,1432,-1,1484,1432,1479,-1,1479,1432,1477,-1,1477,1432,1461,-1,1477,1461,1472,-1,1472,1461,1460,-1,1472,1460,1459,-1,1471,1476,1454,-1,1454,1476,1475,-1,1454,1475,1459,-1,1459,1475,1473,-1,1459,1473,1472,-1,1454,1456,1471,-1,1471,1456,1458,-1,1471,1458,1469,-1,1469,1458,1464,-1,1469,1464,1468,-1,1468,1464,1463,-1,1538,1539,1540,-1,1541,1542,1543,-1,1544,1545,1546,-1,1546,1545,1547,-1,1546,1547,1548,-1,1549,1550,1551,-1,1551,1550,1552,-1,1551,1552,1543,-1,1543,1552,1553,-1,1543,1553,1541,-1,1540,1539,1554,-1,1554,1539,1555,-1,1554,1555,1556,-1,1556,1557,1554,-1,1554,1557,1558,-1,1554,1558,1551,-1,1551,1558,1559,-1,1551,1559,1549,-1,1560,1561,1562,-1,1562,1561,1563,-1,1562,1563,1564,-1,1560,1565,1561,-1,1561,1565,1566,-1,1561,1566,1540,-1,1540,1566,1567,-1,1540,1567,1538,-1,1568,1569,1563,-1,1563,1569,1570,-1,1563,1570,1564,-1,1571,1572,1546,-1,1546,1572,1543,-1,1546,1543,1544,-1,1544,1543,1542,-1,1568,1573,1569,-1,1569,1573,1574,-1,1574,1573,1575,-1,1575,1573,1576,-1,1575,1576,1577,-1,1578,1579,1580,-1,1580,1579,1581,-1,1580,1581,1576,-1,1576,1581,1582,-1,1576,1582,1577,-1,1578,1580,1583,-1,1583,1580,1584,-1,1583,1584,1585,-1,1586,1587,1588,-1,1588,1587,1589,-1,1588,1589,1584,-1,1584,1589,1590,-1,1584,1590,1585,-1,1591,1592,1593,-1,1593,1592,1594,-1,1593,1594,1588,-1,1588,1594,1595,-1,1588,1595,1586,-1,1596,1597,1598,-1,1598,1597,1599,-1,1600,1601,1602,-1,1601,1603,1602,-1,1602,1603,1604,-1,1602,1604,1593,-1,1593,1604,1605,-1,1593,1605,1591,-1,1596,1600,1597,-1,1597,1600,1602,-1,1597,1602,1606,-1,1606,1602,1607,-1,1608,1571,1609,-1,1597,1606,1610,-1,1610,1606,1611,-1,1548,1599,1546,-1,1546,1599,1597,-1,1546,1597,1571,-1,1571,1597,1610,-1,1571,1610,1609,-1,1611,1612,1613,-1,1613,1614,1611,-1,1611,1614,1615,-1,1611,1615,1616,-1,1616,1617,1611,-1,1611,1617,1618,-1,1611,1618,1610,-1,1619,1620,1621,-1,1622,1623,1609,-1,1609,1623,1624,-1,1609,1624,1608,-1,1619,1621,1609,-1,1609,1621,1625,-1,1609,1625,1622,-1,1609,1626,1627,-1,1609,1627,1619,-1,1619,1627,1628,-1,1619,1628,1620,-1,1620,1628,1629,-1,1620,1629,1621,-1,1621,1629,1630,-1,1621,1630,1625,-1,1625,1630,1631,-1,1625,1631,1622,-1,1622,1631,1632,-1,1622,1632,1623,-1,1623,1632,1633,-1,1623,1633,1624,-1,1624,1633,1634,-1,1624,1634,1608,-1,1571,1608,1572,-1,1572,1608,1634,-1,1611,1606,1635,-1,1635,1606,1607,-1,1611,1635,1636,-1,1611,1636,1612,-1,1612,1636,1637,-1,1612,1637,1613,-1,1613,1637,1638,-1,1613,1638,1614,-1,1614,1638,1639,-1,1614,1639,1615,-1,1615,1639,1640,-1,1615,1640,1616,-1,1616,1640,1641,-1,1616,1641,1617,-1,1617,1641,1642,-1,1617,1642,1618,-1,1618,1642,1643,-1,1618,1643,1610,-1,1609,1610,1626,-1,1626,1610,1643,-1,1576,1573,1568,-1,1635,1607,1602,-1,1576,1568,1580,-1,1642,1635,1643,-1,1643,1635,1602,-1,1643,1602,1626,-1,1554,1551,1602,-1,1634,1626,1572,-1,1572,1626,1602,-1,1572,1602,1543,-1,1543,1602,1551,-1,1642,1641,1635,-1,1635,1641,1640,-1,1635,1640,1639,-1,1639,1638,1635,-1,1635,1638,1637,-1,1635,1637,1636,-1,1568,1563,1580,-1,1580,1563,1561,-1,1580,1561,1584,-1,1584,1561,1540,-1,1584,1540,1588,-1,1588,1540,1554,-1,1588,1554,1593,-1,1593,1554,1602,-1,1634,1633,1626,-1,1626,1633,1632,-1,1626,1632,1631,-1,1631,1630,1626,-1,1626,1630,1629,-1,1626,1629,1627,-1,1627,1629,1628,-1,1595,1594,1558,-1,1599,1548,1598,-1,1598,1548,1547,-1,1598,1547,1596,-1,1596,1547,1545,-1,1596,1545,1600,-1,1600,1545,1544,-1,1600,1544,1601,-1,1601,1544,1542,-1,1601,1542,1603,-1,1603,1542,1541,-1,1603,1541,1604,-1,1541,1553,1604,-1,1604,1553,1552,-1,1604,1552,1605,-1,1605,1552,1550,-1,1605,1550,1591,-1,1591,1550,1592,-1,1592,1550,1549,-1,1592,1549,1594,-1,1594,1549,1559,-1,1594,1559,1558,-1,1595,1558,1586,-1,1586,1558,1557,-1,1586,1557,1587,-1,1587,1557,1556,-1,1587,1556,1589,-1,1556,1555,1589,-1,1589,1555,1539,-1,1589,1539,1590,-1,1590,1539,1538,-1,1590,1538,1585,-1,1585,1538,1583,-1,1583,1538,1567,-1,1583,1567,1578,-1,1578,1567,1566,-1,1578,1566,1565,-1,1577,1582,1560,-1,1560,1582,1581,-1,1560,1581,1565,-1,1565,1581,1579,-1,1565,1579,1578,-1,1560,1562,1577,-1,1577,1562,1564,-1,1577,1564,1575,-1,1575,1564,1570,-1,1575,1570,1574,-1,1574,1570,1569,-1,1644,1645,1646,-1,1647,1648,1646,-1,1646,1648,1649,-1,1646,1649,1644,-1,1644,1649,1650,-1,1644,1650,1651,-1,1652,1653,1646,-1,1646,1653,1654,-1,1646,1654,1647,-1,1655,1656,1657,-1,1657,1656,1658,-1,1658,1659,1657,-1,1657,1659,1660,-1,1657,1660,1652,-1,1652,1660,1661,-1,1652,1661,1653,-1,1655,1662,1656,-1,1656,1662,1663,-1,1663,1662,1664,-1,1664,1662,1665,-1,1664,1665,1666,-1,1667,1668,1665,-1,1665,1668,1669,-1,1665,1669,1666,-1,1670,1671,1672,-1,1672,1673,1670,-1,1670,1673,1674,-1,1670,1674,1667,-1,1667,1674,1675,-1,1667,1675,1668,-1,1670,1676,1671,-1,1671,1676,1677,-1,1671,1677,1678,-1,1678,1677,1679,-1,1680,1681,1677,-1,1682,1683,1684,-1,1644,1651,1679,-1,1685,1686,1687,-1,1688,1689,1690,-1,1690,1689,1691,-1,1690,1691,1692,-1,1692,1691,1682,-1,1692,1682,1693,-1,1693,1682,1684,-1,1694,1695,1696,-1,1696,1695,1697,-1,1679,1677,1644,-1,1644,1677,1681,-1,1644,1681,1697,-1,1697,1681,1692,-1,1697,1692,1696,-1,1696,1692,1693,-1,1698,1685,1692,-1,1692,1685,1687,-1,1692,1687,1690,-1,1699,1700,1686,-1,1686,1700,1701,-1,1686,1701,1687,-1,1702,1703,1677,-1,1704,1705,1706,-1,1706,1705,1685,-1,1706,1685,1707,-1,1707,1685,1698,-1,1699,1686,1708,-1,1708,1686,1709,-1,1708,1709,1710,-1,1711,1712,1713,-1,1714,1715,1716,-1,1716,1715,1717,-1,1716,1717,1677,-1,1677,1717,1718,-1,1677,1718,1702,-1,1714,1716,1713,-1,1713,1716,1719,-1,1713,1719,1711,-1,1703,1720,1677,-1,1677,1720,1721,-1,1677,1721,1680,-1,1692,1681,1722,-1,1722,1681,1723,-1,1724,1722,1725,-1,1726,1727,1722,-1,1728,1729,1722,-1,1676,1722,1730,-1,1731,1732,1733,-1,1734,1735,1736,-1,1722,1727,1728,-1,1728,1727,1737,-1,1728,1737,1738,-1,1739,1740,1741,-1,1742,1743,1744,-1,1744,1743,1729,-1,1745,1746,1747,-1,1730,1722,1732,-1,1732,1722,1723,-1,1732,1723,1733,-1,1748,1749,1750,-1,1750,1749,1736,-1,1736,1749,1751,-1,1736,1751,1734,-1,1738,1737,1752,-1,1752,1737,1753,-1,1752,1753,1741,-1,1741,1753,1754,-1,1741,1754,1739,-1,1742,1744,1755,-1,1755,1744,1756,-1,1755,1756,1747,-1,1747,1756,1757,-1,1747,1757,1745,-1,1758,1759,1760,-1,1676,1730,1761,-1,1761,1730,1762,-1,1761,1762,1763,-1,1750,1764,1748,-1,1748,1764,1726,-1,1748,1726,1765,-1,1765,1726,1722,-1,1765,1722,1645,-1,1645,1722,1676,-1,1645,1676,1670,-1,1725,1722,1766,-1,1767,1768,1769,-1,1758,1760,1733,-1,1733,1760,1770,-1,1733,1770,1731,-1,1771,1772,1763,-1,1763,1772,1773,-1,1763,1773,1761,-1,1662,1655,1665,-1,1665,1655,1657,-1,1665,1657,1667,-1,1667,1657,1652,-1,1667,1652,1670,-1,1670,1652,1646,-1,1670,1646,1645,-1,1729,1743,1722,-1,1722,1743,1774,-1,1722,1774,1766,-1,1766,1774,1775,-1,1766,1775,1776,-1,1776,1777,1766,-1,1766,1777,1778,-1,1766,1778,1779,-1,1779,1778,1780,-1,1767,1769,1725,-1,1725,1769,1781,-1,1725,1781,1724,-1,1679,1651,1650,-1,1679,1650,1678,-1,1678,1650,1649,-1,1678,1649,1671,-1,1671,1649,1648,-1,1671,1648,1672,-1,1672,1648,1647,-1,1672,1647,1673,-1,1673,1647,1654,-1,1673,1654,1674,-1,1659,1666,1669,-1,1674,1654,1675,-1,1675,1654,1653,-1,1675,1653,1668,-1,1668,1653,1661,-1,1668,1661,1669,-1,1669,1661,1660,-1,1669,1660,1659,-1,1656,1663,1664,-1,1666,1659,1664,-1,1664,1659,1658,-1,1664,1658,1656,-1,1717,1715,1732,-1,1732,1715,1730,-1,1717,1732,1731,-1,1717,1731,1718,-1,1718,1731,1770,-1,1718,1770,1702,-1,1702,1770,1760,-1,1702,1760,1703,-1,1703,1760,1759,-1,1703,1759,1720,-1,1720,1759,1758,-1,1720,1758,1721,-1,1721,1758,1733,-1,1721,1733,1680,-1,1680,1733,1723,-1,1680,1723,1681,-1,1716,1761,1773,-1,1716,1773,1719,-1,1719,1773,1772,-1,1719,1772,1711,-1,1711,1772,1771,-1,1711,1771,1712,-1,1712,1771,1763,-1,1712,1763,1713,-1,1713,1763,1762,-1,1713,1762,1714,-1,1714,1762,1730,-1,1714,1730,1715,-1,1676,1761,1677,-1,1677,1761,1716,-1,1644,1697,1645,-1,1645,1697,1765,-1,1682,1728,1738,-1,1782,1783,1738,-1,1738,1783,1784,-1,1738,1784,1682,-1,1682,1784,1785,-1,1682,1785,1683,-1,1752,1786,1738,-1,1738,1786,1787,-1,1738,1787,1782,-1,1740,1788,1741,-1,1741,1788,1789,-1,1789,1790,1741,-1,1741,1790,1791,-1,1741,1791,1752,-1,1752,1791,1792,-1,1752,1792,1786,-1,1740,1739,1788,-1,1788,1739,1793,-1,1793,1739,1794,-1,1794,1739,1754,-1,1794,1754,1795,-1,1753,1796,1754,-1,1754,1796,1797,-1,1754,1797,1795,-1,1737,1798,1799,-1,1799,1800,1737,-1,1737,1800,1801,-1,1737,1801,1753,-1,1753,1801,1802,-1,1753,1802,1796,-1,1737,1727,1798,-1,1798,1727,1693,-1,1798,1693,1803,-1,1803,1693,1684,-1,1684,1683,1785,-1,1684,1785,1803,-1,1803,1785,1784,-1,1803,1784,1798,-1,1798,1784,1783,-1,1798,1783,1799,-1,1799,1783,1782,-1,1799,1782,1800,-1,1800,1782,1787,-1,1800,1787,1801,-1,1790,1795,1797,-1,1801,1787,1802,-1,1802,1787,1786,-1,1802,1786,1796,-1,1796,1786,1792,-1,1796,1792,1797,-1,1797,1792,1791,-1,1797,1791,1790,-1,1788,1793,1794,-1,1795,1790,1794,-1,1794,1790,1789,-1,1794,1789,1788,-1,1696,1726,1764,-1,1804,1805,1764,-1,1764,1805,1806,-1,1764,1806,1696,-1,1696,1806,1807,-1,1696,1807,1694,-1,1750,1808,1764,-1,1764,1808,1809,-1,1764,1809,1804,-1,1735,1810,1736,-1,1736,1810,1811,-1,1811,1812,1736,-1,1736,1812,1813,-1,1736,1813,1750,-1,1750,1813,1814,-1,1750,1814,1808,-1,1735,1734,1810,-1,1810,1734,1815,-1,1815,1734,1816,-1,1816,1734,1751,-1,1816,1751,1817,-1,1749,1818,1751,-1,1751,1818,1819,-1,1751,1819,1817,-1,1748,1820,1821,-1,1821,1822,1748,-1,1748,1822,1823,-1,1748,1823,1749,-1,1749,1823,1824,-1,1749,1824,1818,-1,1748,1765,1820,-1,1820,1765,1697,-1,1820,1697,1825,-1,1825,1697,1695,-1,1695,1694,1807,-1,1695,1807,1825,-1,1825,1807,1806,-1,1825,1806,1820,-1,1820,1806,1805,-1,1820,1805,1821,-1,1821,1805,1804,-1,1821,1804,1822,-1,1822,1804,1809,-1,1822,1809,1823,-1,1812,1817,1819,-1,1823,1809,1824,-1,1824,1809,1808,-1,1824,1808,1818,-1,1818,1808,1814,-1,1818,1814,1819,-1,1819,1814,1813,-1,1819,1813,1812,-1,1810,1815,1816,-1,1817,1812,1816,-1,1816,1812,1811,-1,1816,1811,1810,-1,1727,1726,1693,-1,1693,1726,1696,-1,1682,1691,1728,-1,1728,1691,1729,-1,1690,1743,1742,-1,1826,1827,1742,-1,1742,1827,1828,-1,1742,1828,1690,-1,1690,1828,1829,-1,1690,1829,1688,-1,1755,1830,1742,-1,1742,1830,1831,-1,1742,1831,1826,-1,1746,1832,1747,-1,1747,1832,1833,-1,1833,1834,1747,-1,1747,1834,1835,-1,1747,1835,1755,-1,1755,1835,1836,-1,1755,1836,1830,-1,1746,1745,1832,-1,1832,1745,1837,-1,1837,1745,1838,-1,1838,1745,1757,-1,1838,1757,1839,-1,1756,1840,1757,-1,1757,1840,1841,-1,1757,1841,1839,-1,1744,1842,1843,-1,1843,1844,1744,-1,1744,1844,1845,-1,1744,1845,1756,-1,1756,1845,1846,-1,1756,1846,1840,-1,1744,1729,1842,-1,1842,1729,1691,-1,1842,1691,1847,-1,1847,1691,1689,-1,1689,1688,1829,-1,1689,1829,1847,-1,1847,1829,1828,-1,1847,1828,1842,-1,1842,1828,1827,-1,1842,1827,1843,-1,1843,1827,1826,-1,1843,1826,1844,-1,1844,1826,1831,-1,1844,1831,1845,-1,1834,1839,1841,-1,1845,1831,1846,-1,1846,1831,1830,-1,1846,1830,1840,-1,1840,1830,1836,-1,1840,1836,1841,-1,1841,1836,1835,-1,1841,1835,1834,-1,1832,1837,1838,-1,1839,1834,1838,-1,1838,1834,1833,-1,1838,1833,1832,-1,1690,1687,1743,-1,1743,1687,1774,-1,1686,1766,1779,-1,1686,1779,1709,-1,1709,1779,1780,-1,1709,1780,1710,-1,1710,1780,1778,-1,1710,1778,1708,-1,1708,1778,1777,-1,1708,1777,1699,-1,1699,1777,1776,-1,1699,1776,1700,-1,1700,1776,1775,-1,1700,1775,1701,-1,1701,1775,1774,-1,1701,1774,1687,-1,1692,1722,1724,-1,1692,1724,1698,-1,1698,1724,1781,-1,1698,1781,1707,-1,1707,1781,1769,-1,1707,1769,1706,-1,1706,1769,1768,-1,1706,1768,1704,-1,1704,1768,1767,-1,1704,1767,1705,-1,1705,1767,1725,-1,1705,1725,1685,-1,1686,1685,1766,-1,1766,1685,1725,-1,1848,1849,1850,-1,1848,1850,1851,-1,1851,1850,1852,-1,1851,1852,1853,-1,1853,1852,1854,-1,1853,1854,1855,-1,1855,1854,1856,-1,1855,1856,1857,-1,1857,1856,1858,-1,1857,1858,1859,-1,1859,1858,1860,-1,1859,1860,1861,-1,1861,1860,1862,-1,1861,1862,1863,-1,1864,1863,1865,-1,1865,1863,1862,-1,1866,1864,1867,-1,1867,1864,1865,-1,1868,1866,1869,-1,1869,1866,1867,-1,1870,1868,1871,-1,1871,1868,1869,-1,1872,1870,1873,-1,1873,1870,1871,-1,1874,1872,1875,-1,1875,1872,1873,-1,1848,1874,1849,-1,1849,1874,1875,-1,1866,1868,1864,-1,1864,1868,1870,-1,1864,1870,1863,-1,1863,1870,1872,-1,1872,1874,1863,-1,1863,1874,1848,-1,1863,1848,1851,-1,1855,1857,1859,-1,1851,1853,1863,-1,1863,1853,1855,-1,1863,1855,1861,-1,1861,1855,1859,-1,1869,1867,1871,-1,1871,1867,1865,-1,1871,1865,1873,-1,1873,1865,1862,-1,1862,1854,1852,-1,1862,1860,1854,-1,1854,1860,1858,-1,1854,1858,1856,-1,1875,1873,1849,-1,1849,1873,1862,-1,1849,1862,1850,-1,1850,1862,1852,-1,
        ]
    }
}
Shape{
    appearance Appearance {
        material  Material 	{
            diffuseColor 0.25098039215686274 0.25098039215686274 0.25098039215686274
            specularColor 0.12549019607843137 0.12549019607843137 0.12549019607843137
            ambientIntensity 0.251
            transparency 0.0
            shininess 0.5
        }
    }
    geometry IndexedFaceSet {
        ccw TRUE
        solid FALSE
        coord DEF co Coordinate {
            point [
                -0.3543 -1.2795 0.0039, -0.3051 -1.2795 0.0039, -0.3051 -1.3287 0.0039, -0.7382 0.042 0.0039, -0.7341 0.0451 0.0039, -0.374 -0.0213 0.0039, -0.731 0.0492 0.0039, 0.7341 0.4388 0.0039, 0.7382 0.4357 0.0039, 0.374 -0.0213 0.0039, 0.731 0.0492 0.0039, 0.7341 0.0451 0.0039, -0.729 -0.3 0.0039, -0.731 -0.2953 0.0039, -0.7429 0.04 0.0039, -0.7341 -0.2912 0.0039, -0.7382 -0.2881 0.0039, 0.8308 -1.2639 0.0039, 0.834 -1.2598 0.0039, 0.8858 -1.3091 0.0039, -0.8213 -0.2859 0.0039, -0.8255 -0.2874 0.0039, -0.8858 0.0394 0.0039, -0.8308 -1.2639 0.0039, -0.8852 -1.3141 0.0039, -0.834 -1.2598 0.0039, -0.8858 -1.3091 0.0039, -0.8359 -1.2551 0.0039, 0.3594 -1.2789 0.0039, 0.3642 -1.2769 0.0039, 0.8661 -1.3287 0.0039, 0.8366 -1.1063 0.0039, 0.8858 -1.1063 0.0039, 0.8366 -1.25 0.0039, 0.8359 -1.2551 0.0039, 0.7429 0.5111 0.0039, 0.7382 0.5092 0.0039, 0.7087 0.6326 0.0039, 0.7382 0.3123 0.0039, 0.7429 0.4337 0.0039, -0.5512 0.063 0.0039, -0.7283 0.0591 0.0039, -0.7283 0.0984 0.0039, -0.7283 0.4528 0.0039, -0.5512 0.3839 0.0039, -0.729 0.4477 0.0039, -0.731 0.4429 0.0039, -0.8292 -0.2897 0.0039, -0.8323 -0.2928 0.0039, -0.8347 -0.2966 0.0039, -0.5502 0.0542 0.0039, -0.729 0.054 0.0039, -0.8858 -1.1063 0.0039, -0.8366 -1.1063 0.0039, -0.8366 -1.25 0.0039, -0.3733 -1.2649 0.0039, -0.3714 -1.2697 0.0039, -0.8661 -1.3287 0.0039, 0.8852 -1.3141 0.0039, 0.8832 -1.3189 0.0039, 0.8801 -1.323 0.0039, -0.5013 0.6937 0.0039, -0.4993 0.689 0.0039, -0.4331 0.502 0.0039, -0.4962 0.6849 0.0039, -0.4921 0.6818 0.0039, -0.241 0.6798 0.0039, -0.2362 0.6818 0.0039, 0.374 0.502 0.0039, -0.7429 -0.2861 0.0039, -0.748 -0.2854 0.0039, -0.748 0.0394 0.0039, -0.8361 -0.3007 0.0039, -0.8366 -0.3051 0.0039, -0.8858 -0.437 0.0039, -0.8366 -0.437 0.0039, -0.5473 0.0459 0.0039, -0.5426 0.0384 0.0039, -0.5364 0.0322 0.0039, -0.5289 0.0275 0.0039, -0.5206 0.0246 0.0039, -0.5118 0.0236 0.0039, -0.374 0.0236 0.0039, 0.3683 -0.1451 0.0039, 0.3642 -0.142 0.0039, 0.8169 -1.2697 0.0039, 0.822 -1.269 0.0039, 0.8268 -1.267 0.0039, 0.8712 -1.3281 0.0039, 0.876 -1.3261 0.0039, 0.7429 0.04 0.0039, 0.8361 -0.3007 0.0039, 0.7382 0.042 0.0039, 0.8347 -0.2966 0.0039, 0.8323 -0.2928 0.0039, -0.2461 0.6791 0.0039, -0.7134 0.6306 0.0039, -0.7087 0.6326 0.0039, -0.7046 0.6357 0.0039, 0.3543 -1.2795 0.0039, 0.1673 -1.3287 0.0039, 0.1673 -1.2795 0.0039, -0.3683 -0.1451 0.0039, -0.3642 -0.142 0.0039, -0.3594 -0.14 0.0039, -0.3683 -1.2738 0.0039, -0.3642 -1.2769 0.0039, -0.3594 -1.2789 0.0039, 0.6995 0.6445 0.0039, 0.7015 0.6398 0.0039, 0.7046 0.6357 0.0039, 0.748 0.0394 0.0039, 0.8858 0.0394 0.0039, 0.8366 -0.3051 0.0039, 0.8858 -0.437 0.0039, 0.8366 -0.437 0.0039, -0.6988 0.6496 0.0039, -0.6988 0.8366 0.0039, -0.502 0.8366 0.0039, -0.7326 0.3076 0.0039, -0.7358 0.3107 0.0039, -0.748 0.4331 0.0039, -0.7395 0.313 0.0039, -0.7283 -0.3051 0.0039, -0.3714 -0.1492 0.0039, 0.6988 0.8366 0.0039, 0.6988 0.6496 0.0039, 0.8858 0.4331 0.0039, 0.8858 0.315 0.0039, 0.748 0.4331 0.0039, 0.748 0.315 0.0039, 0.7429 0.3143 0.0039, 0.7326 0.2436 0.0039, 0.7358 0.2405 0.0039, 0.748 0.1181 0.0039, 0.7395 0.2382 0.0039, 0.7341 0.3092 0.0039, 0.731 0.3051 0.0039, 0.3615 0.689 0.0039, 0.3584 0.6849 0.0039, 0.3543 0.6818 0.0039, 0.3496 0.6798 0.0039, 0.3635 0.6937 0.0039, 0.3642 0.6988 0.0039, 0.3642 0.8366 0.0039, -0.7326 0.5044 0.0039, -0.7358 0.5075 0.0039, -0.7395 0.5099 0.0039, -0.7185 0.6299 0.0039, -0.7015 0.6398 0.0039, -0.6995 0.6445 0.0039, -0.502 0.6988 0.0039, -0.7382 0.2389 0.0039, -0.7341 0.242 0.0039, -0.731 0.2461 0.0039, -0.8169 -0.2854 0.0039, 0.748 -0.2854 0.0039, 0.7429 -0.2861 0.0039, 0.3733 -0.154 0.0039, 0.7382 -0.2881 0.0039, 0.3683 -1.2738 0.0039, 0.3714 -1.2697 0.0039, 0.3733 -1.2649 0.0039, 0.8292 -0.2897 0.0039, 0.8255 -0.2874 0.0039, 0.8213 -0.2859 0.0039, 0.3714 -0.1492 0.0039, 0.7185 0.6299 0.0039, 0.8858 0.6299 0.0039, 0.8858 0.5118 0.0039, 0.7341 0.506 0.0039, 0.731 0.502 0.0039, 0.729 0.4972 0.0039, 0.7283 0.4921 0.0039, 0.7283 0.4528 0.0039, 0.729 0.4477 0.0039, 0.731 0.4429 0.0039, 0.7382 0.1155 0.0039, 0.7283 0.2559 0.0039, 0.7429 0.1174 0.0039, 0.7288 0.2515 0.0039, 0.7303 0.2474 0.0039, -0.0441 0.6798 0.0039, -0.0394 0.6818 0.0039, 0.1527 0.6798 0.0039, 0.1575 0.6818 0.0039, 0.096 0.6834 0.0039, 0.0997 0.6811 0.0039, -0.0302 0.6937 0.0039, 0.2928 0.6834 0.0039, 0.2966 0.6811 0.0039, 0.1667 0.6937 0.0039, -0.7283 0.4921 0.0039, -0.7288 0.4965 0.0039, -0.7303 0.5007 0.0039, -0.729 0.1035 0.0039, -0.731 0.1083 0.0039, -0.7341 0.1123 0.0039, -0.7382 0.1155 0.0039, -0.7429 0.1174 0.0039, 0.8169 -0.2854 0.0039, 0.7341 -0.2912 0.0039, 0.731 -0.2953 0.0039, 0.374 -0.1591 0.0039, 0.3594 -0.14 0.0039, 0.3543 -0.1394 0.0039, -0.3543 -0.1394 0.0039, 0.7134 0.6306 0.0039, 0.748 0.5118 0.0039, 0.7283 0.0984 0.0039, 0.7283 0.0591 0.0039, 0.729 0.054 0.0039, -0.4874 0.6798 0.0039, -0.4823 0.6791 0.0039, -0.4429 0.6791 0.0039, -0.2321 0.6849 0.0039, -0.229 0.689 0.0039, -0.227 0.6937 0.0039, 0.0929 0.6865 0.0039, 0.2897 0.6865 0.0039, -0.8858 0.5118 0.0039, -0.8858 0.6299 0.0039, -0.748 0.5118 0.0039, -0.7437 0.5113 0.0039, -0.8858 0.315 0.0039, -0.8858 0.4331 0.0039, -0.748 0.315 0.0039, -0.7437 0.3145 0.0039, 0.8858 0.2362 0.0039, 0.8858 0.1181 0.0039, 0.748 0.2362 0.0039, 0.7437 0.2367 0.0039, 0.729 0.3004 0.0039, 0.7283 0.2953 0.0039, -0.4385 0.6796 0.0039, -0.4344 0.6811 0.0039, -0.4306 0.6834 0.0039, -0.4275 0.6865 0.0039, -0.3046 0.6944 0.0039, -0.4252 0.6903 0.0039, -0.0492 0.6791 0.0039, 0.1616 0.6849 0.0039, 0.1647 0.689 0.0039, -0.729 0.2508 0.0039, -0.7283 0.2559 0.0039, -0.7283 0.2953 0.0039, 0.7341 0.1123 0.0039, 0.731 0.1083 0.0039, 0.729 0.1035 0.0039, -0.3032 0.6903 0.0039, -0.3008 0.6865 0.0039, -0.2977 0.6834 0.0039, -0.294 0.6811 0.0039, -0.2898 0.6796 0.0039, -0.2854 0.6791 0.0039, -0.0353 0.6849 0.0039, -0.0322 0.689 0.0039, 0.3007 0.6796 0.0039, 0.3051 0.6791 0.0039, 0.3445 0.6791 0.0039, -0.7341 0.4388 0.0039, -0.7382 0.4357 0.0039, -0.7429 0.4337 0.0039, -0.7288 0.2997 0.0039, -0.7303 0.3038 0.0039, 0.7326 -1.2623 0.0039, 0.7358 -1.2654 0.0039, -0.876 -1.3261 0.0039, -0.8801 -1.323 0.0039, -0.8832 -1.3189 0.0039, -0.7358 -1.2654 0.0039, -0.7326 -1.2623 0.0039, -0.104 0.6865 0.0039, -0.1009 0.6834 0.0039, 0.1039 0.6796 0.0039, 0.1083 0.6791 0.0039, 0.1476 0.6791 0.0039, 0.1673 0.6988 0.0039, 0.1673 0.8366 0.0039, 0.2854 0.8366 0.0039, -0.8858 0.1181 0.0039, -0.8858 0.2362 0.0039, -0.748 0.1181 0.0039, -0.748 0.2362 0.0039, -0.7429 0.2369 0.0039, 0.374 -1.2598 0.0039, 0.7288 -1.2544 0.0039, 0.7303 -1.2585 0.0039, -0.8712 -1.3281 0.0039, -0.8268 -1.267 0.0039, -0.822 -1.269 0.0039, -0.8169 -1.2697 0.0039, -0.4232 0.6988 0.0039, -0.4232 0.8366 0.0039, -0.3051 0.8366 0.0039, 0.2854 0.6988 0.0039, 0.2859 0.6944 0.0039, 0.2874 0.6903 0.0039, 0.7395 -1.2677 0.0039, 0.7437 -1.2692 0.0039, 0.748 -1.2697 0.0039, -0.748 -1.2697 0.0039, -0.7437 -1.2692 0.0039, -0.7395 -1.2677 0.0039, -0.4237 0.6944 0.0039, -0.3051 0.6988 0.0039, -0.0971 0.6811 0.0039, -0.093 0.6796 0.0039, -0.0886 0.6791 0.0039, -0.0295 0.6988 0.0039, -0.0295 0.8366 0.0039, 0.0886 0.8366 0.0039, 0.0886 0.6988 0.0039, 0.0891 0.6944 0.0039, 0.0905 0.6903 0.0039, 0.729 -0.3 0.0039, 0.7283 -0.3051 0.0039, 0.7283 -1.25 0.0039, -0.3733 -0.154 0.0039, -0.374 -0.1591 0.0039, -0.7283 -1.25 0.0039, -0.374 -1.2598 0.0039, -0.7288 -1.2544 0.0039, -0.7303 -1.2585 0.0039, -0.2264 0.6988 0.0039, -0.2264 0.8366 0.0039, -0.1083 0.8366 0.0039, -0.1083 0.6988 0.0039, -0.1078 0.6944 0.0039, -0.1063 0.6903 0.0039, 0.7802 0.7185 0.0039, 0.7921 0.7093 0.0039, 0.7833 0.7144 0.0039, 0.7874 0.7113 0.0039, 0.8858 0.7087 0.0039, 0.7972 0.7087 0.0039, 0.7776 0.7283 0.0039, 0.7782 0.7233 0.0039, 0.7776 0.8366 0.0039, 0.8661 0.8366 0.0039, 0.8858 0.8169 0.0039, 0.8712 0.8359 0.0039, 0.876 0.834 0.0039, 0.8801 0.8309 0.0039, 0.8832 0.8268 0.0039, 0.8852 0.822 0.0039, -0.2264 -1.2795 0.0039, -0.1083 -1.2795 0.0039, -0.2264 -1.3287 0.0039, -0.1083 -1.3287 0.0039, -0.0295 -1.2795 0.0039, 0.0886 -1.2795 0.0039, -0.0295 -1.3287 0.0039, 0.0886 -1.3287 0.0039, 0.8366 -1.0276 0.0039, 0.8366 -0.9094 0.0039, 0.8858 -1.0276 0.0039, 0.8858 -0.9094 0.0039, 0.8366 -0.8307 0.0039, 0.8366 -0.7126 0.0039, 0.8858 -0.8307 0.0039, 0.8858 -0.7126 0.0039, 0.8366 -0.6339 0.0039, 0.8366 -0.5157 0.0039, 0.8858 -0.6339 0.0039, 0.8858 -0.5157 0.0039, -0.8366 -0.5157 0.0039, -0.8366 -0.6339 0.0039, -0.8858 -0.5157 0.0039, -0.8858 -0.6339 0.0039, -0.8366 -0.7126 0.0039, -0.8366 -0.8307 0.0039, -0.8858 -0.7126 0.0039, -0.8858 -0.8307 0.0039, -0.8366 -0.9094 0.0039, -0.8366 -1.0276 0.0039, -0.8858 -0.9094 0.0039, -0.8858 -1.0276 0.0039, -0.8858 -0.5157 0.0551, -0.8858 0.2362 0.0551, -0.8858 -0.6339 0.0551, -0.8858 -0.7126 0.0551, -0.8858 -1.3091 0.2933, -0.8858 0.8169 0.0039, -0.8858 0.7087 0.0039, -0.8858 0.8169 0.2933, -0.8858 0.7087 0.0551, -0.8858 0.6299 0.0551, -0.8858 0.0394 0.0551, -0.8858 -0.437 0.0551, -0.8858 -0.9094 0.0551, -0.8858 -0.8307 0.0551, -0.8858 0.5118 0.0551, -0.8858 0.4331 0.0551, -0.8858 -1.1063 0.0551, -0.8858 -1.0276 0.0551, -0.8858 0.1181 0.0551, -0.8858 0.315 0.0551, -0.8661 -1.3287 0.2933, -0.2264 -1.3287 0.0551, -0.1083 -1.3287 0.0551, -0.3051 -1.3287 0.0551, 0.8661 -1.3287 0.2933, -0.0295 -1.3287 0.0551, 0.1673 -1.3287 0.0551, 0.0886 -1.3287 0.0551, 0.8858 0.315 0.0551, 0.8858 -1.3091 0.2933, 0.8858 -1.1063 0.0551, 0.8858 -1.0276 0.0551, 0.8858 0.5118 0.0551, 0.8858 0.6299 0.0551, 0.8858 -0.9094 0.0551, 0.8858 -0.8307 0.0551, 0.8858 -0.7126 0.0551, 0.8858 -0.6339 0.0551, 0.8858 -0.5157 0.0551, 0.8858 -0.437 0.0551, 0.8858 0.0394 0.0551, 0.8858 0.1181 0.0551, 0.8858 0.4331 0.0551, 0.8858 0.2362 0.0551, 0.8858 0.7087 0.0551, 0.8858 0.8169 0.2933, 0.8661 0.8366 0.2933, 0.6988 0.8366 0.0551, 0.3642 0.8366 0.0551, 0.7776 0.8366 0.0551, -0.8661 0.8366 0.2933, 0.2854 0.8366 0.0551, 0.0886 0.8366 0.0551, -0.0295 0.8366 0.0551, -0.1083 0.8366 0.0551, 0.1673 0.8366 0.0551, -0.3051 0.8366 0.0551, -0.4232 0.8366 0.0551, -0.502 0.8366 0.0551, -0.2264 0.8366 0.0551, -0.7776 0.8366 0.0039, -0.8661 0.8366 0.0039, -0.7776 0.8366 0.0551, -0.6988 0.8366 0.0551, 0.8661 0.8169 0.313, 0.748 0.6595 0.313, 0.748 -0.3248 0.313, -0.8091 0.6778 0.313, -0.8213 0.6872 0.313, -0.8661 -1.3091 0.313, -0.748 0.6366 0.313, -0.748 -0.3301 0.313, -0.1575 -0.3301 0.313, 0.8661 -1.3091 0.313, -0.7284 0.6994 0.313, -0.7225 0.7137 0.313, -0.1575 0.6366 0.313, -0.7205 0.7289 0.313, -0.7378 0.6872 0.313, -0.75 0.6778 0.313, -0.7643 0.6719 0.313, -0.7796 0.6699 0.313, -0.7949 0.6719 0.313, -0.8307 0.6994 0.313, -0.8366 0.7137 0.313, -0.8661 0.8169 0.313, -0.8386 0.7289 0.313, -0.8366 0.7442 0.313, -0.8307 0.7585 0.313, -0.7378 0.7707 0.313, -0.7284 0.7585 0.313, -0.7225 0.7442 0.313, 0.1575 0.6595 0.313, 0.1575 -0.3248 0.313, -0.8213 0.7707 0.313, -0.8091 0.7801 0.313, -0.7949 0.786 0.313, -0.7796 0.788 0.313, -0.7643 0.786 0.313, -0.75 0.7801 0.313, -0.7972 0.7087 0.0039, -0.7776 0.7283 0.0039, -0.8747 0.8347 0.0039, -0.8853 0.8213 0.0039, -0.8705 0.8361 0.0039, -0.7802 0.7185 0.0039, -0.7833 0.7144 0.0039, -0.7874 0.7113 0.0039, -0.8839 0.8255 0.0039, -0.8815 0.8292 0.0039, -0.8784 0.8323 0.0039, -0.7782 0.7233 0.0039, -0.7921 0.7093 0.0039, 0.748 0.1181 0.0551, 0.7283 0.0984 0.0551, 0.7283 0.0591 0.0551, 0.748 0.0394 0.0551, 0.729 0.054 0.0551, 0.7382 0.042 0.0551, 0.7341 0.0451 0.0551, 0.731 0.0492 0.0551, 0.7429 0.1174 0.0551, 0.7429 0.04 0.0551, 0.729 0.1035 0.0551, 0.731 0.1083 0.0551, 0.7341 0.1123 0.0551, 0.7382 0.1155 0.0551, -0.8366 -0.5157 0.0551, -0.8366 -0.6339 0.0551, -0.8366 -0.7126 0.0551, -0.8366 -0.8307 0.0551, -0.8366 -0.9094 0.0551, -0.8366 -1.0276 0.0551, -0.8366 -1.1063 0.0551, -0.8366 -1.25 0.0551, -0.8169 -1.2697 0.0551, -0.748 -1.2697 0.0551, -0.7283 -0.3051 0.0551, -0.7283 -1.25 0.0551, -0.8169 -0.2854 0.0551, -0.748 -0.2854 0.0551, -0.8366 -0.3051 0.0551, -0.8366 -0.437 0.0551, -0.8361 -0.3007 0.0551, -0.8347 -0.2966 0.0551, -0.7303 -1.2585 0.0551, -0.7326 -1.2623 0.0551, -0.7437 -1.2692 0.0551, -0.8359 -1.2551 0.0551, -0.8323 -0.2928 0.0551, -0.8292 -0.2897 0.0551, -0.7288 -1.2544 0.0551, -0.7358 -1.2654 0.0551, -0.7395 -1.2677 0.0551, -0.8255 -0.2874 0.0551, -0.8213 -0.2859 0.0551, -0.7382 -0.2881 0.0551, -0.7341 -0.2912 0.0551, -0.7429 -0.2861 0.0551, -0.731 -0.2953 0.0551, -0.729 -0.3 0.0551, -0.822 -1.269 0.0551, -0.8268 -1.267 0.0551, -0.834 -1.2598 0.0551, -0.8308 -1.2639 0.0551, 0.8366 -1.0276 0.0551, 0.8366 -0.9094 0.0551, 0.8366 -0.8307 0.0551, 0.8366 -0.7126 0.0551, 0.8366 -0.6339 0.0551, 0.8366 -0.5157 0.0551, 0.8366 -0.437 0.0551, 0.8366 -0.3051 0.0551, 0.8169 -0.2854 0.0551, 0.748 -0.2854 0.0551, 0.7283 -0.3051 0.0551, 0.7283 -1.25 0.0551, 0.748 -1.2697 0.0551, 0.8169 -1.2697 0.0551, 0.8366 -1.25 0.0551, 0.8366 -1.1063 0.0551, 0.8361 -0.3007 0.0551, 0.7437 -1.2692 0.0551, 0.7395 -1.2677 0.0551, 0.7358 -1.2654 0.0551, 0.8255 -0.2874 0.0551, 0.8292 -0.2897 0.0551, 0.8213 -0.2859 0.0551, 0.8323 -0.2928 0.0551, 0.8347 -0.2966 0.0551, 0.834 -1.2598 0.0551, 0.8308 -1.2639 0.0551, 0.8359 -1.2551 0.0551, 0.8268 -1.267 0.0551, 0.822 -1.269 0.0551, 0.7326 -1.2623 0.0551, 0.7303 -1.2585 0.0551, 0.7288 -1.2544 0.0551, 0.7341 -0.2912 0.0551, 0.7382 -0.2881 0.0551, 0.731 -0.2953 0.0551, 0.729 -0.3 0.0551, 0.7429 -0.2861 0.0551, -0.3051 -1.2795 0.0551, -0.2264 -1.2795 0.0551, -0.1083 -1.2795 0.0551, -0.0295 -1.2795 0.0551, 0.0886 -1.2795 0.0551, 0.1673 -1.2795 0.0551, 0.3543 -1.2795 0.0551, 0.374 -1.2598 0.0551, 0.374 -0.1591 0.0551, -0.3543 -0.1394 0.0551, 0.3543 -0.1394 0.0551, -0.374 -1.2598 0.0551, -0.374 -0.1591 0.0551, -0.3543 -1.2795 0.0551, 0.3733 -0.154 0.0551, 0.3594 -1.2789 0.0551, 0.3733 -1.2649 0.0551, 0.3714 -1.2697 0.0551, 0.3683 -1.2738 0.0551, 0.3642 -1.2769 0.0551, -0.3714 -1.2697 0.0551, -0.3733 -1.2649 0.0551, -0.3683 -1.2738 0.0551, -0.3642 -1.2769 0.0551, 0.3642 -0.142 0.0551, 0.3594 -0.14 0.0551, 0.3683 -0.1451 0.0551, 0.3714 -0.1492 0.0551, -0.3594 -1.2789 0.0551, -0.3683 -0.1451 0.0551, -0.3642 -0.142 0.0551, -0.3714 -0.1492 0.0551, -0.3733 -0.154 0.0551, -0.3594 -0.14 0.0551, -0.502 0.6988 0.0551, -0.4429 0.6791 0.0551, -0.4823 0.6791 0.0551, -0.4232 0.6988 0.0551, -0.4874 0.6798 0.0551, -0.4921 0.6818 0.0551, -0.4962 0.6849 0.0551, -0.4993 0.689 0.0551, -0.5013 0.6937 0.0551, -0.4237 0.6944 0.0551, -0.4344 0.6811 0.0551, -0.4252 0.6903 0.0551, -0.4306 0.6834 0.0551, -0.4275 0.6865 0.0551, -0.4385 0.6796 0.0551, -0.3051 0.6988 0.0551, -0.2461 0.6791 0.0551, -0.2854 0.6791 0.0551, -0.2264 0.6988 0.0551, -0.3032 0.6903 0.0551, -0.3046 0.6944 0.0551, -0.2898 0.6796 0.0551, -0.294 0.6811 0.0551, -0.2977 0.6834 0.0551, -0.3008 0.6865 0.0551, -0.241 0.6798 0.0551, -0.227 0.6937 0.0551, -0.2362 0.6818 0.0551, -0.229 0.689 0.0551, -0.2321 0.6849 0.0551, -0.1083 0.6988 0.0551, -0.0492 0.6791 0.0551, -0.0886 0.6791 0.0551, -0.0295 0.6988 0.0551, -0.093 0.6796 0.0551, -0.0441 0.6798 0.0551, -0.0302 0.6937 0.0551, -0.0322 0.689 0.0551, -0.0353 0.6849 0.0551, -0.104 0.6865 0.0551, -0.1009 0.6834 0.0551, -0.0971 0.6811 0.0551, -0.0394 0.6818 0.0551, -0.1063 0.6903 0.0551, -0.1078 0.6944 0.0551, 0.0886 0.6988 0.0551, 0.1476 0.6791 0.0551, 0.1083 0.6791 0.0551, 0.1673 0.6988 0.0551, 0.1527 0.6798 0.0551, 0.1039 0.6796 0.0551, 0.0891 0.6944 0.0551, 0.0905 0.6903 0.0551, 0.1667 0.6937 0.0551, 0.1647 0.689 0.0551, 0.1616 0.6849 0.0551, 0.1575 0.6818 0.0551, 0.0997 0.6811 0.0551, 0.096 0.6834 0.0551, 0.0929 0.6865 0.0551, 0.748 0.315 0.0551, 0.7283 0.2953 0.0551, 0.7283 0.2559 0.0551, 0.748 0.2362 0.0551, 0.7288 0.2515 0.0551, 0.729 0.3004 0.0551, 0.7429 0.3143 0.0551, 0.7303 0.2474 0.0551, 0.7437 0.2367 0.0551, 0.7326 0.2436 0.0551, 0.7395 0.2382 0.0551, 0.7358 0.2405 0.0551, 0.731 0.3051 0.0551, 0.7341 0.3092 0.0551, 0.7382 0.3123 0.0551, 0.748 0.5118 0.0551, 0.7283 0.4921 0.0551, 0.7283 0.4528 0.0551, 0.748 0.4331 0.0551, 0.731 0.4429 0.0551, 0.729 0.4477 0.0551, 0.7429 0.4337 0.0551, 0.7382 0.4357 0.0551, 0.7341 0.4388 0.0551, 0.729 0.4972 0.0551, 0.7429 0.5111 0.0551, 0.731 0.502 0.0551, 0.7341 0.506 0.0551, 0.7382 0.5092 0.0551, 0.7972 0.7087 0.0551, 0.7776 0.7283 0.0551, 0.6988 0.6496 0.0551, 0.7185 0.6299 0.0551, 0.7087 0.6326 0.0551, 0.7046 0.6357 0.0551, 0.7833 0.7144 0.0551, 0.7921 0.7093 0.0551, 0.7874 0.7113 0.0551, 0.7134 0.6306 0.0551, 0.7782 0.7233 0.0551, 0.7802 0.7185 0.0551, 0.6995 0.6445 0.0551, 0.7015 0.6398 0.0551, -0.7185 0.6299 0.0551, -0.6988 0.6496 0.0551, -0.7776 0.7283 0.0551, -0.7972 0.7087 0.0551, -0.7015 0.6398 0.0551, -0.7046 0.6357 0.0551, -0.7833 0.7144 0.0551, -0.7782 0.7233 0.0551, -0.7802 0.7185 0.0551, -0.7921 0.7093 0.0551, -0.7874 0.7113 0.0551, -0.7134 0.6306 0.0551, -0.7087 0.6326 0.0551, -0.6995 0.6445 0.0551, 0.2854 0.6988 0.0551, 0.3445 0.6791 0.0551, 0.3051 0.6791 0.0551, 0.3642 0.6988 0.0551, 0.2874 0.6903 0.0551, 0.2859 0.6944 0.0551, 0.3007 0.6796 0.0551, 0.2966 0.6811 0.0551, 0.2928 0.6834 0.0551, 0.2897 0.6865 0.0551, 0.3496 0.6798 0.0551, 0.3635 0.6937 0.0551, 0.3543 0.6818 0.0551, 0.3615 0.689 0.0551, 0.3584 0.6849 0.0551, -0.748 0.0394 0.0551, -0.7283 0.0984 0.0551, -0.7283 0.0591 0.0551, -0.748 0.1181 0.0551, -0.729 0.1035 0.0551, -0.7382 0.1155 0.0551, -0.7341 0.1123 0.0551, -0.731 0.1083 0.0551, -0.7429 0.04 0.0551, -0.731 0.0492 0.0551, -0.7341 0.0451 0.0551, -0.7382 0.042 0.0551, -0.7429 0.1174 0.0551, -0.729 0.054 0.0551, -0.748 0.2362 0.0551, -0.7283 0.2953 0.0551, -0.7283 0.2559 0.0551, -0.748 0.315 0.0551, -0.7288 0.2997 0.0551, -0.729 0.2508 0.0551, -0.7429 0.2369 0.0551, -0.7303 0.3038 0.0551, -0.7437 0.3145 0.0551, -0.7326 0.3076 0.0551, -0.7395 0.313 0.0551, -0.7358 0.3107 0.0551, -0.731 0.2461 0.0551, -0.7341 0.242 0.0551, -0.7382 0.2389 0.0551, -0.748 0.4331 0.0551, -0.7283 0.4921 0.0551, -0.7283 0.4528 0.0551, -0.748 0.5118 0.0551, -0.7288 0.4965 0.0551, -0.7382 0.4357 0.0551, -0.7429 0.4337 0.0551, -0.729 0.4477 0.0551, -0.7303 0.5007 0.0551, -0.7437 0.5113 0.0551, -0.7326 0.5044 0.0551, -0.7395 0.5099 0.0551, -0.7358 0.5075 0.0551, -0.731 0.4429 0.0551, -0.7341 0.4388 0.0551
            ]
        }
        coordIndex [
            0,1,2,-1,3,4,5,-1,5,4,6,-1,7,8,9,-1,10,11,9,-1,12,13,14,-1,14,13,15,-1,14,15,16,-1,17,18,19,-1,20,21,22,-1,23,24,25,-1,25,24,26,-1,25,26,27,-1,28,29,30,-1,31,32,33,-1,33,32,19,-1,33,19,34,-1,34,19,18,-1,35,36,37,-1,38,8,39,-1,40,41,42,-1,43,44,45,-1,45,44,46,-1,21,47,22,-1,22,47,48,-1,22,48,49,-1,50,6,40,-1,40,6,51,-1,40,51,41,-1,52,53,26,-1,26,53,54,-1,26,54,27,-1,55,56,57,-1,19,58,17,-1,17,58,59,-1,17,59,60,-1,61,62,63,-1,63,62,64,-1,63,64,65,-1,66,67,68,-1,16,69,14,-1,14,69,70,-1,14,70,71,-1,49,72,22,-1,22,72,73,-1,22,73,74,-1,74,73,75,-1,50,76,6,-1,6,76,77,-1,6,77,78,-1,78,79,6,-1,6,79,80,-1,6,80,5,-1,5,80,81,-1,5,81,82,-1,9,83,84,-1,85,86,30,-1,30,86,87,-1,30,87,88,-1,88,87,17,-1,88,17,89,-1,89,17,60,-1,90,91,92,-1,92,91,93,-1,92,93,11,-1,11,93,94,-1,66,68,95,-1,96,97,44,-1,44,97,98,-1,44,98,63,-1,28,30,99,-1,99,30,100,-1,99,100,101,-1,102,5,103,-1,103,5,104,-1,56,105,57,-1,57,105,106,-1,57,106,2,-1,2,106,107,-1,2,107,0,-1,108,109,36,-1,36,109,110,-1,36,110,37,-1,90,111,91,-1,91,111,112,-1,91,112,113,-1,113,112,114,-1,113,114,115,-1,116,117,118,-1,119,120,121,-1,121,120,122,-1,14,3,12,-1,12,3,5,-1,12,5,123,-1,123,5,102,-1,123,102,124,-1,125,126,68,-1,68,126,108,-1,127,128,129,-1,129,128,130,-1,129,130,39,-1,39,130,131,-1,39,131,38,-1,132,133,134,-1,134,133,135,-1,38,136,8,-1,8,136,137,-1,8,137,9,-1,138,125,139,-1,139,125,68,-1,139,68,140,-1,140,68,141,-1,138,142,125,-1,125,142,143,-1,125,143,144,-1,145,146,96,-1,96,146,147,-1,96,147,148,-1,98,149,63,-1,63,149,150,-1,63,150,61,-1,61,150,116,-1,61,116,151,-1,151,116,118,-1,152,153,40,-1,40,153,154,-1,71,70,22,-1,22,70,155,-1,22,155,20,-1,156,157,158,-1,158,157,159,-1,29,160,30,-1,30,160,161,-1,30,161,162,-1,94,163,11,-1,11,163,164,-1,11,164,9,-1,9,164,165,-1,9,165,83,-1,83,165,166,-1,167,168,169,-1,36,170,108,-1,108,170,171,-1,108,171,68,-1,68,171,172,-1,68,172,173,-1,173,174,68,-1,68,174,175,-1,68,175,9,-1,9,175,176,-1,9,176,7,-1,177,178,179,-1,179,178,180,-1,179,180,134,-1,134,180,181,-1,134,181,132,-1,182,183,68,-1,184,185,68,-1,186,187,188,-1,189,190,191,-1,43,192,44,-1,44,192,193,-1,44,193,96,-1,96,193,194,-1,96,194,145,-1,42,195,40,-1,40,195,196,-1,40,196,152,-1,196,197,152,-1,152,197,198,-1,152,198,199,-1,166,165,158,-1,158,165,200,-1,158,200,156,-1,159,201,158,-1,158,201,202,-1,158,202,203,-1,84,204,9,-1,9,204,205,-1,9,205,5,-1,5,205,206,-1,5,206,104,-1,37,207,35,-1,35,207,167,-1,35,167,208,-1,208,167,169,-1,209,210,9,-1,9,210,211,-1,9,211,10,-1,65,212,63,-1,63,212,213,-1,63,213,214,-1,67,215,68,-1,68,215,216,-1,68,216,217,-1,186,188,218,-1,189,191,219,-1,220,221,222,-1,222,221,148,-1,222,148,223,-1,223,148,147,-1,224,225,226,-1,226,225,121,-1,226,121,227,-1,227,121,122,-1,228,229,230,-1,230,229,134,-1,230,134,231,-1,231,134,135,-1,137,232,9,-1,9,232,233,-1,9,233,178,-1,214,234,63,-1,63,234,235,-1,63,235,68,-1,68,235,236,-1,68,236,237,-1,238,237,239,-1,182,68,240,-1,185,241,68,-1,68,241,242,-1,68,242,191,-1,154,243,40,-1,40,243,244,-1,40,244,245,-1,177,246,178,-1,178,246,247,-1,178,247,9,-1,9,247,248,-1,9,248,209,-1,238,249,237,-1,237,249,250,-1,237,250,251,-1,251,252,237,-1,237,252,253,-1,237,253,68,-1,68,253,254,-1,68,254,95,-1,183,255,68,-1,68,255,256,-1,68,256,188,-1,190,257,191,-1,191,257,258,-1,191,258,68,-1,68,258,259,-1,68,259,141,-1,46,44,260,-1,260,44,40,-1,260,40,261,-1,261,40,245,-1,261,245,262,-1,262,245,263,-1,262,263,121,-1,121,263,264,-1,121,264,119,-1,162,265,266,-1,267,268,23,-1,23,268,269,-1,23,269,24,-1,55,270,271,-1,272,273,217,-1,187,274,188,-1,188,274,275,-1,188,275,68,-1,68,275,276,-1,68,276,184,-1,277,278,279,-1,280,281,282,-1,282,281,283,-1,282,283,199,-1,199,283,284,-1,199,284,152,-1,285,286,162,-1,162,286,287,-1,162,287,265,-1,267,23,288,-1,288,23,289,-1,288,289,57,-1,57,289,290,-1,57,290,291,-1,292,293,294,-1,279,295,277,-1,277,295,296,-1,277,296,191,-1,191,296,297,-1,191,297,219,-1,266,298,162,-1,162,298,299,-1,162,299,30,-1,30,299,300,-1,30,300,85,-1,291,301,57,-1,57,301,302,-1,57,302,55,-1,55,302,303,-1,55,303,270,-1,239,304,238,-1,238,304,292,-1,238,292,305,-1,305,292,294,-1,273,306,217,-1,217,306,307,-1,217,307,68,-1,68,307,308,-1,68,308,240,-1,309,310,311,-1,311,312,309,-1,309,312,313,-1,309,313,188,-1,188,313,314,-1,188,314,218,-1,202,315,203,-1,203,315,316,-1,203,316,285,-1,285,316,317,-1,285,317,286,-1,124,318,123,-1,123,318,319,-1,123,319,320,-1,320,319,321,-1,320,321,322,-1,322,321,55,-1,322,55,323,-1,323,55,271,-1,324,325,326,-1,326,327,324,-1,324,327,328,-1,324,328,217,-1,217,328,329,-1,217,329,272,-1,330,331,332,-1,332,331,333,-1,334,335,336,-1,336,335,331,-1,336,331,337,-1,337,331,330,-1,336,338,334,-1,334,338,339,-1,334,339,340,-1,340,339,341,-1,340,341,342,-1,343,344,342,-1,342,344,345,-1,342,345,340,-1,346,347,348,-1,348,347,349,-1,350,351,352,-1,352,351,353,-1,354,355,356,-1,356,355,357,-1,358,359,360,-1,360,359,361,-1,362,363,364,-1,364,363,365,-1,366,367,368,-1,368,367,369,-1,370,371,372,-1,372,371,373,-1,374,375,376,-1,376,375,377,-1,378,368,369,-1,379,281,280,-1,380,381,382,-1,383,384,385,-1,385,384,386,-1,385,386,387,-1,22,74,388,-1,388,74,389,-1,390,382,391,-1,391,382,381,-1,391,381,373,-1,373,381,372,-1,221,220,387,-1,387,220,392,-1,387,392,385,-1,385,392,393,-1,52,26,394,-1,394,26,382,-1,394,382,395,-1,395,382,390,-1,395,390,377,-1,377,390,376,-1,280,396,379,-1,379,396,385,-1,379,385,397,-1,397,385,393,-1,397,393,224,-1,224,393,225,-1,369,380,378,-1,378,380,382,-1,378,382,389,-1,389,382,385,-1,389,385,388,-1,388,385,396,-1,398,57,2,-1,348,349,399,-1,399,349,400,-1,2,401,398,-1,398,401,399,-1,398,399,402,-1,402,399,400,-1,402,400,403,-1,100,30,404,-1,404,30,402,-1,404,402,405,-1,405,402,403,-1,405,403,353,-1,353,403,352,-1,406,128,127,-1,19,32,407,-1,407,32,408,-1,407,408,409,-1,169,168,410,-1,410,168,411,-1,356,357,409,-1,409,357,412,-1,409,412,407,-1,407,412,413,-1,360,361,413,-1,413,361,414,-1,413,414,407,-1,407,414,415,-1,364,365,415,-1,415,365,416,-1,415,416,407,-1,407,416,417,-1,114,112,417,-1,417,112,418,-1,417,418,407,-1,407,418,419,-1,127,420,406,-1,406,420,407,-1,406,407,421,-1,421,407,419,-1,421,419,228,-1,228,419,229,-1,334,340,422,-1,422,340,423,-1,422,423,411,-1,411,423,407,-1,411,407,410,-1,410,407,420,-1,424,339,338,-1,125,144,425,-1,425,144,426,-1,338,427,424,-1,424,427,425,-1,424,425,428,-1,428,425,426,-1,428,426,429,-1,430,311,310,-1,431,432,428,-1,310,431,430,-1,430,431,428,-1,430,428,433,-1,433,428,429,-1,433,429,278,-1,278,429,279,-1,434,294,293,-1,435,436,428,-1,293,435,434,-1,434,435,428,-1,434,428,437,-1,437,428,432,-1,437,432,325,-1,325,432,326,-1,438,439,440,-1,440,439,428,-1,440,428,441,-1,441,428,436,-1,441,436,117,-1,117,436,118,-1,442,443,444,-1,445,446,447,-1,448,445,449,-1,449,445,447,-1,449,447,450,-1,450,447,451,-1,452,448,453,-1,453,448,454,-1,453,454,455,-1,452,456,448,-1,448,456,457,-1,448,457,458,-1,458,459,448,-1,448,459,460,-1,448,460,445,-1,446,461,447,-1,447,461,462,-1,447,462,463,-1,462,464,463,-1,463,464,465,-1,463,465,466,-1,467,468,442,-1,442,468,469,-1,442,469,443,-1,443,469,455,-1,443,455,470,-1,470,455,454,-1,470,454,471,-1,471,454,450,-1,471,450,444,-1,444,450,451,-1,444,451,442,-1,466,472,463,-1,463,472,473,-1,463,473,474,-1,474,475,463,-1,463,475,476,-1,463,476,442,-1,442,476,477,-1,442,477,467,-1,478,384,479,-1,480,383,481,-1,480,482,383,-1,383,482,439,-1,383,439,384,-1,384,439,438,-1,384,438,479,-1,483,484,485,-1,481,486,480,-1,480,486,487,-1,480,487,488,-1,479,489,478,-1,478,489,483,-1,478,483,490,-1,490,483,485,-1,134,229,491,-1,491,229,419,-1,492,493,209,-1,209,493,210,-1,494,418,111,-1,111,418,112,-1,495,493,494,-1,496,497,498,-1,499,491,492,-1,492,491,419,-1,492,419,493,-1,493,419,418,-1,493,418,494,-1,495,494,498,-1,498,494,500,-1,498,500,496,-1,501,502,503,-1,501,503,492,-1,492,503,504,-1,492,504,499,-1,378,505,368,-1,368,505,366,-1,505,506,366,-1,366,506,367,-1,506,380,367,-1,367,380,369,-1,381,507,372,-1,372,507,370,-1,507,508,370,-1,370,508,371,-1,508,391,371,-1,371,391,373,-1,390,509,376,-1,376,509,374,-1,509,510,374,-1,374,510,375,-1,510,395,375,-1,375,395,377,-1,394,511,52,-1,52,511,53,-1,54,53,512,-1,512,53,511,-1,513,514,291,-1,291,514,301,-1,123,320,515,-1,515,320,516,-1,155,70,517,-1,517,70,518,-1,519,520,73,-1,73,520,75,-1,520,389,75,-1,75,389,74,-1,507,381,380,-1,394,395,511,-1,511,395,510,-1,516,510,509,-1,390,391,509,-1,509,391,508,-1,509,508,516,-1,516,508,507,-1,516,507,506,-1,506,507,380,-1,378,389,505,-1,505,389,520,-1,521,522,517,-1,516,517,515,-1,515,517,518,-1,523,524,511,-1,525,514,511,-1,511,514,513,-1,511,513,512,-1,512,513,526,-1,506,505,516,-1,516,505,520,-1,516,520,517,-1,517,520,519,-1,517,519,521,-1,522,527,528,-1,510,516,511,-1,511,516,529,-1,511,529,523,-1,524,530,511,-1,511,530,531,-1,511,531,525,-1,528,532,522,-1,522,532,533,-1,522,533,517,-1,534,535,536,-1,536,535,537,-1,536,537,518,-1,518,537,538,-1,518,538,515,-1,513,539,526,-1,526,539,540,-1,526,540,541,-1,541,540,542,-1,409,543,356,-1,356,543,354,-1,543,544,354,-1,354,544,355,-1,544,412,355,-1,355,412,357,-1,413,545,360,-1,360,545,358,-1,545,546,358,-1,358,546,359,-1,546,414,359,-1,359,414,361,-1,415,547,364,-1,364,547,362,-1,547,548,362,-1,362,548,363,-1,548,416,363,-1,363,416,365,-1,417,549,114,-1,114,549,115,-1,113,115,550,-1,550,115,549,-1,551,552,200,-1,200,552,156,-1,553,554,316,-1,316,554,317,-1,555,556,300,-1,300,556,85,-1,557,558,33,-1,33,558,31,-1,558,408,31,-1,31,408,32,-1,559,550,551,-1,545,413,412,-1,556,555,554,-1,551,550,552,-1,417,416,549,-1,549,416,548,-1,549,548,553,-1,553,548,547,-1,415,414,547,-1,547,414,546,-1,547,546,553,-1,553,546,545,-1,553,545,544,-1,544,545,412,-1,409,408,543,-1,543,408,558,-1,544,543,553,-1,553,543,558,-1,553,558,554,-1,554,558,557,-1,554,557,556,-1,555,560,554,-1,554,560,561,-1,554,561,562,-1,563,564,565,-1,565,564,566,-1,565,566,551,-1,551,566,567,-1,551,567,559,-1,568,569,570,-1,570,569,571,-1,570,571,557,-1,557,571,572,-1,557,572,556,-1,573,574,562,-1,562,574,575,-1,562,575,554,-1,576,577,578,-1,578,577,579,-1,577,580,579,-1,579,580,552,-1,579,552,553,-1,553,552,550,-1,553,550,549,-1,581,401,1,-1,1,401,2,-1,399,582,348,-1,348,582,346,-1,582,583,346,-1,346,583,347,-1,583,400,347,-1,347,400,349,-1,403,584,352,-1,352,584,350,-1,584,585,350,-1,350,585,351,-1,585,405,351,-1,351,405,353,-1,404,586,100,-1,100,586,101,-1,99,101,587,-1,587,101,586,-1,588,589,285,-1,285,589,203,-1,206,205,590,-1,590,205,591,-1,321,319,592,-1,592,319,593,-1,594,581,0,-1,0,581,1,-1,595,589,581,-1,404,405,586,-1,586,405,585,-1,582,399,401,-1,596,587,588,-1,588,587,586,-1,588,586,589,-1,589,586,585,-1,589,585,584,-1,403,400,584,-1,584,400,583,-1,584,583,589,-1,589,583,582,-1,589,582,581,-1,581,582,401,-1,597,598,599,-1,597,599,588,-1,588,599,600,-1,588,600,596,-1,601,602,603,-1,603,602,592,-1,603,592,604,-1,605,581,606,-1,606,581,591,-1,605,607,581,-1,581,607,608,-1,581,608,595,-1,591,581,590,-1,590,581,594,-1,590,594,592,-1,592,594,609,-1,592,609,604,-1,610,611,612,-1,612,611,613,-1,592,593,590,-1,590,593,613,-1,590,613,614,-1,614,613,611,-1,151,118,615,-1,615,118,436,-1,214,213,616,-1,616,213,617,-1,618,435,292,-1,292,435,293,-1,436,435,615,-1,615,435,618,-1,619,620,615,-1,620,621,615,-1,615,621,622,-1,615,622,623,-1,618,624,625,-1,625,624,626,-1,625,626,627,-1,627,626,628,-1,625,629,618,-1,618,629,616,-1,618,616,615,-1,615,616,617,-1,615,617,619,-1,305,294,630,-1,630,294,434,-1,95,254,631,-1,631,254,632,-1,633,437,324,-1,324,437,325,-1,434,437,630,-1,630,437,633,-1,634,635,636,-1,636,635,630,-1,636,630,632,-1,637,638,636,-1,636,638,639,-1,636,639,634,-1,632,630,631,-1,631,630,633,-1,631,633,640,-1,640,633,641,-1,640,641,642,-1,642,641,643,-1,642,643,644,-1,327,326,645,-1,645,326,432,-1,240,308,646,-1,646,308,647,-1,648,431,309,-1,309,431,310,-1,432,431,645,-1,645,431,648,-1,645,647,649,-1,647,645,646,-1,646,645,648,-1,646,648,650,-1,651,652,653,-1,654,649,655,-1,655,649,656,-1,651,653,648,-1,648,653,657,-1,648,657,650,-1,654,658,649,-1,649,658,659,-1,649,659,645,-1,312,311,660,-1,660,311,430,-1,276,275,661,-1,661,275,662,-1,663,433,277,-1,277,433,278,-1,664,661,663,-1,663,661,660,-1,663,660,433,-1,433,660,430,-1,661,662,660,-1,660,662,665,-1,660,665,666,-1,666,665,667,-1,668,669,670,-1,668,670,663,-1,663,670,671,-1,663,671,664,-1,672,673,665,-1,665,673,674,-1,665,674,667,-1,130,128,675,-1,675,128,406,-1,676,677,233,-1,233,677,178,-1,678,421,230,-1,230,421,228,-1,679,677,678,-1,676,406,677,-1,677,406,421,-1,677,421,678,-1,680,681,676,-1,676,681,675,-1,676,675,406,-1,679,678,682,-1,682,678,683,-1,682,683,684,-1,684,683,685,-1,684,685,686,-1,680,687,681,-1,681,687,688,-1,681,688,689,-1,208,169,690,-1,690,169,410,-1,691,692,173,-1,173,692,174,-1,693,420,129,-1,129,420,127,-1,694,695,692,-1,692,691,410,-1,410,420,692,-1,692,420,693,-1,692,693,696,-1,696,697,692,-1,692,697,698,-1,692,698,694,-1,699,700,691,-1,691,700,690,-1,691,690,410,-1,699,701,700,-1,700,701,702,-1,700,702,703,-1,335,334,704,-1,704,334,422,-1,705,427,336,-1,336,427,338,-1,126,125,706,-1,706,125,425,-1,707,411,167,-1,167,411,168,-1,708,709,710,-1,425,427,706,-1,706,427,705,-1,422,411,704,-1,704,411,707,-1,704,707,711,-1,711,707,712,-1,712,707,710,-1,710,707,713,-1,710,713,708,-1,705,714,706,-1,706,714,715,-1,706,715,716,-1,716,715,710,-1,716,710,717,-1,717,710,709,-1,148,221,718,-1,718,221,387,-1,719,441,116,-1,116,441,117,-1,479,438,720,-1,720,438,440,-1,721,386,478,-1,478,386,384,-1,722,723,724,-1,387,386,718,-1,718,386,721,-1,440,441,720,-1,720,441,719,-1,720,719,725,-1,725,719,726,-1,721,727,718,-1,718,727,728,-1,718,728,729,-1,729,728,724,-1,729,724,730,-1,730,724,723,-1,726,719,724,-1,724,719,731,-1,724,731,722,-1,295,279,732,-1,732,279,429,-1,259,258,733,-1,733,258,734,-1,735,426,143,-1,143,426,144,-1,429,426,732,-1,732,426,735,-1,736,737,738,-1,738,737,732,-1,738,732,734,-1,739,740,738,-1,738,740,741,-1,738,741,736,-1,734,732,733,-1,733,732,735,-1,733,735,742,-1,742,735,743,-1,742,743,744,-1,744,743,745,-1,744,745,746,-1,71,22,747,-1,747,22,388,-1,42,41,748,-1,748,41,749,-1,750,396,282,-1,282,396,280,-1,751,748,750,-1,752,753,754,-1,755,747,749,-1,749,747,388,-1,749,388,748,-1,748,388,396,-1,748,396,750,-1,756,757,758,-1,751,750,754,-1,754,750,759,-1,754,759,752,-1,755,749,758,-1,758,749,760,-1,758,760,756,-1,283,281,761,-1,761,281,379,-1,245,244,762,-1,762,244,763,-1,764,397,226,-1,226,397,224,-1,765,762,764,-1,763,379,762,-1,762,379,397,-1,762,397,764,-1,766,767,763,-1,763,767,761,-1,763,761,379,-1,765,764,768,-1,768,764,769,-1,768,769,770,-1,770,769,771,-1,770,771,772,-1,766,773,767,-1,767,773,774,-1,767,774,775,-1,121,225,776,-1,776,225,393,-1,192,43,777,-1,777,43,778,-1,779,392,222,-1,222,392,220,-1,776,393,392,-1,780,777,779,-1,779,777,392,-1,781,782,776,-1,392,777,776,-1,776,777,778,-1,776,778,783,-1,780,779,784,-1,784,779,785,-1,784,785,786,-1,786,785,787,-1,786,787,788,-1,783,789,776,-1,776,789,790,-1,776,790,781,-1,
        ]
    }
}
Shape{
    appearance Appearance {
        material  Material 	{
            diffuseColor 0.792156862745098 0.8196078431372549 0.9333333333333333
            specularColor 0.396078431372549 0.4117647058823529 0.4666666666666667
            ambientIntensity 0.8244
            transparency 0.0
            shininess 0.5
        }
    }
    geometry IndexedFaceSet {
        ccw TRUE
        solid FALSE
        coord DEF co Coordinate {
            point [
                -0.5118 0.0236 0.0551, -0.5118 0.0236 0.0039, -0.5206 0.0246 0.0551, -0.5206 0.0246 0.0039, -0.5289 0.0275 0.0551, -0.5289 0.0275 0.0039, -0.5364 0.0322 0.0551, -0.5364 0.0322 0.0039, -0.5426 0.0384 0.0551, -0.5426 0.0384 0.0039, -0.5473 0.0459 0.0551, -0.5473 0.0459 0.0039, -0.5502 0.0542 0.0551, -0.5502 0.0542 0.0039, -0.5512 0.063 0.0551, -0.5512 0.063 0.0039, -0.374 0.0236 0.0551, -0.374 0.0236 0.0039, -0.374 -0.0213 0.0551, -0.374 -0.0213 0.0039, 0.374 -0.0213 0.0551, 0.374 -0.0213 0.0039, 0.374 0.502 0.0551, 0.374 0.502 0.0039, -0.4331 0.502 0.0551, -0.4331 0.502 0.0039, -0.5512 0.3839 0.0551, -0.5512 0.3839 0.0039, -0.8366 -1.25 0.0039, -0.8366 -1.25 0.0551, -0.8359 -1.2551 0.0039, -0.8359 -1.2551 0.0551, -0.834 -1.2598 0.0039, -0.834 -1.2598 0.0551, -0.8308 -1.2639 0.0039, -0.8308 -1.2639 0.0551, -0.8268 -1.267 0.0039, -0.8268 -1.267 0.0551, -0.822 -1.269 0.0039, -0.822 -1.269 0.0551, -0.8169 -1.2697 0.0039, -0.8169 -1.2697 0.0551, -0.8169 -0.2854 0.0039, -0.8169 -0.2854 0.0551, -0.8213 -0.2859 0.0039, -0.8213 -0.2859 0.0551, -0.8255 -0.2874 0.0039, -0.8255 -0.2874 0.0551, -0.8292 -0.2897 0.0039, -0.8292 -0.2897 0.0551, -0.8323 -0.2928 0.0039, -0.8323 -0.2928 0.0551, -0.8347 -0.2966 0.0039, -0.8347 -0.2966 0.0551, -0.8361 -0.3007 0.0039, -0.8361 -0.3007 0.0551, -0.8366 -0.3051 0.0039, -0.8366 -0.3051 0.0551, -0.374 -1.2598 0.0039, -0.374 -1.2598 0.0551, -0.3733 -1.2649 0.0039, -0.3733 -1.2649 0.0551, -0.3714 -1.2697 0.0039, -0.3714 -1.2697 0.0551, -0.3683 -1.2738 0.0039, -0.3683 -1.2738 0.0551, -0.3642 -1.2769 0.0039, -0.3642 -1.2769 0.0551, -0.3594 -1.2789 0.0039, -0.3594 -1.2789 0.0551, -0.3543 -1.2795 0.0039, -0.3543 -1.2795 0.0551, -0.3543 -0.1394 0.0039, -0.3543 -0.1394 0.0551, -0.3594 -0.14 0.0039, -0.3594 -0.14 0.0551, -0.3642 -0.142 0.0039, -0.3642 -0.142 0.0551, -0.3683 -0.1451 0.0039, -0.3683 -0.1451 0.0551, -0.3714 -0.1492 0.0039, -0.3714 -0.1492 0.0551, -0.3733 -0.154 0.0039, -0.3733 -0.154 0.0551, -0.374 -0.1591 0.0039, -0.374 -0.1591 0.0551, 0.3543 -1.2795 0.0039, 0.3543 -1.2795 0.0551, 0.3594 -1.2789 0.0039, 0.3594 -1.2789 0.0551, 0.3642 -1.2769 0.0039, 0.3642 -1.2769 0.0551, 0.3683 -1.2738 0.0039, 0.3683 -1.2738 0.0551, 0.3714 -1.2697 0.0039, 0.3714 -1.2697 0.0551, 0.3733 -1.2649 0.0039, 0.3733 -1.2649 0.0551, 0.374 -1.2598 0.0039, 0.374 -1.2598 0.0551, 0.374 -0.1591 0.0039, 0.374 -0.1591 0.0551, 0.3733 -0.154 0.0039, 0.3733 -0.154 0.0551, 0.3714 -0.1492 0.0039, 0.3714 -0.1492 0.0551, 0.3683 -0.1451 0.0039, 0.3683 -0.1451 0.0551, 0.3642 -0.142 0.0039, 0.3642 -0.142 0.0551, 0.3594 -0.14 0.0039, 0.3594 -0.14 0.0551, 0.3543 -0.1394 0.0039, 0.3543 -0.1394 0.0551, -0.7283 -0.3051 0.0039, -0.7283 -0.3051 0.0551, -0.729 -0.3 0.0039, -0.729 -0.3 0.0551, -0.731 -0.2953 0.0039, -0.731 -0.2953 0.0551, -0.7341 -0.2912 0.0039, -0.7341 -0.2912 0.0551, -0.7382 -0.2881 0.0039, -0.7382 -0.2881 0.0551, -0.7429 -0.2861 0.0039, -0.7429 -0.2861 0.0551, -0.748 -0.2854 0.0039, -0.748 -0.2854 0.0551, -0.7283 0.4921 0.0039, -0.7283 0.4921 0.0551, -0.7288 0.4965 0.0039, -0.7288 0.4965 0.0551, -0.7303 0.5007 0.0039, -0.7303 0.5007 0.0551, -0.7326 0.5044 0.0039, -0.7326 0.5044 0.0551, -0.7358 0.5075 0.0039, -0.7358 0.5075 0.0551, -0.7395 0.5099 0.0039, -0.7395 0.5099 0.0551, -0.7437 0.5113 0.0039, -0.7437 0.5113 0.0551, -0.748 0.5118 0.0039, -0.748 0.5118 0.0551, -0.7283 0.2953 0.0039, -0.7283 0.2953 0.0551, -0.7288 0.2997 0.0039, -0.7288 0.2997 0.0551, -0.7303 0.3038 0.0039, -0.7303 0.3038 0.0551, -0.7326 0.3076 0.0039, -0.7326 0.3076 0.0551, -0.7358 0.3107 0.0039, -0.7358 0.3107 0.0551, -0.7395 0.313 0.0039, -0.7395 0.313 0.0551, -0.7437 0.3145 0.0039, -0.7437 0.3145 0.0551, -0.748 0.315 0.0039, -0.748 0.315 0.0551, -0.7283 0.0984 0.0039, -0.7283 0.0984 0.0551, -0.729 0.1035 0.0039, -0.729 0.1035 0.0551, -0.731 0.1083 0.0039, -0.731 0.1083 0.0551, -0.7341 0.1123 0.0039, -0.7341 0.1123 0.0551, -0.7382 0.1155 0.0039, -0.7382 0.1155 0.0551, -0.7429 0.1174 0.0039, -0.7429 0.1174 0.0551, -0.748 0.1181 0.0039, -0.748 0.1181 0.0551, -0.748 -1.2697 0.0039, -0.748 -1.2697 0.0551, -0.7437 -1.2692 0.0039, -0.7437 -1.2692 0.0551, -0.7395 -1.2677 0.0039, -0.7395 -1.2677 0.0551, -0.7358 -1.2654 0.0039, -0.7358 -1.2654 0.0551, -0.7326 -1.2623 0.0039, -0.7326 -1.2623 0.0551, -0.7303 -1.2585 0.0039, -0.7303 -1.2585 0.0551, -0.7288 -1.2544 0.0039, -0.7288 -1.2544 0.0551, -0.7283 -1.25 0.0039, -0.7283 -1.25 0.0551, -0.748 0.0394 0.0039, -0.748 0.0394 0.0551, -0.7429 0.04 0.0039, -0.7429 0.04 0.0551, -0.7382 0.042 0.0039, -0.7382 0.042 0.0551, -0.7341 0.0451 0.0039, -0.7341 0.0451 0.0551, -0.731 0.0492 0.0039, -0.731 0.0492 0.0551, -0.729 0.054 0.0039, -0.729 0.054 0.0551, -0.7283 0.0591 0.0039, -0.7283 0.0591 0.0551, -0.748 0.2362 0.0039, -0.748 0.2362 0.0551, -0.7429 0.2369 0.0039, -0.7429 0.2369 0.0551, -0.7382 0.2389 0.0039, -0.7382 0.2389 0.0551, -0.7341 0.242 0.0039, -0.7341 0.242 0.0551, -0.731 0.2461 0.0039, -0.731 0.2461 0.0551, -0.729 0.2508 0.0039, -0.729 0.2508 0.0551, -0.7283 0.2559 0.0039, -0.7283 0.2559 0.0551, -0.748 0.4331 0.0039, -0.748 0.4331 0.0551, -0.7429 0.4337 0.0039, -0.7429 0.4337 0.0551, -0.7382 0.4357 0.0039, -0.7382 0.4357 0.0551, -0.7341 0.4388 0.0039, -0.7341 0.4388 0.0551, -0.731 0.4429 0.0039, -0.731 0.4429 0.0551, -0.729 0.4477 0.0039, -0.729 0.4477 0.0551, -0.7283 0.4528 0.0039, -0.7283 0.4528 0.0551, -0.7185 0.6299 0.0039, -0.7185 0.6299 0.0551, -0.7134 0.6306 0.0039, -0.7134 0.6306 0.0551, -0.7087 0.6326 0.0039, -0.7087 0.6326 0.0551, -0.7046 0.6357 0.0039, -0.7046 0.6357 0.0551, -0.7015 0.6398 0.0039, -0.7015 0.6398 0.0551, -0.6995 0.6445 0.0039, -0.6995 0.6445 0.0551, -0.6988 0.6496 0.0039, -0.6988 0.6496 0.0551, -0.4429 0.6791 0.0039, -0.4429 0.6791 0.0551, -0.4385 0.6796 0.0039, -0.4385 0.6796 0.0551, -0.4344 0.6811 0.0039, -0.4344 0.6811 0.0551, -0.4306 0.6834 0.0039, -0.4306 0.6834 0.0551, -0.4275 0.6865 0.0039, -0.4275 0.6865 0.0551, -0.4252 0.6903 0.0039, -0.4252 0.6903 0.0551, -0.4237 0.6944 0.0039, -0.4237 0.6944 0.0551, -0.4232 0.6988 0.0039, -0.4232 0.6988 0.0551, -0.2461 0.6791 0.0039, -0.2461 0.6791 0.0551, -0.241 0.6798 0.0039, -0.241 0.6798 0.0551, -0.2362 0.6818 0.0039, -0.2362 0.6818 0.0551, -0.2321 0.6849 0.0039, -0.2321 0.6849 0.0551, -0.229 0.689 0.0039, -0.229 0.689 0.0551, -0.227 0.6937 0.0039, -0.227 0.6937 0.0551, -0.2264 0.6988 0.0039, -0.2264 0.6988 0.0551, -0.0492 0.6791 0.0039, -0.0492 0.6791 0.0551, -0.0441 0.6798 0.0039, -0.0441 0.6798 0.0551, -0.0394 0.6818 0.0039, -0.0394 0.6818 0.0551, -0.0353 0.6849 0.0039, -0.0353 0.6849 0.0551, -0.0322 0.689 0.0039, -0.0322 0.689 0.0551, -0.0302 0.6937 0.0039, -0.0302 0.6937 0.0551, -0.0295 0.6988 0.0039, -0.0295 0.6988 0.0551, 0.1476 0.6791 0.0039, 0.1476 0.6791 0.0551, 0.1527 0.6798 0.0039, 0.1527 0.6798 0.0551, 0.1575 0.6818 0.0039, 0.1575 0.6818 0.0551, 0.1616 0.6849 0.0039, 0.1616 0.6849 0.0551, 0.1647 0.689 0.0039, 0.1647 0.689 0.0551, 0.1667 0.6937 0.0039, 0.1667 0.6937 0.0551, 0.1673 0.6988 0.0039, 0.1673 0.6988 0.0551, 0.3445 0.6791 0.0039, 0.3445 0.6791 0.0551, 0.3496 0.6798 0.0039, 0.3496 0.6798 0.0551, 0.3543 0.6818 0.0039, 0.3543 0.6818 0.0551, 0.3584 0.6849 0.0039, 0.3584 0.6849 0.0551, 0.3615 0.689 0.0039, 0.3615 0.689 0.0551, 0.3635 0.6937 0.0039, 0.3635 0.6937 0.0551, 0.3642 0.6988 0.0039, 0.3642 0.6988 0.0551, -0.7972 0.7087 0.0551, -0.7972 0.7087 0.0039, -0.7921 0.7093 0.0039, -0.7921 0.7093 0.0551, -0.7874 0.7113 0.0039, -0.7874 0.7113 0.0551, -0.7833 0.7144 0.0039, -0.7833 0.7144 0.0551, -0.7802 0.7185 0.0039, -0.7802 0.7185 0.0551, -0.7782 0.7233 0.0039, -0.7782 0.7233 0.0551, -0.7776 0.7283 0.0039, -0.7776 0.7283 0.0551, -0.502 0.6988 0.0039, -0.502 0.6988 0.0551, -0.5013 0.6937 0.0039, -0.5013 0.6937 0.0551, -0.4993 0.689 0.0039, -0.4993 0.689 0.0551, -0.4962 0.6849 0.0039, -0.4962 0.6849 0.0551, -0.4921 0.6818 0.0039, -0.4921 0.6818 0.0551, -0.4874 0.6798 0.0039, -0.4874 0.6798 0.0551, -0.4823 0.6791 0.0039, -0.4823 0.6791 0.0551, -0.3051 0.6988 0.0039, -0.3051 0.6988 0.0551, -0.3046 0.6944 0.0039, -0.3046 0.6944 0.0551, -0.3032 0.6903 0.0039, -0.3032 0.6903 0.0551, -0.3008 0.6865 0.0039, -0.3008 0.6865 0.0551, -0.2977 0.6834 0.0039, -0.2977 0.6834 0.0551, -0.294 0.6811 0.0039, -0.294 0.6811 0.0551, -0.2898 0.6796 0.0039, -0.2898 0.6796 0.0551, -0.2854 0.6791 0.0039, -0.2854 0.6791 0.0551, -0.1083 0.6988 0.0039, -0.1083 0.6988 0.0551, -0.1078 0.6944 0.0039, -0.1078 0.6944 0.0551, -0.1063 0.6903 0.0039, -0.1063 0.6903 0.0551, -0.104 0.6865 0.0039, -0.104 0.6865 0.0551, -0.1009 0.6834 0.0039, -0.1009 0.6834 0.0551, -0.0971 0.6811 0.0039, -0.0971 0.6811 0.0551, -0.093 0.6796 0.0039, -0.093 0.6796 0.0551, -0.0886 0.6791 0.0039, -0.0886 0.6791 0.0551, 0.0886 0.6988 0.0039, 0.0886 0.6988 0.0551, 0.0891 0.6944 0.0039, 0.0891 0.6944 0.0551, 0.0905 0.6903 0.0039, 0.0905 0.6903 0.0551, 0.0929 0.6865 0.0039, 0.0929 0.6865 0.0551, 0.096 0.6834 0.0039, 0.096 0.6834 0.0551, 0.0997 0.6811 0.0039, 0.0997 0.6811 0.0551, 0.1039 0.6796 0.0039, 0.1039 0.6796 0.0551, 0.1083 0.6791 0.0039, 0.1083 0.6791 0.0551, 0.2854 0.6988 0.0039, 0.2854 0.6988 0.0551, 0.2859 0.6944 0.0039, 0.2859 0.6944 0.0551, 0.2874 0.6903 0.0039, 0.2874 0.6903 0.0551, 0.2897 0.6865 0.0039, 0.2897 0.6865 0.0551, 0.2928 0.6834 0.0039, 0.2928 0.6834 0.0551, 0.2966 0.6811 0.0039, 0.2966 0.6811 0.0551, 0.3007 0.6796 0.0039, 0.3007 0.6796 0.0551, 0.3051 0.6791 0.0039, 0.3051 0.6791 0.0551, 0.748 0.1181 0.0039, 0.748 0.1181 0.0551, 0.7429 0.1174 0.0039, 0.7429 0.1174 0.0551, 0.7382 0.1155 0.0039, 0.7382 0.1155 0.0551, 0.7341 0.1123 0.0039, 0.7341 0.1123 0.0551, 0.731 0.1083 0.0039, 0.731 0.1083 0.0551, 0.729 0.1035 0.0039, 0.729 0.1035 0.0551, 0.7283 0.0984 0.0039, 0.7283 0.0984 0.0551, 0.748 0.315 0.0039, 0.748 0.315 0.0551, 0.7429 0.3143 0.0039, 0.7429 0.3143 0.0551, 0.7382 0.3123 0.0039, 0.7382 0.3123 0.0551, 0.7341 0.3092 0.0039, 0.7341 0.3092 0.0551, 0.731 0.3051 0.0039, 0.731 0.3051 0.0551, 0.729 0.3004 0.0039, 0.729 0.3004 0.0551, 0.7283 0.2953 0.0039, 0.7283 0.2953 0.0551, 0.748 0.5118 0.0039, 0.748 0.5118 0.0551, 0.7429 0.5111 0.0039, 0.7429 0.5111 0.0551, 0.7382 0.5092 0.0039, 0.7382 0.5092 0.0551, 0.7341 0.506 0.0039, 0.7341 0.506 0.0551, 0.731 0.502 0.0039, 0.731 0.502 0.0551, 0.729 0.4972 0.0039, 0.729 0.4972 0.0551, 0.7283 0.4921 0.0039, 0.7283 0.4921 0.0551, 0.7776 0.7283 0.0551, 0.7776 0.7283 0.0039, 0.7782 0.7233 0.0039, 0.7782 0.7233 0.0551, 0.7802 0.7185 0.0039, 0.7802 0.7185 0.0551, 0.7833 0.7144 0.0039, 0.7833 0.7144 0.0551, 0.7874 0.7113 0.0039, 0.7874 0.7113 0.0551, 0.7921 0.7093 0.0039, 0.7921 0.7093 0.0551, 0.7972 0.7087 0.0039, 0.7972 0.7087 0.0551, 0.6988 0.6496 0.0039, 0.6988 0.6496 0.0551, 0.6995 0.6445 0.0039, 0.6995 0.6445 0.0551, 0.7015 0.6398 0.0039, 0.7015 0.6398 0.0551, 0.7046 0.6357 0.0039, 0.7046 0.6357 0.0551, 0.7087 0.6326 0.0039, 0.7087 0.6326 0.0551, 0.7134 0.6306 0.0039, 0.7134 0.6306 0.0551, 0.7185 0.6299 0.0039, 0.7185 0.6299 0.0551, 0.7283 0.4528 0.0039, 0.7283 0.4528 0.0551, 0.729 0.4477 0.0039, 0.729 0.4477 0.0551, 0.731 0.4429 0.0039, 0.731 0.4429 0.0551, 0.7341 0.4388 0.0039, 0.7341 0.4388 0.0551, 0.7382 0.4357 0.0039, 0.7382 0.4357 0.0551, 0.7429 0.4337 0.0039, 0.7429 0.4337 0.0551, 0.748 0.4331 0.0039, 0.748 0.4331 0.0551, 0.7283 0.2559 0.0039, 0.7283 0.2559 0.0551, 0.7288 0.2515 0.0039, 0.7288 0.2515 0.0551, 0.7303 0.2474 0.0039, 0.7303 0.2474 0.0551, 0.7326 0.2436 0.0039, 0.7326 0.2436 0.0551, 0.7358 0.2405 0.0039, 0.7358 0.2405 0.0551, 0.7395 0.2382 0.0039, 0.7395 0.2382 0.0551, 0.7437 0.2367 0.0039, 0.7437 0.2367 0.0551, 0.748 0.2362 0.0039, 0.748 0.2362 0.0551, 0.7283 0.0591 0.0039, 0.7283 0.0591 0.0551, 0.729 0.054 0.0039, 0.729 0.054 0.0551, 0.731 0.0492 0.0039, 0.731 0.0492 0.0551, 0.7341 0.0451 0.0039, 0.7341 0.0451 0.0551, 0.7382 0.042 0.0039, 0.7382 0.042 0.0551, 0.7429 0.04 0.0039, 0.7429 0.04 0.0551, 0.748 0.0394 0.0039, 0.748 0.0394 0.0551, 0.8366 -0.3051 0.0039, 0.8366 -0.3051 0.0551, 0.8361 -0.3007 0.0039, 0.8361 -0.3007 0.0551, 0.8347 -0.2966 0.0039, 0.8347 -0.2966 0.0551, 0.8323 -0.2928 0.0039, 0.8323 -0.2928 0.0551, 0.8292 -0.2897 0.0039, 0.8292 -0.2897 0.0551, 0.8255 -0.2874 0.0039, 0.8255 -0.2874 0.0551, 0.8213 -0.2859 0.0039, 0.8213 -0.2859 0.0551, 0.8169 -0.2854 0.0039, 0.8169 -0.2854 0.0551, 0.748 -0.2854 0.0039, 0.748 -0.2854 0.0551, 0.7429 -0.2861 0.0039, 0.7429 -0.2861 0.0551, 0.7382 -0.2881 0.0039, 0.7382 -0.2881 0.0551, 0.7341 -0.2912 0.0039, 0.7341 -0.2912 0.0551, 0.731 -0.2953 0.0039, 0.731 -0.2953 0.0551, 0.729 -0.3 0.0039, 0.729 -0.3 0.0551, 0.7283 -0.3051 0.0039, 0.7283 -0.3051 0.0551, 0.7283 -1.25 0.0039, 0.7283 -1.25 0.0551, 0.7288 -1.2544 0.0039, 0.7288 -1.2544 0.0551, 0.7303 -1.2585 0.0039, 0.7303 -1.2585 0.0551, 0.7326 -1.2623 0.0039, 0.7326 -1.2623 0.0551, 0.7358 -1.2654 0.0039, 0.7358 -1.2654 0.0551, 0.7395 -1.2677 0.0039, 0.7395 -1.2677 0.0551, 0.7437 -1.2692 0.0039, 0.7437 -1.2692 0.0551, 0.748 -1.2697 0.0039, 0.748 -1.2697 0.0551, 0.8169 -1.2697 0.0039, 0.8169 -1.2697 0.0551, 0.822 -1.269 0.0039, 0.822 -1.269 0.0551, 0.8268 -1.267 0.0039, 0.8268 -1.267 0.0551, 0.8308 -1.2639 0.0039, 0.8308 -1.2639 0.0551, 0.834 -1.2598 0.0039, 0.834 -1.2598 0.0551, 0.8359 -1.2551 0.0039, 0.8359 -1.2551 0.0551, 0.8366 -1.25 0.0039, 0.8366 -1.25 0.0551
            ]
        }
        coordIndex [
            0,1,2,-1,2,1,3,-1,2,3,4,-1,4,3,5,-1,4,5,6,-1,6,5,7,-1,6,7,8,-1,8,7,9,-1,8,9,10,-1,10,9,11,-1,10,11,12,-1,12,11,13,-1,12,13,14,-1,14,13,15,-1,0,16,1,-1,1,16,17,-1,16,18,17,-1,17,18,19,-1,18,20,19,-1,19,20,21,-1,20,22,21,-1,21,22,23,-1,22,24,23,-1,23,24,25,-1,24,26,25,-1,25,26,27,-1,26,14,27,-1,27,14,15,-1,20,18,22,-1,22,18,16,-1,22,16,24,-1,24,16,0,-1,0,8,10,-1,0,2,8,-1,8,2,4,-1,8,4,6,-1,26,24,14,-1,14,24,0,-1,14,0,12,-1,12,0,10,-1,28,29,30,-1,30,29,31,-1,30,31,32,-1,32,31,33,-1,32,33,34,-1,34,33,35,-1,34,35,36,-1,36,35,37,-1,36,37,38,-1,38,37,39,-1,38,39,40,-1,40,39,41,-1,42,43,44,-1,44,43,45,-1,44,45,46,-1,46,45,47,-1,46,47,48,-1,48,47,49,-1,48,49,50,-1,50,49,51,-1,50,51,52,-1,52,51,53,-1,52,53,54,-1,54,53,55,-1,54,55,56,-1,56,55,57,-1,58,59,60,-1,60,59,61,-1,60,61,62,-1,62,61,63,-1,62,63,64,-1,64,63,65,-1,64,65,66,-1,66,65,67,-1,66,67,68,-1,68,67,69,-1,68,69,70,-1,70,69,71,-1,72,73,74,-1,74,73,75,-1,74,75,76,-1,76,75,77,-1,76,77,78,-1,78,77,79,-1,78,79,80,-1,80,79,81,-1,80,81,82,-1,82,81,83,-1,82,83,84,-1,84,83,85,-1,86,87,88,-1,88,87,89,-1,88,89,90,-1,90,89,91,-1,90,91,92,-1,92,91,93,-1,92,93,94,-1,94,93,95,-1,94,95,96,-1,96,95,97,-1,96,97,98,-1,98,97,99,-1,100,101,102,-1,102,101,103,-1,102,103,104,-1,104,103,105,-1,104,105,106,-1,106,105,107,-1,106,107,108,-1,108,107,109,-1,108,109,110,-1,110,109,111,-1,110,111,112,-1,112,111,113,-1,114,115,116,-1,116,115,117,-1,116,117,118,-1,118,117,119,-1,118,119,120,-1,120,119,121,-1,120,121,122,-1,122,121,123,-1,122,123,124,-1,124,123,125,-1,124,125,126,-1,126,125,127,-1,128,129,130,-1,130,129,131,-1,130,131,132,-1,132,131,133,-1,132,133,134,-1,134,133,135,-1,134,135,136,-1,136,135,137,-1,136,137,138,-1,138,137,139,-1,138,139,140,-1,140,139,141,-1,140,141,142,-1,142,141,143,-1,144,145,146,-1,146,145,147,-1,146,147,148,-1,148,147,149,-1,148,149,150,-1,150,149,151,-1,150,151,152,-1,152,151,153,-1,152,153,154,-1,154,153,155,-1,154,155,156,-1,156,155,157,-1,156,157,158,-1,158,157,159,-1,160,161,162,-1,162,161,163,-1,162,163,164,-1,164,163,165,-1,164,165,166,-1,166,165,167,-1,166,167,168,-1,168,167,169,-1,168,169,170,-1,170,169,171,-1,170,171,172,-1,172,171,173,-1,174,175,176,-1,176,175,177,-1,176,177,178,-1,178,177,179,-1,178,179,180,-1,180,179,181,-1,180,181,182,-1,182,181,183,-1,182,183,184,-1,184,183,185,-1,184,185,186,-1,186,185,187,-1,186,187,188,-1,188,187,189,-1,190,191,192,-1,192,191,193,-1,192,193,194,-1,194,193,195,-1,194,195,196,-1,196,195,197,-1,196,197,198,-1,198,197,199,-1,198,199,200,-1,200,199,201,-1,200,201,202,-1,202,201,203,-1,204,205,206,-1,206,205,207,-1,206,207,208,-1,208,207,209,-1,208,209,210,-1,210,209,211,-1,210,211,212,-1,212,211,213,-1,212,213,214,-1,214,213,215,-1,214,215,216,-1,216,215,217,-1,218,219,220,-1,220,219,221,-1,220,221,222,-1,222,221,223,-1,222,223,224,-1,224,223,225,-1,224,225,226,-1,226,225,227,-1,226,227,228,-1,228,227,229,-1,228,229,230,-1,230,229,231,-1,232,233,234,-1,234,233,235,-1,234,235,236,-1,236,235,237,-1,236,237,238,-1,238,237,239,-1,238,239,240,-1,240,239,241,-1,240,241,242,-1,242,241,243,-1,242,243,244,-1,244,243,245,-1,246,247,248,-1,248,247,249,-1,248,249,250,-1,250,249,251,-1,250,251,252,-1,252,251,253,-1,252,253,254,-1,254,253,255,-1,254,255,256,-1,256,255,257,-1,256,257,258,-1,258,257,259,-1,258,259,260,-1,260,259,261,-1,262,263,264,-1,264,263,265,-1,264,265,266,-1,266,265,267,-1,266,267,268,-1,268,267,269,-1,268,269,270,-1,270,269,271,-1,270,271,272,-1,272,271,273,-1,272,273,274,-1,274,273,275,-1,276,277,278,-1,278,277,279,-1,278,279,280,-1,280,279,281,-1,280,281,282,-1,282,281,283,-1,282,283,284,-1,284,283,285,-1,284,285,286,-1,286,285,287,-1,286,287,288,-1,288,287,289,-1,290,291,292,-1,292,291,293,-1,292,293,294,-1,294,293,295,-1,294,295,296,-1,296,295,297,-1,296,297,298,-1,298,297,299,-1,298,299,300,-1,300,299,301,-1,300,301,302,-1,302,301,303,-1,304,305,306,-1,306,305,307,-1,306,307,308,-1,308,307,309,-1,308,309,310,-1,310,309,311,-1,310,311,312,-1,312,311,313,-1,312,313,314,-1,314,313,315,-1,314,315,316,-1,316,315,317,-1,318,319,320,-1,318,320,321,-1,321,320,322,-1,321,322,323,-1,323,322,324,-1,323,324,325,-1,325,324,326,-1,325,326,327,-1,327,326,328,-1,327,328,329,-1,329,328,330,-1,329,330,331,-1,332,333,334,-1,334,333,335,-1,334,335,336,-1,336,335,337,-1,336,337,338,-1,338,337,339,-1,338,339,340,-1,340,339,341,-1,340,341,342,-1,342,341,343,-1,342,343,344,-1,344,343,345,-1,346,347,348,-1,348,347,349,-1,348,349,350,-1,350,349,351,-1,350,351,352,-1,352,351,353,-1,352,353,354,-1,354,353,355,-1,354,355,356,-1,356,355,357,-1,356,357,358,-1,358,357,359,-1,358,359,360,-1,360,359,361,-1,362,363,364,-1,364,363,365,-1,364,365,366,-1,366,365,367,-1,366,367,368,-1,368,367,369,-1,368,369,370,-1,370,369,371,-1,370,371,372,-1,372,371,373,-1,372,373,374,-1,374,373,375,-1,374,375,376,-1,376,375,377,-1,378,379,380,-1,380,379,381,-1,380,381,382,-1,382,381,383,-1,382,383,384,-1,384,383,385,-1,384,385,386,-1,386,385,387,-1,386,387,388,-1,388,387,389,-1,388,389,390,-1,390,389,391,-1,390,391,392,-1,392,391,393,-1,394,395,396,-1,396,395,397,-1,396,397,398,-1,398,397,399,-1,398,399,400,-1,400,399,401,-1,400,401,402,-1,402,401,403,-1,402,403,404,-1,404,403,405,-1,404,405,406,-1,406,405,407,-1,406,407,408,-1,408,407,409,-1,410,411,412,-1,412,411,413,-1,412,413,414,-1,414,413,415,-1,414,415,416,-1,416,415,417,-1,416,417,418,-1,418,417,419,-1,418,419,420,-1,420,419,421,-1,420,421,422,-1,422,421,423,-1,424,425,426,-1,426,425,427,-1,426,427,428,-1,428,427,429,-1,428,429,430,-1,430,429,431,-1,430,431,432,-1,432,431,433,-1,432,433,434,-1,434,433,435,-1,434,435,436,-1,436,435,437,-1,438,439,440,-1,440,439,441,-1,440,441,442,-1,442,441,443,-1,442,443,444,-1,444,443,445,-1,444,445,446,-1,446,445,447,-1,446,447,448,-1,448,447,449,-1,448,449,450,-1,450,449,451,-1,452,453,454,-1,452,454,455,-1,455,454,456,-1,455,456,457,-1,457,456,458,-1,457,458,459,-1,459,458,460,-1,459,460,461,-1,461,460,462,-1,461,462,463,-1,463,462,464,-1,463,464,465,-1,466,467,468,-1,468,467,469,-1,468,469,470,-1,470,469,471,-1,470,471,472,-1,472,471,473,-1,472,473,474,-1,474,473,475,-1,474,475,476,-1,476,475,477,-1,476,477,478,-1,478,477,479,-1,480,481,482,-1,482,481,483,-1,482,483,484,-1,484,483,485,-1,484,485,486,-1,486,485,487,-1,486,487,488,-1,488,487,489,-1,488,489,490,-1,490,489,491,-1,490,491,492,-1,492,491,493,-1,494,495,496,-1,496,495,497,-1,496,497,498,-1,498,497,499,-1,498,499,500,-1,500,499,501,-1,500,501,502,-1,502,501,503,-1,502,503,504,-1,504,503,505,-1,504,505,506,-1,506,505,507,-1,506,507,508,-1,508,507,509,-1,510,511,512,-1,512,511,513,-1,512,513,514,-1,514,513,515,-1,514,515,516,-1,516,515,517,-1,516,517,518,-1,518,517,519,-1,518,519,520,-1,520,519,521,-1,520,521,522,-1,522,521,523,-1,524,525,526,-1,526,525,527,-1,526,527,528,-1,528,527,529,-1,528,529,530,-1,530,529,531,-1,530,531,532,-1,532,531,533,-1,532,533,534,-1,534,533,535,-1,534,535,536,-1,536,535,537,-1,536,537,538,-1,538,537,539,-1,540,541,542,-1,542,541,543,-1,542,543,544,-1,544,543,545,-1,544,545,546,-1,546,545,547,-1,546,547,548,-1,548,547,549,-1,548,549,550,-1,550,549,551,-1,550,551,552,-1,552,551,553,-1,554,555,556,-1,556,555,557,-1,556,557,558,-1,558,557,559,-1,558,559,560,-1,560,559,561,-1,560,561,562,-1,562,561,563,-1,562,563,564,-1,564,563,565,-1,564,565,566,-1,566,565,567,-1,566,567,568,-1,568,567,569,-1,570,571,572,-1,572,571,573,-1,572,573,574,-1,574,573,575,-1,574,575,576,-1,576,575,577,-1,576,577,578,-1,578,577,579,-1,578,579,580,-1,580,579,581,-1,580,581,582,-1,582,581,583,-1,
        ]
    }
}
Shape{
    appearance Appearance {
        material  Material 	{
            diffuseColor 0.25098039215686274 0.25098039215686274 0.25098039215686274
            specularColor 0.12549019607843137 0.12549019607843137 0.12549019607843137
            ambientIntensity 0.251
            transparency 0.0
            shininess 0.5
        }
    }
    geometry IndexedFaceSet {
        ccw TRUE
        solid FALSE
        coord DEF co Coordinate {
            point [
                0.8661 -1.3287 0.2933, 0.8661 -1.3287 0.0039, 0.8712 -1.3281 0.0039, 0.8712 -1.3281 0.2933, 0.876 -1.3261 0.0039, 0.876 -1.3261 0.2933, 0.8801 -1.323 0.0039, 0.8801 -1.323 0.2933, 0.8832 -1.3189 0.0039, 0.8832 -1.3189 0.2933, 0.8852 -1.3141 0.0039, 0.8852 -1.3141 0.2933, 0.8858 -1.3091 0.0039, 0.8858 -1.3091 0.2933, -0.8858 -1.3091 0.2933, -0.8858 -1.3091 0.0039, -0.8852 -1.3141 0.0039, -0.8852 -1.3141 0.2933, -0.8832 -1.3189 0.0039, -0.8832 -1.3189 0.2933, -0.8801 -1.323 0.0039, -0.8801 -1.323 0.2933, -0.876 -1.3261 0.0039, -0.876 -1.3261 0.2933, -0.8712 -1.3281 0.0039, -0.8712 -1.3281 0.2933, -0.8661 -1.3287 0.0039, -0.8661 -1.3287 0.2933, 0.8858 0.8169 0.2933, 0.8858 0.8169 0.0039, 0.8852 0.822 0.0039, 0.8852 0.822 0.2933, 0.8832 0.8268 0.0039, 0.8832 0.8268 0.2933, 0.8801 0.8309 0.0039, 0.8801 0.8309 0.2933, 0.876 0.834 0.0039, 0.876 0.834 0.2933, 0.8712 0.8359 0.0039, 0.8712 0.8359 0.2933, 0.8661 0.8366 0.0039, 0.8661 0.8366 0.2933, -0.8661 0.8366 0.2933, -0.8661 0.8366 0.0039, -0.8705 0.8361 0.0039, -0.8705 0.8361 0.2933, -0.8747 0.8347 0.0039, -0.8747 0.8347 0.2933, -0.8784 0.8323 0.0039, -0.8784 0.8323 0.2933, -0.8815 0.8292 0.0039, -0.8815 0.8292 0.2933, -0.8839 0.8255 0.0039, -0.8839 0.8255 0.2933, -0.8853 0.8213 0.0039, -0.8853 0.8213 0.2933, -0.8858 0.8169 0.0039, -0.8858 0.8169 0.2933, -0.1575 0.6366 0.3091, -0.1575 -0.3301 0.3091, -0.1575 0.6366 0.313, -0.1575 -0.3301 0.313, -0.748 -0.3301 0.3091, -0.748 -0.3301 0.313, -0.748 0.6366 0.3091, -0.748 0.6366 0.313, 0.748 0.6595 0.3091, 0.748 -0.3248 0.3091, 0.748 0.6595 0.313, 0.748 -0.3248 0.313, 0.1575 -0.3248 0.3091, 0.1575 -0.3248 0.313, 0.1575 0.6595 0.3091, 0.1575 0.6595 0.313, 0.8661 0.8359 0.2984, 0.8711 0.8353 0.2984, 0.8711 0.8255 0.3104, 0.8687 0.8213 0.3123, 0.8697 0.8205 0.3123, 0.8661 0.8169 0.313, 0.8712 0.8169 0.3123, 0.8711 0.8183 0.3123, 0.8675 0.8219 0.3123, 0.8687 0.8264 0.3104, 0.8697 0.8304 0.3072, 0.8661 0.822 0.3123, 0.8731 0.8239 0.3104, 0.8706 0.8195 0.3123, 0.8747 0.8219 0.3104, 0.8756 0.8195 0.3104, 0.876 0.8169 0.3104, 0.8661 0.8268 0.3104, 0.8661 0.8309 0.3072, 0.8661 0.834 0.3031, 0.8731 0.829 0.3072, 0.876 0.8268 0.3072, 0.8782 0.8239 0.3072, 0.8796 0.8205 0.3072, 0.8801 0.8169 0.3072, 0.8706 0.8334 0.3031, 0.8747 0.8317 0.3031, 0.8782 0.829 0.3031, 0.8809 0.8255 0.3031, 0.8826 0.8213 0.3031, 0.8832 0.8169 0.3031, 0.8756 0.8334 0.2984, 0.8796 0.8304 0.2984, 0.8826 0.8264 0.2984, 0.8845 0.8219 0.2984, 0.8852 0.8169 0.2984, -0.8661 0.8169 0.313, -0.8661 0.822 0.3123, -0.8661 0.8268 0.3104, -0.8661 0.8309 0.3072, -0.8661 0.834 0.3031, -0.8661 0.8359 0.2984, 0.8661 -1.3091 0.313, 0.8712 -1.3091 0.3123, 0.876 -1.3091 0.3104, 0.8801 -1.3091 0.3072, 0.8832 -1.3091 0.3031, 0.8852 -1.3091 0.2984, -0.8738 0.8231 0.3104, -0.8701 0.8201 0.3123, -0.8693 0.8209 0.3123, -0.8673 0.8219 0.3123, -0.8684 0.8215 0.3123, -0.8707 0.8191 0.3123, -0.875 0.8212 0.3104, -0.8787 0.823 0.3072, -0.8711 0.8181 0.3123, -0.8723 0.8246 0.3104, -0.8704 0.8258 0.3104, -0.8683 0.8265 0.3104, -0.8757 0.8191 0.3104, -0.8797 0.82 0.3072, -0.8828 0.8207 0.3031, -0.8712 0.8169 0.3123, -0.877 0.8256 0.3072, -0.8748 0.8278 0.3072, -0.8722 0.8295 0.3072, -0.8692 0.8305 0.3072, -0.876 0.8169 0.3104, -0.8801 0.8169 0.3072, -0.8832 0.8169 0.3031, -0.8852 0.8169 0.2984, -0.8815 0.8243 0.3031, -0.8795 0.8276 0.3031, -0.8768 0.8303 0.3031, -0.8735 0.8323 0.3031, -0.8699 0.8336 0.3031, -0.8847 0.8212 0.2984, -0.8833 0.8252 0.2984, -0.881 0.8288 0.2984, -0.878 0.8318 0.2984, -0.8744 0.8341 0.2984, -0.8704 0.8355 0.2984, 0.8845 -1.314 0.2984, 0.8747 -1.314 0.3104, 0.8706 -1.3116 0.3123, 0.8697 -1.3127 0.3123, 0.8661 -1.3141 0.3123, 0.8675 -1.314 0.3123, 0.8711 -1.3104 0.3123, 0.8756 -1.3116 0.3104, 0.8796 -1.3127 0.3072, 0.8731 -1.316 0.3104, 0.8687 -1.3135 0.3123, 0.8711 -1.3176 0.3104, 0.8687 -1.3186 0.3104, 0.8661 -1.3189 0.3104, 0.8782 -1.316 0.3072, 0.876 -1.3189 0.3072, 0.8731 -1.3211 0.3072, 0.8697 -1.3225 0.3072, 0.8661 -1.323 0.3072, 0.8826 -1.3135 0.3031, 0.8809 -1.3176 0.3031, 0.8782 -1.3211 0.3031, 0.8747 -1.3238 0.3031, 0.8706 -1.3255 0.3031, 0.8661 -1.3261 0.3031, 0.8826 -1.3186 0.2984, 0.8796 -1.3225 0.2984, 0.8756 -1.3255 0.2984, 0.8711 -1.3274 0.2984, 0.8661 -1.3281 0.2984, -0.8661 -1.3091 0.313, -0.8712 -1.3091 0.3123, -0.876 -1.3091 0.3104, -0.8801 -1.3091 0.3072, -0.8832 -1.3091 0.3031, -0.8852 -1.3091 0.2984, -0.8661 -1.3141 0.3123, -0.8661 -1.3189 0.3104, -0.8661 -1.323 0.3072, -0.8661 -1.3261 0.3031, -0.8661 -1.3281 0.2984, -0.8711 -1.3274 0.2984, -0.8711 -1.3176 0.3104, -0.8687 -1.3135 0.3123, -0.8697 -1.3127 0.3123, -0.8711 -1.3104 0.3123, -0.8675 -1.314 0.3123, -0.8687 -1.3186 0.3104, -0.8697 -1.3225 0.3072, -0.8731 -1.316 0.3104, -0.8706 -1.3116 0.3123, -0.8747 -1.314 0.3104, -0.8756 -1.3116 0.3104, -0.8731 -1.3211 0.3072, -0.876 -1.3189 0.3072, -0.8782 -1.316 0.3072, -0.8796 -1.3127 0.3072, -0.8706 -1.3255 0.3031, -0.8747 -1.3238 0.3031, -0.8782 -1.3211 0.3031, -0.8809 -1.3176 0.3031, -0.8826 -1.3135 0.3031, -0.8756 -1.3255 0.2984, -0.8796 -1.3225 0.2984, -0.8826 -1.3186 0.2984, -0.8845 -1.314 0.2984, -0.7205 0.7289 0.3012, -0.7205 0.7289 0.313, -0.7225 0.7442 0.3012, -0.7225 0.7442 0.313, -0.7284 0.7585 0.3012, -0.7284 0.7585 0.313, -0.7378 0.7707 0.3012, -0.7378 0.7707 0.313, -0.75 0.7801 0.3012, -0.75 0.7801 0.313, -0.7643 0.786 0.3012, -0.7643 0.786 0.313, -0.7796 0.788 0.3012, -0.7796 0.788 0.313, -0.7949 0.786 0.3012, -0.7949 0.786 0.313, -0.8091 0.7801 0.3012, -0.8091 0.7801 0.313, -0.8213 0.7707 0.3012, -0.8213 0.7707 0.313, -0.8307 0.7585 0.3012, -0.8307 0.7585 0.313, -0.8366 0.7442 0.3012, -0.8366 0.7442 0.313, -0.8386 0.7289 0.3012, -0.8386 0.7289 0.313, -0.8366 0.7137 0.3012, -0.8366 0.7137 0.313, -0.8307 0.6994 0.3012, -0.8307 0.6994 0.313, -0.8213 0.6872 0.3012, -0.8213 0.6872 0.313, -0.8091 0.6778 0.3012, -0.8091 0.6778 0.313, -0.7949 0.6719 0.3012, -0.7949 0.6719 0.313, -0.7796 0.6699 0.3012, -0.7796 0.6699 0.313, -0.7643 0.6719 0.3012, -0.7643 0.6719 0.313, -0.75 0.6778 0.3012, -0.75 0.6778 0.313, -0.7378 0.6872 0.3012, -0.7378 0.6872 0.313, -0.7284 0.6994 0.3012, -0.7284 0.6994 0.313, -0.7225 0.7137 0.3012, -0.7225 0.7137 0.313
            ]
        }
        coordIndex [
            0,1,2,-1,0,2,3,-1,3,2,4,-1,3,4,5,-1,5,4,6,-1,5,6,7,-1,7,6,8,-1,7,8,9,-1,9,8,10,-1,9,10,11,-1,11,10,12,-1,11,12,13,-1,14,15,16,-1,14,16,17,-1,17,16,18,-1,17,18,19,-1,19,18,20,-1,19,20,21,-1,21,20,22,-1,21,22,23,-1,23,22,24,-1,23,24,25,-1,25,24,26,-1,25,26,27,-1,28,29,30,-1,28,30,31,-1,31,30,32,-1,31,32,33,-1,33,32,34,-1,33,34,35,-1,35,34,36,-1,35,36,37,-1,37,36,38,-1,37,38,39,-1,39,38,40,-1,39,40,41,-1,42,43,44,-1,42,44,45,-1,45,44,46,-1,45,46,47,-1,47,46,48,-1,47,48,49,-1,49,48,50,-1,49,50,51,-1,51,50,52,-1,51,52,53,-1,53,52,54,-1,53,54,55,-1,55,54,56,-1,55,56,57,-1,58,59,60,-1,60,59,61,-1,59,62,61,-1,61,62,63,-1,62,64,63,-1,63,64,65,-1,64,58,65,-1,65,58,60,-1,64,62,58,-1,58,62,59,-1,66,67,68,-1,68,67,69,-1,67,70,69,-1,69,70,71,-1,70,72,71,-1,71,72,73,-1,72,66,73,-1,73,66,68,-1,72,70,66,-1,66,70,67,-1,41,74,75,-1,76,77,78,-1,79,80,81,-1,78,77,79,-1,82,79,77,-1,82,77,83,-1,83,77,76,-1,83,76,84,-1,85,79,82,-1,86,87,88,-1,88,87,81,-1,88,81,89,-1,89,81,80,-1,89,80,90,-1,85,82,91,-1,91,82,83,-1,91,83,92,-1,92,83,84,-1,92,84,93,-1,94,86,95,-1,95,86,88,-1,95,88,96,-1,96,88,89,-1,96,89,97,-1,97,89,90,-1,97,90,98,-1,99,94,100,-1,100,94,95,-1,100,95,101,-1,101,95,96,-1,101,96,102,-1,102,96,97,-1,102,97,103,-1,103,97,98,-1,103,98,104,-1,74,99,75,-1,75,99,100,-1,75,100,105,-1,105,100,101,-1,105,101,106,-1,106,101,102,-1,106,102,107,-1,107,102,103,-1,107,103,108,-1,108,103,104,-1,108,104,109,-1,41,75,39,-1,39,75,105,-1,39,105,37,-1,37,105,106,-1,37,106,35,-1,35,106,107,-1,35,107,33,-1,33,107,108,-1,33,108,31,-1,31,108,109,-1,31,109,28,-1,87,79,81,-1,74,93,99,-1,99,93,84,-1,99,84,94,-1,94,84,76,-1,94,76,86,-1,86,76,78,-1,86,78,87,-1,87,78,79,-1,110,79,85,-1,110,85,111,-1,111,85,91,-1,111,91,112,-1,112,91,92,-1,112,92,113,-1,113,92,93,-1,113,93,114,-1,114,93,74,-1,114,74,115,-1,115,74,41,-1,115,41,42,-1,79,116,117,-1,79,117,80,-1,80,117,118,-1,80,118,90,-1,90,118,119,-1,90,119,98,-1,98,119,120,-1,98,120,104,-1,104,120,121,-1,104,121,109,-1,109,121,13,-1,109,13,28,-1,122,123,124,-1,110,125,126,-1,111,125,110,-1,124,123,110,-1,127,110,123,-1,127,123,128,-1,128,123,122,-1,128,122,129,-1,130,110,127,-1,131,126,132,-1,132,126,125,-1,132,125,133,-1,133,125,111,-1,133,111,112,-1,130,127,134,-1,134,127,128,-1,134,128,135,-1,135,128,129,-1,135,129,136,-1,137,110,130,-1,138,131,139,-1,139,131,132,-1,139,132,140,-1,140,132,133,-1,140,133,141,-1,141,133,112,-1,141,112,113,-1,137,130,142,-1,142,130,134,-1,142,134,143,-1,143,134,135,-1,143,135,144,-1,144,135,136,-1,144,136,145,-1,146,138,147,-1,147,138,139,-1,147,139,148,-1,148,139,140,-1,148,140,149,-1,149,140,141,-1,149,141,150,-1,150,141,113,-1,150,113,114,-1,151,146,152,-1,152,146,147,-1,152,147,153,-1,153,147,148,-1,153,148,154,-1,154,148,149,-1,154,149,155,-1,155,149,150,-1,155,150,156,-1,156,150,114,-1,156,114,115,-1,57,151,55,-1,55,151,152,-1,55,152,53,-1,53,152,153,-1,53,153,51,-1,51,153,154,-1,51,154,49,-1,49,154,155,-1,49,155,47,-1,47,155,156,-1,47,156,45,-1,45,156,115,-1,45,115,42,-1,57,145,151,-1,151,145,136,-1,151,136,146,-1,146,136,129,-1,146,129,138,-1,138,129,122,-1,138,122,131,-1,131,122,124,-1,131,124,126,-1,126,124,110,-1,13,121,157,-1,158,159,160,-1,116,161,162,-1,160,159,116,-1,163,116,159,-1,163,159,164,-1,164,159,158,-1,164,158,165,-1,117,116,163,-1,166,167,168,-1,168,167,162,-1,168,162,169,-1,169,162,161,-1,169,161,170,-1,117,163,118,-1,118,163,164,-1,118,164,119,-1,119,164,165,-1,119,165,120,-1,171,166,172,-1,172,166,168,-1,172,168,173,-1,173,168,169,-1,173,169,174,-1,174,169,170,-1,174,170,175,-1,176,171,177,-1,177,171,172,-1,177,172,178,-1,178,172,173,-1,178,173,179,-1,179,173,174,-1,179,174,180,-1,180,174,175,-1,180,175,181,-1,121,176,157,-1,157,176,177,-1,157,177,182,-1,182,177,178,-1,182,178,183,-1,183,178,179,-1,183,179,184,-1,184,179,180,-1,184,180,185,-1,185,180,181,-1,185,181,186,-1,13,157,11,-1,11,157,182,-1,11,182,9,-1,9,182,183,-1,9,183,7,-1,7,183,184,-1,7,184,5,-1,5,184,185,-1,5,185,3,-1,3,185,186,-1,3,186,0,-1,167,116,162,-1,121,120,176,-1,176,120,165,-1,176,165,171,-1,171,165,158,-1,171,158,166,-1,166,158,160,-1,166,160,167,-1,167,160,116,-1,187,110,137,-1,187,137,188,-1,188,137,142,-1,188,142,189,-1,189,142,143,-1,189,143,190,-1,190,143,144,-1,190,144,191,-1,191,144,145,-1,191,145,192,-1,192,145,57,-1,192,57,14,-1,116,187,193,-1,116,193,161,-1,161,193,194,-1,161,194,170,-1,170,194,195,-1,170,195,175,-1,175,195,196,-1,175,196,181,-1,181,196,197,-1,181,197,186,-1,186,197,27,-1,186,27,0,-1,27,197,198,-1,199,200,201,-1,187,188,202,-1,201,200,187,-1,203,187,200,-1,203,200,204,-1,204,200,199,-1,204,199,205,-1,193,187,203,-1,206,207,208,-1,208,207,202,-1,208,202,209,-1,209,202,188,-1,209,188,189,-1,193,203,194,-1,194,203,204,-1,194,204,195,-1,195,204,205,-1,195,205,196,-1,210,206,211,-1,211,206,208,-1,211,208,212,-1,212,208,209,-1,212,209,213,-1,213,209,189,-1,213,189,190,-1,214,210,215,-1,215,210,211,-1,215,211,216,-1,216,211,212,-1,216,212,217,-1,217,212,213,-1,217,213,218,-1,218,213,190,-1,218,190,191,-1,197,214,198,-1,198,214,215,-1,198,215,219,-1,219,215,216,-1,219,216,220,-1,220,216,217,-1,220,217,221,-1,221,217,218,-1,221,218,222,-1,222,218,191,-1,222,191,192,-1,27,198,25,-1,25,198,219,-1,25,219,23,-1,23,219,220,-1,23,220,21,-1,21,220,221,-1,21,221,19,-1,19,221,222,-1,19,222,17,-1,17,222,192,-1,17,192,14,-1,207,187,202,-1,197,196,214,-1,214,196,205,-1,214,205,210,-1,210,205,199,-1,210,199,206,-1,206,199,201,-1,206,201,207,-1,207,201,187,-1,223,224,225,-1,225,224,226,-1,225,226,227,-1,227,226,228,-1,227,228,229,-1,229,228,230,-1,229,230,231,-1,231,230,232,-1,231,232,233,-1,233,232,234,-1,233,234,235,-1,235,234,236,-1,235,236,237,-1,237,236,238,-1,237,238,239,-1,239,238,240,-1,239,240,241,-1,241,240,242,-1,241,242,243,-1,243,242,244,-1,243,244,245,-1,245,244,246,-1,245,246,247,-1,247,246,248,-1,247,248,249,-1,249,248,250,-1,249,250,251,-1,251,250,252,-1,251,252,253,-1,253,252,254,-1,253,254,255,-1,255,254,256,-1,255,256,257,-1,257,256,258,-1,257,258,259,-1,259,258,260,-1,259,260,261,-1,261,260,262,-1,261,262,263,-1,263,262,264,-1,263,264,265,-1,265,264,266,-1,265,266,267,-1,267,266,268,-1,267,268,269,-1,269,268,270,-1,269,270,223,-1,223,270,224,-1,
        ]
    }
}
Shape{
    appearance Appearance {
        material  Material 	{
            diffuseColor 0.7529411764705882 0.7529411764705882 0.7529411764705882
            specularColor 0.3764705882352941 0.3764705882352941 0.3764705882352941
            ambientIntensity 0.7529
            transparency 0.0
            shininess 0.5
        }
    }
    geometry IndexedFaceSet {
        ccw TRUE
        solid FALSE
        coord DEF co Coordinate {
            point [
                -0.7284 0.6994 0.3012, -0.7225 0.7137 0.3012, -0.7796 0.7289 0.3012, -0.7205 0.7289 0.3012, -0.7225 0.7442 0.3012, -0.7643 0.6719 0.3012, -0.75 0.6778 0.3012, -0.7378 0.6872 0.3012, -0.8091 0.6778 0.3012, -0.7949 0.6719 0.3012, -0.7796 0.6699 0.3012, -0.8366 0.7137 0.3012, -0.8307 0.6994 0.3012, -0.8213 0.6872 0.3012, -0.8307 0.7585 0.3012, -0.8366 0.7442 0.3012, -0.8386 0.7289 0.3012, -0.7949 0.786 0.3012, -0.8091 0.7801 0.3012, -0.8213 0.7707 0.3012, -0.75 0.7801 0.3012, -0.7643 0.786 0.3012, -0.7796 0.788 0.3012, -0.7284 0.7585 0.3012, -0.7378 0.7707 0.3012, -0.0295 -1.2795 0.0551, -0.0295 -1.2795 0.0, 0.0886 -1.2795 0.0551, 0.0886 -1.2795 0.0, 0.3543 -1.2795 0.0, 0.3543 -1.2795 0.0551, 0.1673 -1.2795 0.0, 0.1673 -1.2795 0.0551, -0.2264 -1.2795 0.0551, -0.2264 -1.2795 0.0, -0.1083 -1.2795 0.0551, -0.1083 -1.2795 0.0, -0.3543 -1.2795 0.0551, -0.3543 -1.2795 0.0, -0.3051 -1.2795 0.0551, -0.3051 -1.2795 0.0, -0.3594 -1.2789 0.0551, -0.3594 -1.2789 0.0, -0.3642 -1.2769 0.0551, -0.3642 -1.2769 0.0, -0.3683 -1.2738 0.0551, -0.3683 -1.2738 0.0, -0.3714 -1.2697 0.0551, -0.3714 -1.2697 0.0, -0.3733 -1.2649 0.0551, -0.3733 -1.2649 0.0, -0.374 -1.2598 0.0551, -0.374 -1.2598 0.0, -0.374 -0.1591 0.0, -0.374 -0.1591 0.0551, -0.3733 -0.154 0.0551, -0.3733 -0.154 0.0, -0.3714 -0.1492 0.0551, -0.3714 -0.1492 0.0, -0.3683 -0.1451 0.0551, -0.3683 -0.1451 0.0, -0.3642 -0.142 0.0551, -0.3642 -0.142 0.0, -0.3594 -0.14 0.0551, -0.3594 -0.14 0.0, -0.3543 -0.1394 0.0551, -0.3543 -0.1394 0.0, 0.3543 -0.1394 0.0, 0.3543 -0.1394 0.0551, 0.3594 -0.14 0.0551, 0.3594 -0.14 0.0, 0.3642 -0.142 0.0551, 0.3642 -0.142 0.0, 0.3683 -0.1451 0.0551, 0.3683 -0.1451 0.0, 0.3714 -0.1492 0.0551, 0.3714 -0.1492 0.0, 0.3733 -0.154 0.0551, 0.3733 -0.154 0.0, 0.374 -0.1591 0.0551, 0.374 -0.1591 0.0, 0.374 -1.2598 0.0, 0.374 -1.2598 0.0551, 0.3733 -1.2649 0.0551, 0.3733 -1.2649 0.0, 0.3714 -1.2697 0.0551, 0.3714 -1.2697 0.0, 0.3683 -1.2738 0.0551, 0.3683 -1.2738 0.0, 0.3642 -1.2769 0.0551, 0.3642 -1.2769 0.0, 0.3594 -1.2789 0.0551, 0.3594 -1.2789 0.0, -0.2308 -1.2896 0.0, -0.3007 -1.2896 0.0, 0.1673 -1.2795 0.0, 0.1629 -1.2896 0.0, 0.093 -1.2896 0.0, -0.034 -1.2896 0.0, -0.1038 -1.2896 0.0, -0.2264 -1.2795 0.0551, 0.0925 -1.3287 0.0551, 0.1634 -1.3287 0.0551, 0.1603 -1.3164 0.0551, 0.1623 -1.2912 0.0551, 0.1673 -1.2795 0.0551, 0.0936 -1.2912 0.0551, -0.1043 -1.3287 0.0551, -0.0335 -1.3287 0.0551, -0.1013 -1.3164 0.0551, -0.0365 -1.3164 0.0551, -0.1009 -1.3037 0.0551, -0.0369 -1.3037 0.0551, -0.1033 -1.2912 0.0551, -0.0295 -1.2795 0.0551, -0.3012 -1.3287 0.0551, -0.2303 -1.3287 0.0551, -0.2981 -1.3164 0.0551, -0.2334 -1.3164 0.0551, -0.2978 -1.3037 0.0551, -0.2337 -1.3037 0.0551, -0.3001 -1.2912 0.0551, -0.2314 -1.2912 0.0551, 0.16 -1.3037 0.0551, 0.0959 -1.3037 0.0551, 0.0956 -1.3164 0.0551, -0.0345 -1.2912 0.0551, -0.3012 -1.3287 0.0433, -0.2997 -1.3241 0.043, -0.2986 -1.3194 0.0422, -0.2976 -1.3106 0.0389, -0.2981 -1.3164 0.0413, -0.3001 -1.2912 0.015, -0.2999 -1.2921 0.0184, -0.2988 -1.2966 0.0267, -0.2978 -1.3029 0.0336, -0.2978 -1.3037 0.0342, -0.3051 -1.2795 0.0551, -0.3051 -1.2795 0.0, -0.3006 -1.2897 0.0094, -0.2303 -1.3287 0.0433, -0.2264 -1.2795 0.0, -0.2327 -1.2966 0.0267, -0.2316 -1.2921 0.0184, -0.2314 -1.2912 0.015, -0.2309 -1.2897 0.0094, -0.2337 -1.3037 0.0342, -0.2337 -1.3029 0.0336, -0.2318 -1.3241 0.043, -0.2328 -1.3195 0.042, -0.2334 -1.3164 0.0413, -0.2339 -1.3106 0.0389, -0.1043 -1.3287 0.0433, -0.1028 -1.3241 0.043, -0.1018 -1.3194 0.0422, -0.1008 -1.3106 0.0389, -0.1013 -1.3164 0.0413, -0.1033 -1.2912 0.015, -0.103 -1.2921 0.0184, -0.1019 -1.2966 0.0267, -0.101 -1.3029 0.0336, -0.101 -1.3037 0.0342, -0.1083 -1.2795 0.0551, -0.1083 -1.2795 0.0, -0.1037 -1.2897 0.0094, -0.0335 -1.3287 0.0433, -0.0295 -1.2795 0.0, -0.0359 -1.2966 0.0267, -0.0348 -1.2921 0.0184, -0.0345 -1.2912 0.015, -0.034 -1.2897 0.0094, -0.0368 -1.3037 0.0342, -0.0368 -1.3029 0.0336, -0.035 -1.3241 0.043, -0.0359 -1.3195 0.042, -0.0365 -1.3164 0.0413, -0.037 -1.3106 0.0389, 0.0925 -1.3287 0.0433, 0.094 -1.3241 0.043, 0.0951 -1.3194 0.0422, 0.0961 -1.3106 0.0389, 0.0956 -1.3164 0.0413, 0.0936 -1.2912 0.015, 0.0938 -1.2921 0.0184, 0.0949 -1.2966 0.0267, 0.0959 -1.3029 0.0336, 0.0959 -1.3037 0.0342, 0.0886 -1.2795 0.0551, 0.0886 -1.2795 0.0, 0.0931 -1.2897 0.0094, 0.1634 -1.3287 0.0433, 0.161 -1.2966 0.0267, 0.1621 -1.2921 0.0184, 0.1623 -1.2912 0.015, 0.1628 -1.2897 0.0094, 0.16 -1.3037 0.0342, 0.16 -1.3029 0.0336, 0.1619 -1.3241 0.043, 0.1609 -1.3195 0.042, 0.1603 -1.3164 0.0413, 0.1598 -1.3106 0.0389
            ]
        }
        coordIndex [
            0,1,2,-1,2,1,3,-1,2,3,4,-1,5,6,2,-1,2,6,7,-1,2,7,0,-1,8,9,2,-1,2,9,10,-1,2,10,5,-1,11,12,2,-1,2,12,13,-1,2,13,8,-1,14,15,2,-1,2,15,16,-1,2,16,11,-1,17,18,2,-1,2,18,19,-1,2,19,14,-1,20,21,2,-1,2,21,22,-1,2,22,17,-1,4,23,2,-1,2,23,24,-1,2,24,20,-1,25,26,27,-1,27,26,28,-1,29,30,31,-1,31,30,32,-1,33,34,35,-1,35,34,36,-1,37,38,39,-1,39,38,40,-1,38,37,41,-1,38,41,42,-1,42,41,43,-1,42,43,44,-1,44,43,45,-1,44,45,46,-1,46,45,47,-1,46,47,48,-1,48,47,49,-1,48,49,50,-1,50,49,51,-1,50,51,52,-1,53,52,54,-1,54,52,51,-1,53,54,55,-1,53,55,56,-1,56,55,57,-1,56,57,58,-1,58,57,59,-1,58,59,60,-1,60,59,61,-1,60,61,62,-1,62,61,63,-1,62,63,64,-1,64,63,65,-1,64,65,66,-1,67,66,68,-1,68,66,65,-1,67,68,69,-1,67,69,70,-1,70,69,71,-1,70,71,72,-1,72,71,73,-1,72,73,74,-1,74,73,75,-1,74,75,76,-1,76,75,77,-1,76,77,78,-1,78,77,79,-1,78,79,80,-1,81,80,82,-1,82,80,79,-1,81,82,83,-1,81,83,84,-1,84,83,85,-1,84,85,86,-1,86,85,87,-1,86,87,88,-1,88,87,89,-1,88,89,90,-1,90,89,91,-1,90,91,92,-1,92,91,30,-1,92,30,29,-1,34,93,94,-1,53,80,52,-1,52,80,40,-1,52,40,38,-1,44,46,48,-1,92,29,81,-1,81,29,95,-1,81,95,80,-1,96,97,95,-1,95,97,28,-1,95,28,80,-1,80,28,26,-1,98,99,26,-1,26,99,36,-1,26,36,80,-1,80,36,34,-1,80,34,40,-1,40,34,94,-1,38,42,52,-1,52,42,44,-1,52,44,50,-1,50,44,48,-1,56,64,53,-1,53,64,66,-1,53,66,80,-1,80,66,67,-1,80,67,70,-1,84,86,88,-1,56,58,64,-1,64,58,60,-1,64,60,62,-1,70,72,80,-1,80,72,74,-1,80,74,78,-1,78,74,76,-1,84,88,81,-1,81,88,90,-1,81,90,92,-1,47,45,43,-1,91,89,87,-1,68,65,54,-1,54,65,63,-1,54,63,55,-1,83,82,100,-1,101,102,103,-1,69,68,79,-1,79,68,54,-1,79,54,39,-1,39,54,51,-1,39,51,37,-1,37,51,41,-1,41,51,43,-1,43,51,49,-1,43,49,47,-1,104,105,106,-1,106,105,27,-1,77,75,73,-1,107,108,109,-1,109,108,110,-1,109,110,111,-1,111,110,112,-1,111,112,113,-1,114,27,87,-1,77,73,79,-1,79,73,71,-1,79,71,69,-1,61,59,63,-1,63,59,57,-1,63,57,55,-1,115,116,117,-1,117,116,118,-1,117,118,119,-1,119,118,120,-1,119,120,121,-1,121,120,122,-1,121,122,39,-1,39,122,100,-1,39,100,79,-1,79,100,82,-1,104,106,123,-1,123,106,124,-1,123,124,103,-1,103,124,125,-1,103,125,101,-1,112,126,113,-1,113,126,114,-1,113,114,35,-1,35,114,87,-1,35,87,100,-1,100,87,85,-1,100,85,83,-1,27,105,87,-1,87,105,30,-1,87,30,91,-1,127,115,128,-1,128,115,117,-1,128,117,129,-1,119,130,117,-1,117,130,131,-1,117,131,129,-1,121,132,133,-1,133,134,121,-1,121,134,135,-1,121,135,119,-1,119,135,136,-1,119,136,130,-1,121,137,132,-1,132,137,138,-1,132,138,139,-1,139,138,94,-1,116,115,140,-1,140,115,127,-1,141,100,122,-1,142,143,122,-1,122,143,144,-1,122,144,141,-1,141,144,145,-1,141,145,93,-1,120,146,122,-1,122,146,147,-1,122,147,142,-1,116,140,118,-1,118,140,148,-1,148,149,118,-1,118,149,150,-1,118,150,120,-1,120,150,151,-1,120,151,146,-1,140,127,148,-1,148,127,128,-1,148,128,149,-1,149,128,129,-1,149,129,150,-1,150,129,131,-1,150,131,151,-1,131,130,151,-1,151,130,136,-1,151,136,146,-1,146,136,135,-1,146,135,147,-1,147,135,134,-1,147,134,142,-1,142,134,133,-1,142,133,143,-1,143,133,144,-1,144,133,132,-1,144,132,145,-1,132,139,145,-1,145,139,94,-1,145,94,93,-1,152,107,153,-1,153,107,109,-1,153,109,154,-1,111,155,109,-1,109,155,156,-1,109,156,154,-1,113,157,158,-1,158,159,113,-1,113,159,160,-1,113,160,111,-1,111,160,161,-1,111,161,155,-1,113,162,157,-1,157,162,163,-1,157,163,164,-1,164,163,99,-1,108,107,165,-1,165,107,152,-1,166,114,126,-1,167,168,126,-1,126,168,169,-1,126,169,166,-1,166,169,170,-1,166,170,98,-1,112,171,126,-1,126,171,172,-1,126,172,167,-1,108,165,110,-1,110,165,173,-1,173,174,110,-1,110,174,175,-1,110,175,112,-1,112,175,176,-1,112,176,171,-1,165,152,173,-1,173,152,153,-1,173,153,174,-1,174,153,154,-1,174,154,175,-1,175,154,156,-1,175,156,176,-1,156,155,176,-1,176,155,161,-1,176,161,171,-1,171,161,160,-1,171,160,172,-1,172,160,159,-1,172,159,167,-1,167,159,158,-1,167,158,168,-1,168,158,169,-1,169,158,157,-1,169,157,170,-1,157,164,170,-1,170,164,99,-1,170,99,98,-1,177,101,178,-1,178,101,125,-1,178,125,179,-1,124,180,125,-1,125,180,181,-1,125,181,179,-1,106,182,183,-1,183,184,106,-1,106,184,185,-1,106,185,124,-1,124,185,186,-1,124,186,180,-1,106,187,182,-1,182,187,188,-1,182,188,189,-1,189,188,97,-1,102,101,190,-1,190,101,177,-1,95,105,104,-1,191,192,104,-1,104,192,193,-1,104,193,95,-1,95,193,194,-1,95,194,96,-1,123,195,104,-1,104,195,196,-1,104,196,191,-1,102,190,103,-1,103,190,197,-1,197,198,103,-1,103,198,199,-1,103,199,123,-1,123,199,200,-1,123,200,195,-1,190,177,197,-1,197,177,178,-1,197,178,198,-1,198,178,179,-1,198,179,199,-1,199,179,181,-1,199,181,200,-1,181,180,200,-1,200,180,186,-1,200,186,195,-1,195,186,185,-1,195,185,196,-1,196,185,184,-1,196,184,191,-1,191,184,183,-1,191,183,192,-1,192,183,193,-1,193,183,182,-1,193,182,194,-1,182,189,194,-1,194,189,97,-1,194,97,96,-1,
        ]
    }
}